  0
SECTION
  2
HEADER
  9
$ACADVER
  1
AC1027
  9
$ACADMAINTVER
 70
   125
  9
$DWGCODEPAGE
  3
ANSI_1252
  9
$LASTSAVEDBY
  1
Bruno
  9
$REQUIREDVERSIONS
160
                 0
  9
$INSBASE
 10
0.0
 20
0.0
 30
0.0
  9
$EXTMIN
 10
0.0
 20
-653.7870839283787
 30
0.0
  9
$EXTMAX
 10
3231.924583719289
 20
459.0783570229914
 30
0.0
  9
$LIMMIN
 10
0.0
 20
0.0
  9
$LIMMAX
 10
12.0
 20
9.0
  9
$ORTHOMODE
 70
     1
  9
$REGENMODE
 70
     1
  9
$FILLMODE
 70
     1
  9
$QTEXTMODE
 70
     0
  9
$MIRRTEXT
 70
     0
  9
$LTSCALE
 40
1.0
  9
$ATTMODE
 70
     1
  9
$TEXTSIZE
 40
0.2
  9
$TRACEWID
 40
0.05
  9
$TEXTSTYLE
  7
Notes
  9
$CLAYER
  8
0
  9
$CELTYPE
  6
ByLayer
  9
$CECOLOR
 62
   256
  9
$CELTSCALE
 40
1.0
  9
$DISPSILH
 70
     0
  9
$DIMSCALE
 40
1.0
  9
$DIMASZ
 40
3.0
  9
$DIMEXO
 40
1.5
  9
$DIMDLI
 40
6.0
  9
$DIMRND
 40
0.0
  9
$DIMDLE
 40
0.0
  9
$DIMEXE
 40
3.0
  9
$DIMTP
 40
0.0
  9
$DIMTM
 40
0.0
  9
$DIMTXT
 40
3.0
  9
$DIMCEN
 40
3.0
  9
$DIMTSZ
 40
0.0
  9
$DIMTOL
 70
     0
  9
$DIMLIM
 70
     0
  9
$DIMTIH
 70
     0
  9
$DIMTOH
 70
     0
  9
$DIMSE1
 70
     0
  9
$DIMSE2
 70
     0
  9
$DIMTAD
 70
     1
  9
$DIMZIN
 70
     3
  9
$DIMBLK
  1

  9
$DIMASO
 70
     1
  9
$DIMSHO
 70
     1
  9
$DIMPOST
  1

  9
$DIMAPOST
  1

  9
$DIMALT
 70
     0
  9
$DIMALTD
 70
     2
  9
$DIMALTF
 40
25.4
  9
$DIMLFAC
 40
1.0
  9
$DIMTOFL
 70
     0
  9
$DIMTVP
 40
0.0
  9
$DIMTIX
 70
     0
  9
$DIMSOXD
 70
     0
  9
$DIMSAH
 70
     0
  9
$DIMBLK1
  1

  9
$DIMBLK2
  1

  9
$DIMSTYLE
  2
Civil-Metric
  9
$DIMCLRD
 70
     0
  9
$DIMCLRE
 70
     0
  9
$DIMCLRT
 70
     0
  9
$DIMTFAC
 40
1.0
  9
$DIMGAP
 40
2.0
  9
$DIMJUST
 70
     0
  9
$DIMSD1
 70
     0
  9
$DIMSD2
 70
     0
  9
$DIMTOLJ
 70
     1
  9
$DIMTZIN
 70
     0
  9
$DIMALTZ
 70
     0
  9
$DIMALTTZ
 70
     0
  9
$DIMUPT
 70
     0
  9
$DIMDEC
 70
     2
  9
$DIMTDEC
 70
     2
  9
$DIMALTU
 70
     2
  9
$DIMALTTD
 70
     2
  9
$DIMTXSTY
  7
Standard
  9
$DIMAUNIT
 70
     0
  9
$DIMADEC
 70
     2
  9
$DIMALTRND
 40
0.0
  9
$DIMAZIN
 70
     2
  9
$DIMDSEP
 70
    46
  9
$DIMATFIT
 70
     3
  9
$DIMFRAC
 70
     1
  9
$DIMLDRBLK
  1

  9
$DIMLUNIT
 70
     2
  9
$DIMLWD
 70
    -2
  9
$DIMLWE
 70
    -2
  9
$DIMTMOVE
 70
     0
  9
$DIMFXL
 40
1.0
  9
$DIMFXLON
 70
     0
  9
$DIMJOGANG
 40
0.785398163397
  9
$DIMTFILL
 70
     0
  9
$DIMTFILLCLR
 70
     0
  9
$DIMARCSYM
 70
     0
  9
$DIMLTYPE
  6

  9
$DIMLTEX1
  6

  9
$DIMLTEX2
  6

  9
$DIMTXTDIRECTION
 70
     0
  9
$LUNITS
 70
     2
  9
$LUPREC
 70
     4
  9
$SKETCHINC
 40
0.1
  9
$FILLETRAD
 40
2.5
  9
$AUNITS
 70
     4
  9
$AUPREC
 70
     5
  9
$MENU
  1
.
  9
$ELEVATION
 40
0.0
  9
$PELEVATION
 40
0.0
  9
$THICKNESS
 40
0.0
  9
$LIMCHECK
 70
     0
  9
$CHAMFERA
 40
0.0
  9
$CHAMFERB
 40
0.0
  9
$CHAMFERC
 40
0.0
  9
$CHAMFERD
 40
0.0
  9
$SKPOLY
 70
     0
  9
$TDCREATE
 40
2455631.138194445
  9
$TDUCREATE
 40
2455631.263200000
  9
$TDUPDATE
 40
2460956.737719908
  9
$TDUUPDATE
 40
2460956.862719907
  9
$TDINDWG
 40
0.3549324074
  9
$TDUSRTIMER
 40
0.3549320486
  9
$USRTIMER
 70
     1
  9
$ANGBASE
 50
0.0
  9
$ANGDIR
 70
     0
  9
$PDMODE
 70
     0
  9
$PDSIZE
 40
0.0
  9
$PLINEWID
 40
0.0
  9
$SPLFRAME
 70
     0
  9
$SPLINETYPE
 70
     6
  9
$SPLINESEGS
 70
     8
  9
$HANDSEED
  5
CAD008BC
  9
$SURFTAB1
 70
     6
  9
$SURFTAB2
 70
     6
  9
$SURFTYPE
 70
     6
  9
$SURFU
 70
     6
  9
$SURFV
 70
     6
  9
$UCSBASE
  2

  9
$UCSNAME
  2

  9
$UCSORG
 10
0.0
 20
0.0
 30
0.0
  9
$UCSXDIR
 10
1.0
 20
0.0
 30
0.0
  9
$UCSYDIR
 10
0.0
 20
1.0
 30
0.0
  9
$UCSORTHOREF
  2

  9
$UCSORTHOVIEW
 70
     0
  9
$UCSORGTOP
 10
0.0
 20
0.0
 30
0.0
  9
$UCSORGBOTTOM
 10
0.0
 20
0.0
 30
0.0
  9
$UCSORGLEFT
 10
0.0
 20
0.0
 30
0.0
  9
$UCSORGRIGHT
 10
0.0
 20
0.0
 30
0.0
  9
$UCSORGFRONT
 10
0.0
 20
0.0
 30
0.0
  9
$UCSORGBACK
 10
0.0
 20
0.0
 30
0.0
  9
$PUCSBASE
  2

  9
$PUCSNAME
  2

  9
$PUCSORG
 10
0.0
 20
0.0
 30
0.0
  9
$PUCSXDIR
 10
1.0
 20
0.0
 30
0.0
  9
$PUCSYDIR
 10
0.0
 20
1.0
 30
0.0
  9
$PUCSORTHOREF
  2

  9
$PUCSORTHOVIEW
 70
     0
  9
$PUCSORGTOP
 10
0.0
 20
0.0
 30
0.0
  9
$PUCSORGBOTTOM
 10
0.0
 20
0.0
 30
0.0
  9
$PUCSORGLEFT
 10
0.0
 20
0.0
 30
0.0
  9
$PUCSORGRIGHT
 10
0.0
 20
0.0
 30
0.0
  9
$PUCSORGFRONT
 10
0.0
 20
0.0
 30
0.0
  9
$PUCSORGBACK
 10
0.0
 20
0.0
 30
0.0
  9
$USERI1
 70
     0
  9
$USERI2
 70
     0
  9
$USERI3
 70
     0
  9
$USERI4
 70
     0
  9
$USERI5
 70
     0
  9
$USERR1
 40
0.0
  9
$USERR2
 40
0.0
  9
$USERR3
 40
0.0
  9
$USERR4
 40
0.0
  9
$USERR5
 40
0.0
  9
$WORLDVIEW
 70
     1
  9
$SHADEDGE
 70
     3
  9
$SHADEDIF
 70
    70
  9
$TILEMODE
 70
     1
  9
$MAXACTVP
 70
    64
  9
$PINSBASE
 10
0.0
 20
0.0
 30
0.0
  9
$PLIMCHECK
 70
     0
  9
$PEXTMIN
 10
0.628866766397
 20
0.799999952316
 30
0.0
  9
$PEXTMAX
 10
9.028866384929999
 20
7.19999957085
 30
0.0
  9
$PLIMMIN
 10
-0.7005418191740001
 20
-0.228100386192
  9
$PLIMMAX
 10
10.2994579405
 20
8.271899373510001
  9
$UNITMODE
 70
     0
  9
$VISRETAIN
 70
     1
  9
$PLINEGEN
 70
     0
  9
$PSLTSCALE
 70
     1
  9
$TREEDEPTH
 70
  3020
  9
$CMLSTYLE
  2
Standard
  9
$CMLJUST
 70
     0
  9
$CMLSCALE
 40
1.0
  9
$PROXYGRAPHICS
 70
     1
  9
$MEASUREMENT
 70
     1
  9
$CELWEIGHT
370
    -1
  9
$ENDCAPS
280
     0
  9
$JOINSTYLE
280
     0
  9
$LWDISPLAY
290
     0
  9
$INSUNITS
 70
     4
  9
$HYPERLINKBASE
  1

  9
$STYLESHEET
  1

  9
$XEDIT
290
     1
  9
$CEPSNTYPE
380
     0
  9
$PSTYLEMODE
290
     1
  9
$FINGERPRINTGUID
  2
{39DB1BDD-BC6C-46D3-A333-DFCC0DC4782D}
  9
$VERSIONGUID
  2
{A6302B65-8C43-EB41-B46C-FB7A6E2E6FC5}
  9
$EXTNAMES
290
     1
  9
$PSVPSCALE
 40
0.0
  9
$OLESTARTUP
290
     0
  9
$SORTENTS
280
   127
  9
$INDEXCTL
280
     0
  9
$HIDETEXT
280
     1
  9
$XCLIPFRAME
280
     0
  9
$HALOGAP
280
     0
  9
$OBSCOLOR
 70
   257
  9
$OBSLTYPE
280
     0
  9
$INTERSECTIONDISPLAY
280
     0
  9
$INTERSECTIONCOLOR
 70
   257
  9
$DIMASSOC
280
     2
  9
$PROJECTNAME
  1

  9
$CAMERADISPLAY
290
     0
  9
$LENSLENGTH
 40
50.0
  9
$CAMERAHEIGHT
 40
0.0
  9
$STEPSPERSEC
 40
2.0
  9
$STEPSIZE
 40
6.0
  9
$3DDWFPREC
 40
2.0
  9
$PSOLWIDTH
 40
0.25
  9
$PSOLHEIGHT
 40
4.0
  9
$LOFTANG1
 40
1.570796326789999
  9
$LOFTANG2
 40
1.570796326789999
  9
$LOFTMAG1
 40
0.0
  9
$LOFTMAG2
 40
0.0
  9
$LOFTPARAM
 70
     7
  9
$LOFTNORMALS
280
     1
  9
$LATITUDE
 40
37.795
  9
$LONGITUDE
 40
-122.394
  9
$NORTHDIRECTION
 40
0.0
  9
$TIMEZONE
 70
 -8000
  9
$LIGHTGLYPHDISPLAY
280
     1
  9
$TILEMODELIGHTSYNCH
280
     1
  9
$CMATERIAL
347
CAD00007
  9
$SOLIDHIST
280
     1
  9
$SHOWHIST
280
     1
  9
$DWFFRAME
280
     2
  9
$DGNFRAME
280
     0
  9
$REALWORLDSCALE
290
     1
  9
$INTERFERECOLOR
 62
     1
  9
$INTERFEREOBJVS
345
CAD00028
  9
$INTERFEREVPVS
346
CAD00025
  9
$CSHADOW
280
     0
  9
$SHADOWPLANELOCATION
 40
0.0
  0
ENDSEC
  0
SECTION
  2
CLASSES
  0
CLASS
  1
ACDBDICTIONARYWDFLT
  2
AcDbDictionaryWithDefault
  3
ObjectDBX Classes
 90
        0
 91
        1
280
     0
281
     0
  0
CLASS
  1
DICTIONARYVAR
  2
AcDbDictionaryVar
  3
ObjectDBX Classes
 90
        0
 91
        5
280
     0
281
     0
  0
CLASS
  1
TABLESTYLE
  2
AcDbTableStyle
  3
ObjectDBX Classes
 90
     4095
 91
        1
280
     0
281
     0
  0
CLASS
  1
MATERIAL
  2
AcDbMaterial
  3
ObjectDBX Classes
 90
     1153
 91
        3
280
     0
281
     0
  0
CLASS
  1
VISUALSTYLE
  2
AcDbVisualStyle
  3
ObjectDBX Classes
 90
     4095
 91
       24
280
     0
281
     0
  0
CLASS
  1
SCALE
  2
AcDbScale
  3
ObjectDBX Classes
 90
     1153
 91
       17
280
     0
281
     0
  0
CLASS
  1
MLEADERSTYLE
  2
AcDbMLeaderStyle
  3
ACDB_MLEADERSTYLE_CLASS
 90
     4095
 91
        1
280
     0
281
     0
  0
CLASS
  1
CELLSTYLEMAP
  2
AcDbCellStyleMap
  3
ObjectDBX Classes
 90
     1152
 91
        1
280
     0
281
     0
  0
CLASS
  1
EXACXREFPANELOBJECT
  2
ExAcXREFPanelObject
  3
EXAC_ESW
 90
     1025
 91
        0
280
     0
281
     0
  0
CLASS
  1
NPOCOLLECTION
  2
AcDbImpNonPersistentObjectsCollection
  3
ObjectDBX Classes
 90
     1153
 91
        0
280
     0
281
     0
  0
CLASS
  1
LAYER_INDEX
  2
AcDbLayerIndex
  3
ObjectDBX Classes
 90
        0
 91
        0
280
     0
281
     0
  0
CLASS
  1
SPATIAL_INDEX
  2
AcDbSpatialIndex
  3
ObjectDBX Classes
 90
        0
 91
        0
280
     0
281
     0
  0
CLASS
  1
IDBUFFER
  2
AcDbIdBuffer
  3
ObjectDBX Classes
 90
        0
 91
        0
280
     0
281
     0
  0
CLASS
  1
DIMASSOC
  2
AcDbDimAssoc
  3
"AcDbDimAssoc|Product Desc:     AcDim ARX App For Dimension|Company:          Autodesk, Inc.|WEB Address:      www.autodesk.com"
 90
        0
 91
        0
280
     0
281
     0
  0
CLASS
  1
ACDBSECTIONVIEWSTYLE
  2
AcDbSectionViewStyle
  3
ObjectDBX Classes
 90
     1025
 91
        1
280
     0
281
     0
  0
CLASS
  1
ACDBDETAILVIEWSTYLE
  2
AcDbDetailViewStyle
  3
ObjectDBX Classes
 90
     1025
 91
        1
280
     0
281
     0
  0
CLASS
  1
IMAGEDEF
  2
AcDbRasterImageDef
  3
ISM
 90
        0
 91
        0
280
     0
281
     0
  0
CLASS
  1
RASTERVARIABLES
  2
AcDbRasterVariables
  3
ISM
 90
        0
 91
        0
280
     0
281
     0
  0
CLASS
  1
IMAGEDEF_REACTOR
  2
AcDbRasterImageDefReactor
  3
ISM
 90
        1
 91
        0
280
     0
281
     0
  0
CLASS
  1
IMAGE
  2
AcDbRasterImage
  3
ISM
 90
     2175
 91
        0
280
     0
281
     1
  0
CLASS
  1
PDFDEFINITION
  2
AcDbPdfDefinition
  3
ObjectDBX Classes
 90
     1153
 91
        0
280
     0
281
     0
  0
CLASS
  1
PDFUNDERLAY
  2
AcDbPdfReference
  3
ObjectDBX Classes
 90
     4095
 91
        0
280
     0
281
     1
  0
CLASS
  1
DWFDEFINITION
  2
AcDbDwfDefinition
  3
ObjectDBX Classes
 90
     1153
 91
        0
280
     0
281
     0
  0
CLASS
  1
DWFUNDERLAY
  2
AcDbDwfReference
  3
ObjectDBX Classes
 90
     1153
 91
        0
280
     0
281
     1
  0
CLASS
  1
DGNDEFINITION
  2
AcDbDgnDefinition
  3
ObjectDBX Classes
 90
     1153
 91
        0
280
     0
281
     0
  0
CLASS
  1
DGNUNDERLAY
  2
AcDbDgnReference
  3
ObjectDBX Classes
 90
     1153
 91
        0
280
     0
281
     1
  0
CLASS
  1
SORTENTSTABLE
  2
AcDbSortentsTable
  3
ObjectDBX Classes
 90
        0
 91
        1
280
     0
281
     0
  0
ENDSEC
  0
SECTION
  2
TABLES
  0
TABLE
  2
VPORT
  5
8
330
0
100
AcDbSymbolTable
 70
     1
1001
ACAD
1000
DbSaveVer
1071
      285
  0
VPORT
  5
CAD00051
330
8
100
AcDbSymbolTableRecord
100
AcDbViewportTableRecord
  2
*Active
 70
     0
 10
0.0
 20
0.0
 11
1.0
 21
1.0
 12
855.6825721275325
 22
-213.0484902078688
 13
0.0
 23
0.0
 14
1.0
 24
1.0
 15
0.0
 25
0.0
 16
0.0
 26
0.0
 36
1.0
 17
0.0
 27
0.0
 37
0.0
 40
1563.66187492637
 41
2.395755305867665
 42
50.0
 43
0.0
 44
0.0
 50
0.0
 51
0.0
 71
     0
 72
  1000
 73
     1
 74
     2
 75
     0
 76
     0
 77
     0
 78
     0
281
     0
 65
     1
110
0.0
120
0.0
130
0.0
111
1.0
121
0.0
131
0.0
112
0.0
122
1.0
132
0.0
 79
     0
146
0.0
348
CAD00024
 60
     3
 61
     5
292
     1
282
     1
141
0.0
142
0.0
 63
   250
421
  3355443
1001
ACAD_NAV_VCDISPLAY
1070
     1
  0
ENDTAB
  0
TABLE
  2
LTYPE
  5
5F
330
0
100
AcDbSymbolTable
 70
     5
  0
LTYPE
  5
14
330
5F
100
AcDbSymbolTableRecord
100
AcDbLinetypeTableRecord
  2
ByBlock
 70
     0
  3

 72
    65
 73
     0
 40
0.0
  0
LTYPE
  5
15
330
5F
100
AcDbSymbolTableRecord
100
AcDbLinetypeTableRecord
  2
ByLayer
 70
     0
  3

 72
    65
 73
     0
 40
0.0
  0
LTYPE
  5
16
330
5F
100
AcDbSymbolTableRecord
100
AcDbLinetypeTableRecord
  2
Continuous
 70
     0
  3
Solid line
 72
    65
 73
     0
 40
0.0
  0
LTYPE
  5
1B1
330
5F
100
AcDbSymbolTableRecord
100
AcDbLinetypeTableRecord
  2
CENTER
 70
     0
  3
Center ____ _ ____ _ ____ _ ____ _ ____ _ ____
 72
    65
 73
     4
 40
2.0
 49
1.25
 74
     0
 49
-0.25
 74
     0
 49
0.25
 74
     0
 49
-0.25
 74
     0
  0
LTYPE
  5
1B2
330
5F
100
AcDbSymbolTableRecord
100
AcDbLinetypeTableRecord
  2
DASHED
 70
     0
  3
Dashed __ __ __ __ __ __ __ __ __ __ __ __ __ _
 72
    65
 73
     2
 40
0.75
 49
0.5
 74
     0
 49
-0.25
 74
     0
  0
LTYPE
  5
1B3
330
5F
100
AcDbSymbolTableRecord
100
AcDbLinetypeTableRecord
  2
PHANTOM
 70
     0
  3
Phantom ______  __  __  ______  __  __  ______
 72
    65
 73
     6
 40
2.5
 49
1.25
 74
     0
 49
-0.25
 74
     0
 49
0.25
 74
     0
 49
-0.25
 74
     0
 49
0.25
 74
     0
 49
-0.25
 74
     0
  0
LTYPE
  5
39E
330
5F
100
AcDbSymbolTableRecord
100
AcDbLinetypeTableRecord
  2
HIDDEN
 70
     0
  3
Hidden __ __ __ __ __ __ __ __ __ __ __ __ __ __
 72
    65
 73
     2
 40
9.525
 49
6.349999999999999
 74
     0
 49
-3.174999999999999
 74
     0
  0
ENDTAB
  0
TABLE
  2
LAYER
  5
2
102
{ACAD_XDICTIONARY
360
CAD0005E
102
}
330
0
100
AcDbSymbolTable
 70
     6
  0
LAYER
  5
10
330
2
100
AcDbSymbolTableRecord
100
AcDbLayerTableRecord
  2
0
 70
     0
 62
     7
  6
Continuous
370
    -3
390
52B
347
CAD00017
348
0
  0
LAYER
  5
1B4
330
2
100
AcDbSymbolTableRecord
100
AcDbLayerTableRecord
  2
View Port
 70
     0
 62
     7
  6
Continuous
290
     0
370
    -3
390
52B
347
CAD00017
348
0
  0
LAYER
  5
21D
330
2
100
AcDbSymbolTableRecord
100
AcDbLayerTableRecord
  2
Defpoints
 70
     0
 62
     7
  6
Continuous
290
     0
370
    -3
390
52B
347
CAD00017
348
0
  0
LAYER
  5
CAD00059
102
{ACAD_XDICTIONARY
360
CAD0005A
102
}
330
2
100
AcDbSymbolTableRecord
100
AcDbLayerTableRecord
  2
front_outsideCutPath
 70
     0
 62
     7
  6
Continuous
370
    -3
390
52B
347
CAD00017
348
0
  0
LAYER
  5
CAD0005B
102
{ACAD_XDICTIONARY
360
CAD0005C
102
}
330
2
100
AcDbSymbolTableRecord
100
AcDbLayerTableRecord
  2
right_outsideCutPath
 70
     0
 62
     7
  6
Continuous
370
    -3
390
52B
347
CAD00017
348
0
  0
LAYER
  5
CAD004CC
102
{ACAD_XDICTIONARY
360
CAD004CD
102
}
330
2
100
AcDbSymbolTableRecord
100
AcDbLayerTableRecord
  2
back_outsideCutPath
 70
     0
 62
     7
  6
Continuous
370
    -3
390
52B
347
CAD00017
348
0
  0
ENDTAB
  0
TABLE
  2
STYLE
  5
3
330
0
100
AcDbSymbolTable
 70
     3
  0
STYLE
  5
11
330
3
100
AcDbSymbolTableRecord
100
AcDbTextStyleTableRecord
  2
Standard
 70
     0
 40
0.0
 41
1.0
 50
0.0
 71
     0
 42
0.2
  3
arial.ttf
  4

1001
ACAD
1000
Arial
1071
       34
  0
STYLE
  5
DC
330
3
100
AcDbSymbolTableRecord
100
AcDbTextStyleTableRecord
  2
Annotative
 70
     0
 40
0.0
 41
1.0
 50
0.0
 71
     0
 42
0.2
  3
arial.ttf
  4

1001
ACAD
1000
Arial
1071
       34
  0
STYLE
  5
178
330
3
100
AcDbSymbolTableRecord
100
AcDbTextStyleTableRecord
  2
Notes
 70
     0
 40
3.0
 41
1.0
 50
0.0
 71
     0
 42
0.2
  3
arial.ttf
  4

1001
ACAD
1000
Arial
1071
       34
  0
ENDTAB
  0
TABLE
  2
VIEW
  5
6
330
0
100
AcDbSymbolTable
 70
     1
  0
ENDTAB
  0
TABLE
  2
UCS
  5
7
330
0
100
AcDbSymbolTable
 70
     0
  0
ENDTAB
  0
TABLE
  2
APPID
  5
9
330
0
100
AcDbSymbolTable
 70
    12
  0
APPID
  5
12
330
9
100
AcDbSymbolTableRecord
100
AcDbRegAppTableRecord
  2
ACAD
 70
     0
  0
APPID
  5
DD
330
9
100
AcDbSymbolTableRecord
100
AcDbRegAppTableRecord
  2
AcadAnnoPO
 70
     0
  0
APPID
  5
DE
330
9
100
AcDbSymbolTableRecord
100
AcDbRegAppTableRecord
  2
AcadAnnotative
 70
     0
  0
APPID
  5
DF
330
9
100
AcDbSymbolTableRecord
100
AcDbRegAppTableRecord
  2
ACAD_DSTYLE_DIMJAG
 70
     0
  0
APPID
  5
E0
330
9
100
AcDbSymbolTableRecord
100
AcDbRegAppTableRecord
  2
ACAD_DSTYLE_DIMTALN
 70
     0
  0
APPID
  5
107
330
9
100
AcDbSymbolTableRecord
100
AcDbRegAppTableRecord
  2
ACAD_MLEADERVER
 70
     0
  0
APPID
  5
1B5
330
9
100
AcDbSymbolTableRecord
100
AcDbRegAppTableRecord
  2
AcAecLayerStandard
 70
     0
  0
APPID
  5
1BA
330
9
100
AcDbSymbolTableRecord
100
AcDbRegAppTableRecord
  2
ACAD_EXEMPT_FROM_CAD_STANDARDS
 70
     0
  0
APPID
  5
237
330
9
100
AcDbSymbolTableRecord
100
AcDbRegAppTableRecord
  2
ACAD_DSTYLE_DIMBREAK
 70
     0
  0
APPID
  5
28E
330
9
100
AcDbSymbolTableRecord
100
AcDbRegAppTableRecord
  2
ACAD_PSEXT
 70
     0
  0
APPID
  5
4B0
330
9
100
AcDbSymbolTableRecord
100
AcDbRegAppTableRecord
  2
ACAD_NAV_VCDISPLAY
 70
     0
  0
APPID
  5
4E3
330
9
100
AcDbSymbolTableRecord
100
AcDbRegAppTableRecord
  2
HATCHBACKGROUNDCOLOR
 70
     0
  0
ENDTAB
  0
TABLE
  2
DIMSTYLE
  5
A
330
0
100
AcDbSymbolTable
 70
     4
100
AcDbDimStyleTable
 71
     3
340
242
340
27
340
E1
  0
DIMSTYLE
105
27
330
A
100
AcDbSymbolTableRecord
100
AcDbDimStyleTableRecord
  2
Standard
 70
     0
 41
3.0
 42
2.0
 43
9.0
 44
5.0
140
3.0
141
2.0
147
2.0
340
11
1001
ACAD_DSTYLE_DIMJAG
1070
   388
1040
38.0
1001
ACAD_DSTYLE_DIMBREAK
1070
   391
1040
90.0
1001
ACAD_DSTYLE_DIMTALN
1070
   392
1070
     0
  0
DIMSTYLE
105
E1
330
A
100
AcDbSymbolTableRecord
100
AcDbDimStyleTableRecord
  2
Annotative
 70
     0
 40
0.0
 41
3.0
 42
2.5
 43
10.0
 44
5.0
140
3.0
141
2.0
147
2.0
340
11
1001
AcadAnnotative
1000
AnnotativeData
1002
{
1070
     1
1070
     1
1002
}
1001
ACAD_DSTYLE_DIMJAG
1070
   388
1040
38.0
1001
ACAD_DSTYLE_DIMBREAK
1070
   391
1040
90.0
1001
ACAD_DSTYLE_DIMTALN
1070
   392
1070
     0
  0
DIMSTYLE
105
242
330
A
100
AcDbSymbolTableRecord
100
AcDbDimStyleTableRecord
  2
Civil-Metric
 70
     0
 41
3.0
 42
1.5
 43
6.0
 44
3.0
 73
     0
 74
     0
 77
     1
 78
     3
 79
     2
140
3.0
141
3.0
147
2.0
179
     2
271
     2
272
     2
276
     1
340
11
1001
ACAD_DSTYLE_DIMBREAK
1070
   391
1040
3.0
1001
ACAD_DSTYLE_DIMJAG
1070
   388
1040
38.0
1001
ACAD_DSTYLE_DIMTALN
1070
   392
1070
     0
  0
DIMSTYLE
105
CAD0005D
330
A
100
AcDbSymbolTableRecord
100
AcDbDimStyleTableRecord
  2
ISO-25
 70
     0
 41
2.5
 42
0.625
 43
3.75
 44
1.25
 73
     0
 74
     0
 77
     1
 78
     8
140
2.5
141
2.5
143
0.03937007874016
147
0.625
171
     3
172
     1
271
     2
272
     2
274
     3
278
    44
283
     0
284
     8
340
11
  0
ENDTAB
  0
TABLE
  2
BLOCK_RECORD
  5
1
330
0
100
AcDbSymbolTable
 70
     3
  0
BLOCK_RECORD
  5
1F
102
{ACAD_XDICTIONARY
360
CAD00219
102
}
330
1
100
AcDbSymbolTableRecord
100
AcDbBlockTableRecord
  2
*Model_Space
340
530
 70
     0
280
     1
281
     0
  0
BLOCK_RECORD
  5
58
330
1
100
AcDbSymbolTableRecord
100
AcDbBlockTableRecord
  2
*Paper_Space
340
531
 70
     0
280
     1
281
     0
  0
BLOCK_RECORD
  5
238
330
1
100
AcDbSymbolTableRecord
100
AcDbBlockTableRecord
  2
_ArchTick
340
0
 70
     0
280
     1
281
     0
  0
BLOCK_RECORD
  5
23C
330
1
100
AcDbSymbolTableRecord
100
AcDbBlockTableRecord
  2
_Open30
340
0
 70
     0
280
     1
281
     0
  0
BLOCK_RECORD
  5
CAD00053
330
1
100
AcDbSymbolTableRecord
100
AcDbBlockTableRecord
  2
tecla
340
0
310
28000000200000002000000001002000000000000010000001000000010000000000000000000000302821FF302821FF302821FF302821FF302821FF302821FF302821FF302821FF302821FF302821FF302821FF302821FF302821FF302821FF302821FF302821FF302821FF302821FF302821FF302821FF302821FF302821
310
FF302821FF302821FF302821FF302821FF302821FF302821FF302821FF302821FF302821FF302821FF302821FF302821FF302821FF302821FF302821FF302821FF302821FF302821FF302821FFFFFFFFFFFFFFFFFFFFFFFFFFFFFFFFFFFFFFFFFFFFFFFFFFFFFFFFFFFFFFFFFFFFFFFFFFFFFFFFFFFFFFFFFFFFFFFFFFFFFF
310
FFFFFFFFFFFF302821FF302821FF302821FF302821FF302821FF302821FF302821FF302821FF302821FF302821FF302821FF302821FF302821FF302821FF302821FF302821FF302821FFFFFFFFFFFFFFFFFF302821FF302821FF302821FF302821FF302821FF302821FF302821FF302821FF302821FF302821FF302821FF30
310
2821FFFFFFFFFFFFFFFFFF302821FF302821FF302821FF302821FF302821FF302821FF302821FF302821FF302821FF302821FF302821FF302821FF302821FF302821FF302821FF302821FFFFFFFFFF302821FF302821FF302821FF302821FF302821FF302821FF302821FF302821FF302821FF302821FF302821FF302821FF
310
302821FF302821FFFFFFFFFF302821FF302821FF302821FF302821FF302821FF302821FF302821FF302821FF302821FF302821FF302821FF302821FF302821FF302821FF302821FF302821FFFFFFFFFF302821FF302821FF302821FF302821FF302821FF302821FF302821FF302821FF302821FF302821FF302821FF302821
310
FF302821FF302821FFFFFFFFFF302821FF302821FF302821FF302821FF302821FF302821FF302821FF302821FF302821FF302821FF302821FF302821FF302821FF302821FF302821FF302821FFFFFFFFFF302821FF302821FF302821FF302821FF302821FF302821FF302821FF302821FF302821FF302821FF302821FF3028
310
21FF302821FF302821FFFFFFFFFF302821FF302821FF302821FF302821FF302821FF302821FF302821FF302821FF302821FF302821FF302821FF302821FF302821FF302821FF302821FF302821FFFFFFFFFF302821FF302821FF302821FF302821FF302821FF302821FF302821FF302821FF302821FF302821FF302821FF30
310
2821FF302821FF302821FFFFFFFFFF302821FF302821FF302821FF302821FF302821FF302821FF302821FF302821FF302821FF302821FF302821FF302821FF302821FF302821FF302821FF302821FFFFFFFFFF302821FF302821FF302821FF302821FF302821FF302821FF302821FF302821FF302821FF302821FF302821FF
310
302821FF302821FF302821FFFFFFFFFF302821FF302821FF302821FF302821FF302821FF302821FF302821FF302821FF302821FF302821FF302821FF302821FF302821FF302821FF302821FF302821FFFFFFFFFF302821FF302821FF302821FF302821FF302821FF302821FF302821FF302821FF302821FF302821FF302821
310
FF302821FF302821FF302821FFFFFFFFFF302821FF302821FF302821FF302821FF302821FF302821FF302821FF302821FF302821FF302821FF302821FF302821FF302821FF302821FF302821FF302821FFFFFFFFFF302821FF302821FF302821FF302821FF302821FF302821FF302821FF302821FF302821FF302821FF3028
310
21FF302821FF302821FF302821FFFFFFFFFF302821FF302821FF302821FF302821FF302821FF302821FF302821FF302821FF302821FF302821FF302821FF302821FF302821FF302821FF302821FF302821FFFFFFFFFF302821FF302821FF302821FF302821FF302821FF302821FF302821FF302821FF302821FF302821FF30
310
2821FF302821FF302821FF302821FFFFFFFFFF302821FF302821FF302821FF302821FF302821FF302821FF302821FF302821FF302821FF302821FF302821FF302821FF302821FF302821FF302821FF302821FFFFFFFFFF302821FF302821FF302821FF302821FF302821FF302821FF302821FF302821FF302821FF302821FF
310
302821FF302821FF302821FF302821FFFFFFFFFF302821FF302821FF302821FF302821FF302821FF302821FF302821FF302821FF302821FF302821FF302821FF302821FF302821FF302821FF302821FF302821FFFFFFFFFF302821FF302821FF302821FF302821FF302821FF302821FF302821FF302821FF302821FF302821
310
FF302821FF302821FF302821FF302821FFFFFFFFFF302821FF302821FF302821FF302821FF302821FF302821FF302821FF302821FF302821FF302821FF302821FF302821FF302821FF302821FF302821FF302821FFFFFFFFFF302821FF302821FF302821FF302821FF302821FF302821FF302821FF302821FF302821FF3028
310
21FF302821FF302821FF302821FF302821FFFFFFFFFF302821FF302821FF302821FF302821FF302821FF302821FF302821FF302821FF302821FF302821FF302821FF302821FF302821FF302821FF302821FF302821FFFFFFFFFF302821FF302821FF302821FF302821FF302821FF302821FF302821FF302821FF302821FF30
310
2821FF302821FF302821FF302821FF302821FFFFFFFFFF302821FF302821FF302821FF302821FF302821FF302821FF302821FF302821FF302821FF302821FF302821FF302821FF302821FF302821FF302821FF302821FFFFFFFFFF302821FF302821FF302821FF302821FF302821FF302821FF302821FF302821FF302821FF
310
302821FF302821FF302821FF302821FF302821FFFFFFFFFF302821FF302821FF302821FF302821FF302821FF302821FF302821FF302821FF302821FF302821FF302821FF302821FF302821FF302821FF302821FF302821FFFFFFFFFF302821FF302821FF302821FF302821FF302821FF302821FF302821FF302821FF302821
310
FF302821FF302821FF302821FF302821FF302821FFFFFFFFFF302821FF302821FF302821FF302821FF302821FF302821FF302821FF302821FF302821FF302821FF302821FF302821FF302821FF302821FF302821FF302821FFFFFFFFFF302821FF302821FF302821FF302821FF302821FF302821FF302821FF302821FF3028
310
21FF302821FF302821FF302821FF302821FF302821FFFFFFFFFF302821FF302821FF302821FF302821FF302821FF302821FF302821FF302821FF302821FF302821FF302821FF302821FF302821FF302821FF302821FF302821FFFFFFFFFF302821FF302821FF302821FF302821FF302821FF302821FF302821FF302821FF30
310
2821FF302821FF302821FF302821FF302821FF302821FFFFFFFFFF302821FF302821FF302821FF302821FF302821FF302821FF302821FF302821FF302821FF302821FF302821FF302821FF302821FF302821FF302821FF302821FFFFFFFFFF302821FF302821FF302821FF302821FF302821FF302821FF302821FF302821FF
310
302821FF302821FF302821FF302821FF302821FF302821FFFFFFFFFF302821FF302821FF302821FF302821FF302821FF302821FF302821FF302821FF302821FF302821FF302821FF302821FF302821FF302821FF302821FF302821FFFFFFFFFF302821FF302821FF302821FF302821FF302821FF302821FF302821FF302821
310
FF302821FF302821FF302821FF302821FF302821FF302821FFFFFFFFFF302821FF302821FF302821FF302821FF302821FF302821FF302821FF302821FF302821FF302821FF302821FF302821FF302821FF302821FF302821FF302821FFFFFFFFFF302821FF302821FF302821FF302821FF302821FF302821FF302821FF3028
310
21FF302821FF302821FF302821FF302821FF302821FF302821FFFFFFFFFF302821FF302821FF302821FF302821FF302821FF302821FF302821FF302821FF302821FF302821FF302821FF302821FF302821FF302821FF302821FF302821FFFFFFFFFF302821FF302821FF302821FF302821FF302821FF302821FF302821FF30
310
2821FF302821FF302821FF302821FF302821FF302821FF302821FFFFFFFFFF302821FF302821FF302821FF302821FF302821FF302821FF302821FF302821FF302821FF302821FF302821FF302821FF302821FF302821FF302821FF302821FFFFFFFFFF302821FF302821FF302821FF302821FF302821FF302821FF302821FF
310
302821FF302821FF302821FF302821FF302821FF302821FF302821FFFFFFFFFF302821FF302821FF302821FF302821FF302821FF302821FF302821FF302821FF302821FF302821FF302821FF302821FF302821FF302821FF302821FF302821FFFFFFFFFF302821FF302821FF302821FF302821FF302821FF302821FF302821
310
FF302821FF302821FF302821FF302821FF302821FF302821FF302821FFFFFFFFFF302821FF302821FF302821FF302821FF302821FF302821FF302821FF302821FF302821FF302821FF302821FF302821FF302821FF302821FF302821FF302821FFFFFFFFFF302821FF302821FF302821FF302821FF302821FF302821FF3028
310
21FF302821FF302821FF302821FF302821FF302821FF302821FF302821FFFFFFFFFF302821FF302821FF302821FF302821FF302821FF302821FF302821FF302821FF302821FF302821FF302821FF302821FF302821FF302821FF302821FF302821FFFFFFFFFF302821FF302821FF302821FF302821FF302821FF302821FF30
310
2821FF302821FF302821FF302821FF302821FF302821FF302821FF302821FFFFFFFFFF302821FF302821FF302821FF302821FF302821FF302821FF302821FF302821FF302821FF302821FF302821FF302821FF302821FF302821FF302821FF302821FFFFFFFFFF302821FF302821FF302821FF302821FF302821FF302821FF
310
302821FF302821FF302821FF302821FF302821FF302821FF302821FF302821FFFFFFFFFF302821FF302821FF302821FF302821FF302821FF302821FF302821FF302821FF302821FF302821FF302821FF302821FF302821FF302821FF302821FF302821FFFFFFFFFF302821FF302821FFFFFFFFFF302821FF302821FF302821
310
FF302821FF302821FF302821FF302821FF302821FFFFFFFFFF302821FF302821FFFFFFFFFF302821FF302821FF302821FF302821FF302821FF302821FF302821FF302821FF302821FF302821FF302821FF302821FF302821FF302821FF302821FF302821FFFFFFFFFFFFFFFFFF302821FFFFFFFFFF302821FF302821FF3028
310
21FF302821FF302821FF302821FF302821FF302821FFFFFFFFFF302821FFFFFFFFFFFFFFFFFF302821FF302821FF302821FF302821FF302821FF302821FF302821FF302821FF302821FF302821FF302821FF302821FF302821FF302821FF302821FF302821FF302821FFFFFFFFFFFFFFFFFFFFFFFFFFFFFFFFFFFFFFFFFFFF
310
FFFFFFFFFFFFFFFFFFFFFFFFFFFFFFFFFFFFFFFFFFFFFFFFFFFFFFFFFFFFFFFFFFFFFF302821FF302821FF302821FF302821FF302821FF302821FF302821FF302821FF302821FF302821FF302821FF302821FF302821FF302821FF302821FF302821FF302821FF302821FF302821FF302821FF302821FF302821FF302821FF
310
302821FF302821FF302821FF302821FF302821FF302821FF302821FF302821FF302821FF302821FF302821FF302821FF302821FF302821FF302821FF302821FF302821FF302821FF
 70
     4
280
     1
281
     0
  0
ENDTAB
  0
ENDSEC
  0
SECTION
  2
BLOCKS
  0
BLOCK
  5
20
330
1F
100
AcDbEntity
  8
0
100
AcDbBlockBegin
  2
*Model_Space
 70
     0
 10
0.0
 20
0.0
 30
0.0
  3
*Model_Space
  1

  0
ENDBLK
  5
21
330
1F
100
AcDbEntity
  8
0
100
AcDbBlockEnd
  0
BLOCK
  5
5A
330
58
100
AcDbEntity
 67
     1
  8
0
100
AcDbBlockBegin
  2
*Paper_Space
 70
     0
 10
0.0
 20
0.0
 30
0.0
  3
*Paper_Space
  1

  0
ENDBLK
  5
5B
330
58
100
AcDbEntity
 67
     1
  8
0
100
AcDbBlockEnd
  0
BLOCK
  5
23A
330
238
100
AcDbEntity
  8
0
100
AcDbBlockBegin
  2
_ArchTick
 70
     0
 10
0.0
 20
0.0
 30
0.0
  3
_ArchTick
  1

  0
ENDBLK
  5
23B
330
238
100
AcDbEntity
  8
0
100
AcDbBlockEnd
  0
BLOCK
  5
240
330
23C
100
AcDbEntity
  8
0
100
AcDbBlockBegin
  2
_Open30
 70
     0
 10
0.0
 20
0.0
 30
0.0
  3
_Open30
  1

  0
ENDBLK
  5
241
330
23C
100
AcDbEntity
  8
0
100
AcDbBlockEnd
  0
BLOCK
  5
CAD00054
330
CAD00053
100
AcDbEntity
  8
0
 62
     1
100
AcDbBlockBegin
  2
tecla
 70
     0
 10
0.0
 20
0.0
 30
0.0
  3
tecla
  1

  0
CIRCLE
  5
CAD00055
330
CAD00053
100
AcDbEntity
  8
0
  6
Continuous
100
AcDbCircle
 10
4221.594164498383
 20
1963.446080781668
 30
0.0
 40
1.5
  0
CIRCLE
  5
CAD00056
330
CAD00053
100
AcDbEntity
  8
0
  6
Continuous
100
AcDbCircle
 10
4251.594164498382
 20
1963.446080781668
 30
0.0
 40
1.5
  0
LWPOLYLINE
  5
CAD00057
330
CAD00053
100
AcDbEntity
  8
0
100
AcDbPolyline
 90
        8
 70
     1
 43
0.0
 10
4256.094164498384
 20
1872.946080781667
 42
0.4142135623730951
 10
4260.594164498384
 20
1877.446080781668
 10
4260.594164498383
 20
1962.446080781668
 42
0.4142135623730951
 10
4256.094164498382
 20
1966.946080781667
 10
4217.094164498382
 20
1966.946080781667
 42
0.4142135623730951
 10
4212.594164498383
 20
1962.446080781668
 10
4212.594164498383
 20
1877.446080781668
 42
0.41421356237308
 10
4217.094164498385
 20
1872.946080781667
  0
ENDBLK
  5
CAD00058
330
CAD00053
100
AcDbEntity
  8
0
 62
     1
100
AcDbBlockEnd
  0
ENDSEC
  0
SECTION
  2
ENTITIES
  0
LWPOLYLINE
  5
CAD00130
330
1F
100
AcDbEntity
  8
0
100
AcDbPolyline
 90
        8
 70
     1
 43
0.0
 10
53.50000000000091
 20
87.8974300387162
 42
0.4142135623730951
 10
58.50000000000091
 20
92.8974300387162
 10
58.5
 20
177.8974300387162
 42
0.4142135623731217
 10
53.49999999999909
 20
182.8974300387157
 10
14.49999999999909
 20
182.8974300387162
 42
0.4142135623730951
 10
9.5
 20
177.8974300387162
 10
9.5
 20
92.8974300387162
 42
0.4142135623730685
 10
14.50000000000182
 20
87.89743003871643
  0
LWPOLYLINE
  5
CAD00131
330
1F
100
AcDbEntity
  8
0
100
AcDbPolyline
 90
        8
 70
     1
 43
0.0
 10
111.5000000000009
 20
87.89743003871667
 42
0.4142135623730951
 10
116.5000000000009
 20
92.89743003871667
 10
116.5
 20
177.8974300387166
 42
0.4142135623731217
 10
111.4999999999991
 20
182.8974300387162
 10
72.49999999999909
 20
182.8974300387166
 42
0.4142135623730951
 10
67.5
 20
177.8974300387166
 10
67.5
 20
92.89743003871667
 42
0.4142135623730685
 10
72.50000000000182
 20
87.8974300387169
  0
LWPOLYLINE
  5
CAD00132
330
1F
100
AcDbEntity
  8
0
100
AcDbPolyline
 90
        8
 70
     1
 43
0.0
 10
169.5000000000009
 20
87.89743003871667
 42
0.4142135623730951
 10
174.5000000000009
 20
92.89743003871667
 10
174.5
 20
177.8974300387166
 42
0.4142135623731217
 10
169.4999999999991
 20
182.8974300387162
 10
130.4999999999991
 20
182.8974300387166
 42
0.4142135623730951
 10
125.5
 20
177.8974300387166
 10
125.5
 20
92.89743003871667
 42
0.4142135623730685
 10
130.5000000000018
 20
87.8974300387169
  0
LWPOLYLINE
  5
CAD00133
330
1F
100
AcDbEntity
  8
0
100
AcDbPolyline
 90
        8
 70
     1
 43
0.0
 10
227.5000000000009
 20
87.89743003871711
 42
0.4142135623730951
 10
232.5000000000009
 20
92.89743003871711
 10
232.5
 20
177.8974300387171
 42
0.4142135623731217
 10
227.4999999999991
 20
182.8974300387166
 10
188.4999999999991
 20
182.8974300387171
 42
0.4142135623730951
 10
183.5
 20
177.8974300387171
 10
183.5
 20
92.89743003871711
 42
0.4142135623730685
 10
188.5000000000018
 20
87.89743003871734
  0
LWPOLYLINE
  5
CAD00134
330
1F
100
AcDbEntity
  8
0
100
AcDbPolyline
 90
        8
 70
     1
 43
0.0
 10
285.5000000000009
 20
87.89743003871667
 42
0.4142135623730951
 10
290.5000000000009
 20
92.89743003871667
 10
290.5
 20
177.8974300387166
 42
0.4142135623731217
 10
285.4999999999991
 20
182.8974300387162
 10
246.4999999999991
 20
182.8974300387166
 42
0.4142135623730951
 10
241.5
 20
177.8974300387166
 10
241.5
 20
92.89743003871667
 42
0.4142135623730685
 10
246.5000000000018
 20
87.8974300387169
  0
LWPOLYLINE
  5
CAD00135
330
1F
100
AcDbEntity
  8
0
100
AcDbPolyline
 90
        8
 70
     1
 43
0.0
 10
343.5000000000009
 20
87.89743003871667
 42
0.4142135623730951
 10
348.5000000000009
 20
92.89743003871667
 10
348.5
 20
177.8974300387166
 42
0.4142135623731217
 10
343.4999999999991
 20
182.8974300387162
 10
304.4999999999991
 20
182.8974300387166
 42
0.4142135623730951
 10
299.5
 20
177.8974300387166
 10
299.5
 20
92.89743003871667
 42
0.4142135623730685
 10
304.5000000000018
 20
87.8974300387169
  0
LWPOLYLINE
  5
CAD00136
330
1F
100
AcDbEntity
  8
0
100
AcDbPolyline
 90
        8
 70
     1
 43
0.0
 10
401.5000000000009
 20
87.89743003871667
 42
0.4142135623730951
 10
406.5000000000009
 20
92.89743003871667
 10
406.5
 20
177.8974300387166
 42
0.4142135623731217
 10
401.499999999999
 20
182.8974300387162
 10
362.4999999999991
 20
182.8974300387166
 42
0.4142135623730951
 10
357.5
 20
177.8974300387166
 10
357.5
 20
92.89743003871667
 42
0.4142135623730685
 10
362.5000000000018
 20
87.8974300387169
  0
LWPOLYLINE
  5
CAD00137
330
1F
100
AcDbEntity
  8
0
100
AcDbPolyline
 90
        8
 70
     1
 43
0.0
 10
459.5000000000009
 20
87.89743003871711
 42
0.4142135623730951
 10
464.5000000000009
 20
92.89743003871711
 10
464.5
 20
177.8974300387171
 42
0.4142135623731217
 10
459.499999999999
 20
182.8974300387166
 10
420.4999999999991
 20
182.8974300387171
 42
0.4142135623730951
 10
415.5
 20
177.8974300387171
 10
415.5
 20
92.89743003871711
 42
0.4142135623730685
 10
420.5000000000017
 20
87.89743003871734
  0
LWPOLYLINE
  5
CAD00138
330
1F
100
AcDbEntity
  8
0
100
AcDbPolyline
 90
        8
 70
     1
 43
0.0
 10
517.5000000000009
 20
87.89743003871757
 42
0.4142135623730951
 10
522.5000000000009
 20
92.89743003871757
 10
522.5
 20
177.8974300387176
 42
0.4142135623731217
 10
517.499999999999
 20
182.8974300387171
 10
478.4999999999991
 20
182.8974300387175
 42
0.4142135623730951
 10
473.5
 20
177.8974300387176
 10
473.5
 20
92.89743003871757
 42
0.4142135623730685
 10
478.5000000000017
 20
87.8974300387178
  0
LWPOLYLINE
  5
CAD00139
330
1F
100
AcDbEntity
  8
0
100
AcDbPolyline
 90
        8
 70
     1
 43
0.0
 10
575.5000000000008
 20
87.89743003871803
 42
0.4142135623730951
 10
580.5000000000009
 20
92.89743003871803
 10
580.4999999999999
 20
177.897430038718
 42
0.4142135623731217
 10
575.4999999999991
 20
182.8974300387175
 10
536.4999999999991
 20
182.897430038718
 42
0.4142135623730951
 10
531.5
 20
177.897430038718
 10
531.5
 20
92.89743003871803
 42
0.4142135623730685
 10
536.5000000000017
 20
87.89743003871825
  0
LWPOLYLINE
  5
CAD0013A
330
1F
100
AcDbEntity
  8
0
100
AcDbPolyline
 90
        4
 70
     1
 43
0.0
 10
590.0
 20
192.3974300387162
 10
0.0
 20
192.3974300387162
 10
0.0
 20
78.39743003871621
 10
590.0
 20
78.39743003871621
  0
LWPOLYLINE
  5
CAD00456
330
1F
100
AcDbEntity
  8
0
100
AcDbPolyline
 90
        4
 70
     1
 43
0.0
 10
590.0
 20
459.0783570229914
 10
0.0
 20
459.0783570229914
 10
0.0
 20
345.0783570229914
 10
590.0
 20
345.0783570229914
  0
LWPOLYLINE
  5
CAD0047A
330
1F
100
AcDbEntity
  8
0
100
AcDbPolyline
 90
        8
 70
     1
 43
0.0
 10
56.0000000000009
 20
362.0783570229914
 10
56.00000000000068
 20
442.0783570229906
 42
0.4142135623730931
 10
51.00000000000074
 20
447.0783570229905
 10
17.00000000000027
 20
447.078357022991
 42
0.414213562373098
 10
12.00000000000022
 20
442.0783570229909
 10
12.00000000000001
 20
362.0783570229926
 42
0.4142135623730841
 10
16.99999999999984
 20
357.0783570229926
 10
51.00000000000074
 20
357.0783570229914
 42
0.414213562373105
  0
LWPOLYLINE
  5
CAD0047D
330
1F
100
AcDbEntity
  8
0
100
AcDbPolyline
 90
        8
 70
     1
 43
0.0
 10
114.0000000000009
 20
362.0783570229919
 10
114.0000000000007
 20
442.078357022991
 42
0.4142135623730943
 10
109.0000000000007
 20
447.078357022991
 10
75.00000000000028
 20
447.0783570229914
 42
0.4142135623730984
 10
70.00000000000023
 20
442.0783570229914
 10
70.0
 20
362.078357022993
 42
0.4142135623730826
 10
74.99999999999982
 20
357.078357022993
 10
109.0000000000007
 20
357.0783570229919
 42
0.414213562373105
  0
LWPOLYLINE
  5
CAD0047E
330
1F
100
AcDbEntity
  8
0
100
AcDbPolyline
 90
        8
 70
     1
 43
0.0
 10
172.0000000000009
 20
362.0783570229919
 10
172.0000000000007
 20
442.078357022991
 42
0.4142135623730918
 10
167.0000000000007
 20
447.078357022991
 10
133.0000000000003
 20
447.0783570229914
 42
0.4142135623730984
 10
128.0000000000002
 20
442.0783570229914
 10
128.0
 20
362.078357022993
 42
0.4142135623730851
 10
132.9999999999998
 20
357.078357022993
 10
167.0000000000007
 20
357.0783570229919
 42
0.414213562373105
  0
LWPOLYLINE
  5
CAD0047F
330
1F
100
AcDbEntity
  8
0
100
AcDbPolyline
 90
        8
 70
     1
 43
0.0
 10
230.0000000000009
 20
362.0783570229924
 10
230.0000000000007
 20
442.0783570229914
 42
0.4142135623730918
 10
225.0000000000007
 20
447.0783570229914
 10
191.0000000000002
 20
447.0783570229919
 42
0.4142135623730984
 10
186.0000000000002
 20
442.0783570229919
 10
186.0
 20
362.0783570229935
 42
0.4142135623730851
 10
190.9999999999998
 20
357.0783570229935
 10
225.0000000000007
 20
357.0783570229924
 42
0.414213562373105
  0
LWPOLYLINE
  5
CAD00480
330
1F
100
AcDbEntity
  8
0
100
AcDbPolyline
 90
        8
 70
     1
 43
0.0
 10
288.0000000000009
 20
362.0783570229919
 10
288.0000000000007
 20
442.078357022991
 42
0.4142135623730885
 10
283.0000000000008
 20
447.078357022991
 10
249.0000000000003
 20
447.0783570229914
 42
0.4142135623730984
 10
244.0000000000002
 20
442.0783570229914
 10
244.0
 20
362.078357022993
 42
0.4142135623730851
 10
248.9999999999998
 20
357.078357022993
 10
283.0000000000007
 20
357.0783570229919
 42
0.4142135623731084
  0
LWPOLYLINE
  5
CAD00481
330
1F
100
AcDbEntity
  8
0
100
AcDbPolyline
 90
        8
 70
     1
 43
0.0
 10
346.0000000000009
 20
362.078357022992
 10
346.0000000000007
 20
442.078357022991
 42
0.4142135623730885
 10
341.0000000000008
 20
447.078357022991
 10
307.0000000000003
 20
447.0783570229914
 42
0.4142135623730951
 10
302.0000000000002
 20
442.0783570229914
 10
302.0
 20
362.078357022993
 42
0.4142135623730817
 10
306.9999999999998
 20
357.078357022993
 10
341.0000000000008
 20
357.0783570229919
 42
0.4142135623731101
  0
LWPOLYLINE
  5
CAD00482
330
1F
100
AcDbEntity
  8
0
100
AcDbPolyline
 90
        8
 70
     1
 43
0.0
 10
404.0000000000008
 20
362.078357022992
 10
404.0000000000007
 20
442.078357022991
 42
0.4142135623730885
 10
399.0000000000008
 20
447.078357022991
 10
365.0000000000003
 20
447.0783570229914
 42
0.4142135623730951
 10
360.0000000000002
 20
442.0783570229914
 10
360.0
 20
362.078357022993
 42
0.4142135623730817
 10
364.9999999999999
 20
357.078357022993
 10
399.0000000000008
 20
357.0783570229919
 42
0.4142135623731101
  0
LWPOLYLINE
  5
CAD00483
330
1F
100
AcDbEntity
  8
0
100
AcDbPolyline
 90
        8
 70
     1
 43
0.0
 10
462.0000000000008
 20
359.5783570229923
 10
462.0000000000007
 20
442.0783570229914
 42
0.4142135623730885
 10
457.0000000000008
 20
447.0783570229914
 10
423.0000000000003
 20
447.0783570229919
 42
0.4142135623730951
 10
418.0000000000002
 20
442.0783570229919
 10
418.0
 20
362.0783570229935
 42
0.4142135623730817
 10
422.9999999999998
 20
357.0783570229934
 10
459.5000000000008
 20
357.0783570229923
 42
0.4142135623731053
  0
LWPOLYLINE
  5
CAD00484
330
1F
100
AcDbEntity
  8
0
100
AcDbPolyline
 90
        8
 70
     1
 43
0.0
 10
520.0000000000009
 20
362.0783570229928
 10
520.0000000000007
 20
442.0783570229919
 42
0.4142135623730918
 10
515.0000000000006
 20
447.0783570229919
 10
481.0000000000003
 20
447.0783570229923
 42
0.4142135623730966
 10
476.0000000000002
 20
442.0783570229923
 10
476.0
 20
362.078357022994
 42
0.4142135623730817
 10
480.9999999999998
 20
357.0783570229939
 10
515.0000000000006
 20
357.0783570229928
 42
0.4142135623731084
  0
LWPOLYLINE
  5
CAD00485
330
1F
100
AcDbEntity
  8
0
100
AcDbPolyline
 90
        8
 70
     1
 43
0.0
 10
578.0000000000009
 20
362.0783570229932
 10
578.0000000000007
 20
442.0783570229923
 42
0.4142135623730918
 10
573.0000000000006
 20
447.0783570229923
 10
539.0000000000002
 20
447.0783570229928
 42
0.4142135623730951
 10
534.0000000000002
 20
442.0783570229928
 10
534.0
 20
362.0783570229944
 42
0.4142135623730851
 10
538.9999999999997
 20
357.0783570229944
 10
573.0000000000006
 20
357.0783570229933
 42
0.4142135623731084
  0
CIRCLE
  5
CAD004E1
330
1F
100
AcDbEntity
  8
back_outsideCutPath
100
AcDbCircle
 10
26.54453727692226
 20
-626.7870839283787
 30
0.0
 40
1.6
  0
CIRCLE
  5
CAD004E2
330
1F
100
AcDbEntity
  8
back_outsideCutPath
100
AcDbCircle
 10
34.34453727692267
 20
-649.983850944495
 30
0.0
 40
1.6
  0
CIRCLE
  5
CAD004E4
330
1F
100
AcDbEntity
  8
back_outsideCutPath
100
AcDbCircle
 10
14.94453727692098
 20
-626.7870839283787
 30
0.0
 40
1.6
  0
LINE
  5
CAD004E5
330
1F
100
AcDbEntity
  8
0
100
AcDbLine
 10
20.74453727692162
 20
-643.7870839283787
 30
0.0
 11
20.74453727692162
 21
-653.7870839283787
 31
0.0
  0
LINE
  5
CAD004E6
330
1F
100
AcDbEntity
  8
0
100
AcDbLine
 10
20.74453727692162
 20
-631.9870839283794
 30
0.0
 11
20.74453727692162
 21
-621.9870839283794
 31
0.0
  0
CIRCLE
  5
CAD004EB
330
1F
100
AcDbEntity
  8
back_outsideCutPath
100
AcDbCircle
 10
7.144537276920573
 20
-649.983850944495
 30
0.0
 40
1.6
  0
CIRCLE
  5
CAD0058A
330
1F
100
AcDbEntity
  8
back_outsideCutPath
100
AcDbCircle
 10
64.34453727692016
 20
-626.7870839283787
 30
0.0
 40
1.6
  0
CIRCLE
  5
CAD0058B
330
1F
100
AcDbEntity
  8
back_outsideCutPath
100
AcDbCircle
 10
72.14453727692057
 20
-649.983850944495
 30
0.0
 40
1.6
  0
CIRCLE
  5
CAD0058D
330
1F
100
AcDbEntity
  8
back_outsideCutPath
100
AcDbCircle
 10
52.74453727691889
 20
-626.7870839283787
 30
0.0
 40
1.6
  0
LINE
  5
CAD0058E
330
1F
100
AcDbEntity
  8
0
100
AcDbLine
 10
58.54453727691953
 20
-643.7870839283787
 30
0.0
 11
58.54453727691953
 21
-653.7870839283787
 31
0.0
  0
LINE
  5
CAD0058F
330
1F
100
AcDbEntity
  8
0
100
AcDbLine
 10
58.54453727691953
 20
-631.9870839283794
 30
0.0
 11
58.54453727691953
 21
-621.9870839283794
 31
0.0
  0
CIRCLE
  5
CAD00592
330
1F
100
AcDbEntity
  8
back_outsideCutPath
100
AcDbCircle
 10
44.94453727691848
 20
-649.983850944495
 30
0.0
 40
1.6
  0
CIRCLE
  5
CAD00593
330
1F
100
AcDbEntity
  8
back_outsideCutPath
100
AcDbCircle
 10
102.1445372769176
 20
-626.7870839283787
 30
0.0
 40
1.6
  0
CIRCLE
  5
CAD00594
330
1F
100
AcDbEntity
  8
back_outsideCutPath
100
AcDbCircle
 10
109.944537276918
 20
-649.983850944495
 30
0.0
 40
1.6
  0
CIRCLE
  5
CAD00596
330
1F
100
AcDbEntity
  8
back_outsideCutPath
100
AcDbCircle
 10
90.54453727691635
 20
-626.7870839283787
 30
0.0
 40
1.6
  0
LINE
  5
CAD00597
330
1F
100
AcDbEntity
  8
0
100
AcDbLine
 10
96.34453727691699
 20
-643.7870839283787
 30
0.0
 11
96.34453727691699
 21
-653.7870839283787
 31
0.0
  0
LINE
  5
CAD00598
330
1F
100
AcDbEntity
  8
0
100
AcDbLine
 10
96.34453727691699
 20
-631.9870839283794
 30
0.0
 11
96.34453727691699
 21
-621.9870839283794
 31
0.0
  0
CIRCLE
  5
CAD0059B
330
1F
100
AcDbEntity
  8
back_outsideCutPath
100
AcDbCircle
 10
82.74453727691593
 20
-649.983850944495
 30
0.0
 40
1.6
  0
CIRCLE
  5
CAD0059C
330
1F
100
AcDbEntity
  8
back_outsideCutPath
100
AcDbCircle
 10
139.9445372769155
 20
-626.7870839283771
 30
0.0
 40
1.6
  0
CIRCLE
  5
CAD0059D
330
1F
100
AcDbEntity
  8
back_outsideCutPath
100
AcDbCircle
 10
147.7445372769159
 20
-649.9838509444934
 30
0.0
 40
1.6
  0
CIRCLE
  5
CAD0059F
330
1F
100
AcDbEntity
  8
back_outsideCutPath
100
AcDbCircle
 10
128.3445372769142
 20
-626.7870839283771
 30
0.0
 40
1.6
  0
LINE
  5
CAD005A0
330
1F
100
AcDbEntity
  8
0
100
AcDbLine
 10
134.1445372769149
 20
-643.7870839283771
 30
0.0
 11
134.1445372769149
 21
-653.7870839283771
 31
0.0
  0
LINE
  5
CAD005A1
330
1F
100
AcDbEntity
  8
0
100
AcDbLine
 10
134.1445372769149
 20
-631.9870839283778
 30
0.0
 11
134.1445372769149
 21
-621.9870839283778
 31
0.0
  0
CIRCLE
  5
CAD005A4
330
1F
100
AcDbEntity
  8
back_outsideCutPath
100
AcDbCircle
 10
120.5445372769138
 20
-649.9838509444934
 30
0.0
 40
1.6
  0
CIRCLE
  5
CAD005A5
330
1F
100
AcDbEntity
  8
back_outsideCutPath
100
AcDbCircle
 10
177.7445372769129
 20
-626.7870839283771
 30
0.0
 40
1.6
  0
CIRCLE
  5
CAD005A6
330
1F
100
AcDbEntity
  8
back_outsideCutPath
100
AcDbCircle
 10
185.5445372769134
 20
-649.9838509444934
 30
0.0
 40
1.6
  0
CIRCLE
  5
CAD005A8
330
1F
100
AcDbEntity
  8
back_outsideCutPath
100
AcDbCircle
 10
166.1445372769117
 20
-626.7870839283771
 30
0.0
 40
1.6
  0
LINE
  5
CAD005A9
330
1F
100
AcDbEntity
  8
0
100
AcDbLine
 10
171.9445372769123
 20
-643.7870839283771
 30
0.0
 11
171.9445372769123
 21
-653.7870839283771
 31
0.0
  0
LINE
  5
CAD005AA
330
1F
100
AcDbEntity
  8
0
100
AcDbLine
 10
171.9445372769123
 20
-631.9870839283778
 30
0.0
 11
171.9445372769123
 21
-621.9870839283778
 31
0.0
  0
CIRCLE
  5
CAD005AD
330
1F
100
AcDbEntity
  8
back_outsideCutPath
100
AcDbCircle
 10
158.3445372769113
 20
-649.9838509444934
 30
0.0
 40
1.6
  0
CIRCLE
  5
CAD005AE
330
1F
100
AcDbEntity
  8
back_outsideCutPath
100
AcDbCircle
 10
215.5445372769104
 20
-626.7870839283771
 30
0.0
 40
1.6
  0
CIRCLE
  5
CAD005AF
330
1F
100
AcDbEntity
  8
back_outsideCutPath
100
AcDbCircle
 10
223.3445372769109
 20
-649.9838509444934
 30
0.0
 40
1.6
  0
CIRCLE
  5
CAD005B1
330
1F
100
AcDbEntity
  8
back_outsideCutPath
100
AcDbCircle
 10
203.9445372769092
 20
-626.7870839283771
 30
0.0
 40
1.6
  0
LINE
  5
CAD005B2
330
1F
100
AcDbEntity
  8
0
100
AcDbLine
 10
209.7445372769098
 20
-643.7870839283771
 30
0.0
 11
209.7445372769098
 21
-653.7870839283771
 31
0.0
  0
LINE
  5
CAD005B3
330
1F
100
AcDbEntity
  8
0
100
AcDbLine
 10
209.7445372769098
 20
-631.9870839283778
 30
0.0
 11
209.7445372769098
 21
-621.9870839283778
 31
0.0
  0
CIRCLE
  5
CAD005B6
330
1F
100
AcDbEntity
  8
back_outsideCutPath
100
AcDbCircle
 10
196.1445372769087
 20
-649.9838509444934
 30
0.0
 40
1.6
  0
CIRCLE
  5
CAD005B7
330
1F
100
AcDbEntity
  8
back_outsideCutPath
100
AcDbCircle
 10
253.3445372769083
 20
-626.7870839283755
 30
0.0
 40
1.6
  0
CIRCLE
  5
CAD005B8
330
1F
100
AcDbEntity
  8
back_outsideCutPath
100
AcDbCircle
 10
261.1445372769087
 20
-649.9838509444919
 30
0.0
 40
1.6
  0
CIRCLE
  5
CAD005BA
330
1F
100
AcDbEntity
  8
back_outsideCutPath
100
AcDbCircle
 10
241.7445372769071
 20
-626.7870839283755
 30
0.0
 40
1.6
  0
LINE
  5
CAD005BB
330
1F
100
AcDbEntity
  8
0
100
AcDbLine
 10
247.5445372769077
 20
-643.7870839283755
 30
0.0
 11
247.5445372769077
 21
-653.7870839283755
 31
0.0
  0
LINE
  5
CAD005BC
330
1F
100
AcDbEntity
  8
0
100
AcDbLine
 10
247.5445372769077
 20
-631.9870839283762
 30
0.0
 11
247.5445372769077
 21
-621.9870839283762
 31
0.0
  0
CIRCLE
  5
CAD005BF
330
1F
100
AcDbEntity
  8
back_outsideCutPath
100
AcDbCircle
 10
233.9445372769067
 20
-649.9838509444919
 30
0.0
 40
1.6
  0
CIRCLE
  5
CAD005C0
330
1F
100
AcDbEntity
  8
back_outsideCutPath
100
AcDbCircle
 10
291.1445372769058
 20
-626.7870839283755
 30
0.0
 40
1.6
  0
CIRCLE
  5
CAD005C1
330
1F
100
AcDbEntity
  8
back_outsideCutPath
100
AcDbCircle
 10
298.9445372769062
 20
-649.9838509444919
 30
0.0
 40
1.6
  0
CIRCLE
  5
CAD005C3
330
1F
100
AcDbEntity
  8
back_outsideCutPath
100
AcDbCircle
 10
279.5445372769045
 20
-626.7870839283755
 30
0.0
 40
1.6
  0
LINE
  5
CAD005C4
330
1F
100
AcDbEntity
  8
0
100
AcDbLine
 10
285.3445372769051
 20
-643.7870839283755
 30
0.0
 11
285.3445372769051
 21
-653.7870839283755
 31
0.0
  0
LINE
  5
CAD005C5
330
1F
100
AcDbEntity
  8
0
100
AcDbLine
 10
285.3445372769051
 20
-631.9870839283762
 30
0.0
 11
285.3445372769051
 21
-621.9870839283762
 31
0.0
  0
CIRCLE
  5
CAD005C8
330
1F
100
AcDbEntity
  8
back_outsideCutPath
100
AcDbCircle
 10
271.7445372769041
 20
-649.9838509444919
 30
0.0
 40
1.6
  0
CIRCLE
  5
CAD005C9
330
1F
100
AcDbEntity
  8
back_outsideCutPath
100
AcDbCircle
 10
328.9445372769033
 20
-626.7870839283755
 30
0.0
 40
1.6
  0
CIRCLE
  5
CAD005CA
330
1F
100
AcDbEntity
  8
back_outsideCutPath
100
AcDbCircle
 10
336.7445372769036
 20
-649.9838509444919
 30
0.0
 40
1.6
  0
CIRCLE
  5
CAD005CC
330
1F
100
AcDbEntity
  8
back_outsideCutPath
100
AcDbCircle
 10
317.344537276902
 20
-626.7870839283755
 30
0.0
 40
1.6
  0
LINE
  5
CAD005CD
330
1F
100
AcDbEntity
  8
0
100
AcDbLine
 10
323.1445372769026
 20
-643.7870839283755
 30
0.0
 11
323.1445372769026
 21
-653.7870839283755
 31
0.0
  0
LINE
  5
CAD005CE
330
1F
100
AcDbEntity
  8
0
100
AcDbLine
 10
323.1445372769026
 20
-631.9870839283762
 30
0.0
 11
323.1445372769026
 21
-621.9870839283762
 31
0.0
  0
CIRCLE
  5
CAD005D1
330
1F
100
AcDbEntity
  8
back_outsideCutPath
100
AcDbCircle
 10
309.5445372769016
 20
-649.9838509444919
 30
0.0
 40
1.6
  0
CIRCLE
  5
CAD005D2
330
1F
100
AcDbEntity
  8
back_outsideCutPath
100
AcDbCircle
 10
366.7445372769007
 20
-626.7870839283755
 30
0.0
 40
1.6
  0
CIRCLE
  5
CAD005D3
330
1F
100
AcDbEntity
  8
back_outsideCutPath
100
AcDbCircle
 10
374.5445372769011
 20
-649.9838509444919
 30
0.0
 40
1.6
  0
CIRCLE
  5
CAD005D5
330
1F
100
AcDbEntity
  8
back_outsideCutPath
100
AcDbCircle
 10
355.1445372768994
 20
-626.7870839283755
 30
0.0
 40
1.6
  0
LINE
  5
CAD005D6
330
1F
100
AcDbEntity
  8
0
100
AcDbLine
 10
360.9445372769001
 20
-643.7870839283755
 30
0.0
 11
360.9445372769001
 21
-653.7870839283755
 31
0.0
  0
LINE
  5
CAD005D7
330
1F
100
AcDbEntity
  8
0
100
AcDbLine
 10
360.9445372769001
 20
-631.9870839283762
 30
0.0
 11
360.9445372769001
 21
-621.9870839283762
 31
0.0
  0
CIRCLE
  5
CAD005DA
330
1F
100
AcDbEntity
  8
back_outsideCutPath
100
AcDbCircle
 10
347.344537276899
 20
-649.9838509444919
 30
0.0
 40
1.6
  0
LINE
  5
CAD005DD
330
1F
100
AcDbEntity
  8
back_outsideCutPath
100
AcDbLine
 10
39.64453727692126
 20
-653.7870839283787
 30
0.0
 11
39.6445372769208
 21
-621.9870839283794
 31
0.0
  0
LINE
  5
CAD005E4
330
1F
100
AcDbEntity
  8
back_outsideCutPath
100
AcDbLine
 10
77.44453727691916
 20
-653.7870839283787
 30
0.0
 11
77.44453727691871
 21
-621.9870839283794
 31
0.0
  0
LINE
  5
CAD005F0
330
1F
100
AcDbEntity
  8
back_outsideCutPath
100
AcDbLine
 10
115.2445372769157
 20
-621.9870839283778
 30
0.0
 11
115.2445372769152
 21
-653.7870839283771
 31
0.0
  0
LINE
  5
CAD005F2
330
1F
100
AcDbEntity
  8
back_outsideCutPath
100
AcDbLine
 10
153.0445372769145
 20
-653.7870839283771
 30
0.0
 11
153.044537276914
 21
-621.9870839283778
 31
0.0
  0
LINE
  5
CAD005FE
330
1F
100
AcDbEntity
  8
back_outsideCutPath
100
AcDbLine
 10
190.8445372769106
 20
-621.9870839283778
 30
0.0
 11
190.8445372769101
 21
-653.7870839283771
 31
0.0
  0
LINE
  5
CAD00605
330
1F
100
AcDbEntity
  8
back_outsideCutPath
100
AcDbLine
 10
228.6445372769085
 20
-621.9870839283762
 30
0.0
 11
228.644537276908
 21
-653.7870839283755
 31
0.0
  0
LINE
  5
CAD00607
330
1F
100
AcDbEntity
  8
back_outsideCutPath
100
AcDbLine
 10
266.4445372769074
 20
-653.7870839283755
 30
0.0
 11
266.4445372769069
 21
-621.9870839283762
 31
0.0
  0
LINE
  5
CAD00613
330
1F
100
AcDbEntity
  8
back_outsideCutPath
100
AcDbLine
 10
304.2445372769034
 20
-621.9870839283762
 30
0.0
 11
304.244537276903
 21
-653.7870839283755
 31
0.0
  0
LINE
  5
CAD00615
330
1F
100
AcDbEntity
  8
back_outsideCutPath
100
AcDbLine
 10
342.0445372769023
 20
-653.7870839283755
 30
0.0
 11
342.0445372769018
 21
-621.9870839283762
 31
0.0
  0
LWPOLYLINE
  5
CAD00621
330
1F
100
AcDbEntity
  8
back_outsideCutPath
100
AcDbPolyline
 90
        4
 70
     1
 43
0.0
 10
357.9445372769001
 20
-643.7870839283755
 10
357.9445372769001
 20
-631.9870839283762
 10
363.9445372769001
 20
-631.9870839283762
 10
363.9445372769001
 20
-643.7870839283755
  0
LWPOLYLINE
  5
CAD00622
330
1F
100
AcDbEntity
  8
back_outsideCutPath
100
AcDbPolyline
 90
        4
 70
     1
 43
0.0
 10
1.844537276922437
 20
-621.9870839283794
 10
1.844537276921982
 20
-653.7870839283787
 10
379.8445372768997
 20
-653.7870839283755
 10
379.8445372768993
 20
-621.9870839283762
  0
LWPOLYLINE
  5
CAD00623
330
1F
100
AcDbEntity
  8
back_outsideCutPath
100
AcDbPolyline
 90
        4
 70
     1
 43
0.0
 10
320.1445372769026
 20
-643.7870839283755
 10
320.1445372769026
 20
-631.9870839283762
 10
326.1445372769026
 20
-631.9870839283762
 10
326.1445372769026
 20
-643.7870839283755
  0
LWPOLYLINE
  5
CAD00624
330
1F
100
AcDbEntity
  8
back_outsideCutPath
100
AcDbPolyline
 90
        4
 70
     1
 43
0.0
 10
282.3445372769052
 20
-643.7870839283755
 10
282.3445372769052
 20
-631.9870839283762
 10
288.3445372769052
 20
-631.9870839283762
 10
288.3445372769052
 20
-643.7870839283755
  0
LWPOLYLINE
  5
CAD00625
330
1F
100
AcDbEntity
  8
back_outsideCutPath
100
AcDbPolyline
 90
        4
 70
     1
 43
0.0
 10
244.5445372769077
 20
-643.7870839283755
 10
244.5445372769077
 20
-631.9870839283762
 10
250.5445372769077
 20
-631.9870839283762
 10
250.5445372769077
 20
-643.7870839283755
  0
LWPOLYLINE
  5
CAD00626
330
1F
100
AcDbEntity
  8
back_outsideCutPath
100
AcDbPolyline
 90
        4
 70
     1
 43
0.0
 10
206.7445372769098
 20
-643.7870839283771
 10
206.7445372769098
 20
-631.9870839283778
 10
212.7445372769098
 20
-631.9870839283778
 10
212.7445372769098
 20
-643.7870839283771
  0
LWPOLYLINE
  5
CAD00627
330
1F
100
AcDbEntity
  8
back_outsideCutPath
100
AcDbPolyline
 90
        4
 70
     1
 43
0.0
 10
168.9445372769123
 20
-643.7870839283771
 10
168.9445372769123
 20
-631.9870839283778
 10
174.9445372769123
 20
-631.9870839283778
 10
174.9445372769123
 20
-643.7870839283771
  0
LWPOLYLINE
  5
CAD00628
330
1F
100
AcDbEntity
  8
back_outsideCutPath
100
AcDbPolyline
 90
        4
 70
     1
 43
0.0
 10
131.1445372769149
 20
-643.7870839283771
 10
131.1445372769149
 20
-631.9870839283778
 10
137.1445372769149
 20
-631.9870839283778
 10
137.1445372769149
 20
-643.7870839283771
  0
LWPOLYLINE
  5
CAD00629
330
1F
100
AcDbEntity
  8
back_outsideCutPath
100
AcDbPolyline
 90
        4
 70
     1
 43
0.0
 10
93.34453727691698
 20
-643.7870839283787
 10
93.34453727691698
 20
-631.9870839283794
 10
99.34453727691698
 20
-631.9870839283794
 10
99.34453727691698
 20
-643.7870839283787
  0
LWPOLYLINE
  5
CAD0062A
330
1F
100
AcDbEntity
  8
back_outsideCutPath
100
AcDbPolyline
 90
        4
 70
     1
 43
0.0
 10
55.54453727691953
 20
-643.7870839283787
 10
55.54453727691953
 20
-631.9870839283794
 10
61.54453727691953
 20
-631.9870839283794
 10
61.54453727691953
 20
-643.7870839283787
  0
LWPOLYLINE
  5
CAD0062B
330
1F
100
AcDbEntity
  8
back_outsideCutPath
100
AcDbPolyline
 90
        4
 70
     1
 43
0.0
 10
17.74453727692162
 20
-643.7870839283787
 10
17.74453727692162
 20
-631.9870839283794
 10
23.74453727692162
 20
-631.9870839283794
 10
23.74453727692162
 20
-643.7870839283787
  0
LWPOLYLINE
  5
CAD006BB
330
1F
100
AcDbEntity
  8
0
100
AcDbPolyline
 90
       36
 70
     1
 43
0.0
 10
86.95499680503235
 20
-432.1924575640091
 10
115.9549968050323
 20
-432.1924575640091
 10
115.9549968050323
 20
-425.1924575640091
 10
118.9549968050323
 20
-425.1924575640091
 10
118.9549968050323
 20
-415.1924575640091
 10
115.9549968050323
 20
-415.1924575640091
 10
115.9549968050323
 20
-408.1924575640091
 10
86.95499680503235
 20
-408.1924575640091
 10
86.95499680503235
 20
-402.1924575640091
 10
115.9549968050323
 20
-402.1924575640091
 10
115.9549968050323
 20
-395.1924575640092
 10
118.9549968050323
 20
-395.1924575640092
 10
118.9549968050323
 20
-385.1924575640092
 10
115.9549968050323
 20
-385.1924575640092
 10
115.9549968050323
 20
-378.1924575640092
 10
86.95499680503235
 20
-378.1924575640092
 10
86.95499680503235
 20
-375.1924575640091
 10
36.95499680503235
 20
-375.1924575640091
 10
36.95499680503235
 20
-378.1924575640092
 10
7.954996805032351
 20
-378.1924575640092
 10
7.954996805032351
 20
-385.1924575640092
 10
4.954996805032351
 20
-385.1924575640092
 10
4.954996805032351
 20
-395.1924575640092
 10
7.954996805032351
 20
-395.1924575640092
 10
7.954996805032351
 20
-402.1924575640091
 10
36.95499680503235
 20
-402.1924575640091
 10
36.95499680503235
 20
-408.1924575640091
 10
7.954996805032351
 20
-408.1924575640091
 10
7.954996805032351
 20
-415.1924575640091
 10
4.954996805032351
 20
-415.1924575640091
 10
4.954996805032351
 20
-425.1924575640091
 10
7.954996805032351
 20
-425.1924575640091
 10
7.954996805032351
 20
-432.1924575640091
 10
36.95499680503235
 20
-432.1924575640091
 10
36.95499680503235
 20
-435.1924575640091
 10
86.95499680503235
 20
-435.1924575640091
  0
LWPOLYLINE
  5
CAD006BC
330
1F
100
AcDbEntity
  8
0
100
AcDbPolyline
 90
        2
 70
     0
 43
0.0
 10
36.95499680503235
 20
-405.1924575640091
 10
86.95499680503235
 20
-405.1924575640091
  0
LWPOLYLINE
  5
CAD00836
330
1F
100
AcDbEntity
  8
0
100
AcDbPolyline
 90
       22
 70
     0
 43
0.0
 10
0.0
 20
-227.7019625144367
 10
27.73820755546387
 20
-227.7019625144367
 10
27.73820755546376
 20
-224.7019625144367
 10
87.73820755546386
 20
-224.7019625144367
 10
87.73820755546376
 20
-227.7019625144367
 10
146.3691037777319
 20
-227.7019625144367
 10
146.3691037777319
 20
-224.7019625144367
 10
206.3691037777319
 20
-224.7019625144367
 10
206.3691037777318
 20
-227.7019625144367
 10
265.0000000000001
 20
-227.7019625144367
 10
265.0
 20
-224.7019625144367
 10
325.0
 20
-224.7019625144367
 10
325.0
 20
-227.7019625144367
 10
383.6308962222682
 20
-227.7019625144367
 10
383.6308962222681
 20
-224.7019625144367
 10
443.6308962222681
 20
-224.7019625144367
 10
443.6308962222681
 20
-227.7019625144367
 10
502.2617924445363
 20
-227.7019625144367
 10
502.2617924445362
 20
-224.7019625144367
 10
562.2617924445362
 20
-224.7019625144367
 10
562.2617924445362
 20
-227.7019625144367
 10
590.0
 20
-227.7019625144367
  0
LWPOLYLINE
  5
CAD00837
330
1F
100
AcDbEntity
  8
0
100
AcDbPolyline
 90
       22
 70
     0
 43
0.0
 10
590.0
 20
-113.7019625144385
 10
562.2617924445362
 20
-113.7019625144385
 10
562.2617924445362
 20
-116.7019625144385
 10
502.2617924445362
 20
-116.7019625144385
 10
502.2617924445363
 20
-113.7019625144385
 10
443.6308962222682
 20
-113.7019625144385
 10
443.6308962222683
 20
-116.7019625144385
 10
383.6308962222682
 20
-116.7019625144385
 10
383.6308962222684
 20
-113.7019625144385
 10
325.0000000000002
 20
-113.7019625144385
 10
325.0
 20
-116.7019625144385
 10
265.0
 20
-116.7019625144385
 10
265.0
 20
-113.7019625144385
 10
206.3691037777318
 20
-113.7019625144385
 10
206.369103777732
 20
-116.7019625144385
 10
146.3691037777321
 20
-116.7019625144385
 10
146.369103777732
 20
-113.7019625144385
 10
87.73820755546399
 20
-113.7019625144385
 10
87.73820755546386
 20
-116.7019625144385
 10
27.73820755546376
 20
-116.7019625144385
 10
27.73820755546387
 20
-113.7019625144385
 10
0.0
 20
-113.7019625144385
  0
LWPOLYLINE
  5
CAD00838
330
1F
100
AcDbEntity
  8
0
100
AcDbPolyline
 90
       22
 70
     0
 43
0.0
 10
0.0
 20
-251.7019625144366
 10
27.73820755546376
 20
-251.7019625144366
 10
27.73820755546376
 20
-254.7019625144367
 10
87.73820755546376
 20
-254.7019625144367
 10
87.73820755546399
 20
-251.7019625144366
 10
146.3691037777321
 20
-251.7019625144366
 10
146.3691037777321
 20
-254.7019625144366
 10
206.3691037777321
 20
-254.7019625144366
 10
206.3691037777317
 20
-251.7019625144366
 10
265.0
 20
-251.7019625144366
 10
265.0
 20
-254.7019625144366
 10
325.0
 20
-254.7019625144366
 10
325.0000000000002
 20
-251.7019625144366
 10
383.6308962222684
 20
-251.7019625144366
 10
383.6308962222684
 20
-254.7019625144366
 10
443.6308962222683
 20
-254.7019625144367
 10
443.6308962222683
 20
-251.7019625144366
 10
502.2617924445362
 20
-251.7019625144366
 10
502.2617924445362
 20
-254.7019625144367
 10
562.2617924445362
 20
-254.7019625144367
 10
562.2617924445362
 20
-251.7019625144366
 10
590.0
 20
-251.7019625144366
  0
LWPOLYLINE
  5
CAD00839
330
1F
100
AcDbEntity
  8
0
100
AcDbPolyline
 90
       12
 70
     1
 43
0.0
 10
564.2500000000002
 20
-156.3019625144361
 10
561.2500000000002
 20
-156.3019625144361
 10
561.2500000000002
 20
-168.1019625144354
 10
564.2500000000002
 20
-168.1019625144354
 10
564.2500000000002
 20
-178.1019625144354
 10
547.7500000000002
 20
-178.1019625144354
 10
547.7500000000002
 20
-168.1019625144354
 10
550.7500000000002
 20
-168.1019625144354
 10
550.7500000000002
 20
-156.3019625144361
 10
547.7500000000002
 20
-156.3019625144361
 10
547.7500000000002
 20
-146.3019625144361
 10
564.2500000000002
 20
-146.3019625144361
  0
LWPOLYLINE
  5
CAD0083A
330
1F
100
AcDbEntity
  8
0
100
AcDbPolyline
 90
       12
 70
     1
 43
0.0
 10
506.2500000000002
 20
-156.3019625144366
 10
503.2500000000002
 20
-156.3019625144366
 10
503.2500000000002
 20
-168.1019625144358
 10
506.2500000000002
 20
-168.1019625144358
 10
506.2500000000002
 20
-178.1019625144358
 10
489.7500000000002
 20
-178.1019625144358
 10
489.7500000000002
 20
-168.1019625144358
 10
492.7500000000001
 20
-168.1019625144358
 10
492.7500000000001
 20
-156.3019625144366
 10
489.7500000000002
 20
-156.3019625144366
 10
489.7500000000002
 20
-146.3019625144366
 10
506.2500000000002
 20
-146.3019625144366
  0
LWPOLYLINE
  5
CAD0083B
330
1F
100
AcDbEntity
  8
0
100
AcDbPolyline
 90
       12
 70
     1
 43
0.0
 10
448.2500000000002
 20
-156.301962514437
 10
445.2500000000002
 20
-156.301962514437
 10
445.2500000000002
 20
-168.1019625144363
 10
448.2500000000002
 20
-168.1019625144363
 10
448.2500000000002
 20
-178.1019625144363
 10
431.7500000000002
 20
-178.1019625144363
 10
431.7500000000002
 20
-168.1019625144363
 10
434.7500000000002
 20
-168.1019625144363
 10
434.7500000000002
 20
-156.301962514437
 10
431.7500000000002
 20
-156.301962514437
 10
431.7500000000002
 20
-146.301962514437
 10
448.2500000000002
 20
-146.301962514437
  0
LWPOLYLINE
  5
CAD0083C
330
1F
100
AcDbEntity
  8
0
100
AcDbPolyline
 90
       12
 70
     1
 43
0.0
 10
391.8808962222671
 20
-156.3019625144374
 10
388.8808962222671
 20
-156.3019625144374
 10
388.8808962222671
 20
-168.1019625144367
 10
391.8808962222671
 20
-168.1019625144367
 10
391.8808962222671
 20
-178.1019625144367
 10
375.3808962222671
 20
-178.1019625144367
 10
375.3808962222671
 20
-168.1019625144367
 10
378.3808962222671
 20
-168.1019625144367
 10
378.3808962222671
 20
-156.3019625144374
 10
375.3808962222671
 20
-156.3019625144374
 10
375.3808962222671
 20
-146.3019625144374
 10
391.8808962222671
 20
-146.3019625144374
  0
LWPOLYLINE
  5
CAD0083D
330
1F
100
AcDbEntity
  8
0
100
AcDbPolyline
 90
       12
 70
     1
 43
0.0
 10
332.2500000000002
 20
-156.3019625144375
 10
329.2500000000002
 20
-156.3019625144375
 10
329.2500000000002
 20
-168.1019625144367
 10
332.2500000000002
 20
-168.1019625144367
 10
332.2500000000002
 20
-178.1019625144367
 10
315.7500000000002
 20
-178.1019625144367
 10
315.7500000000002
 20
-168.1019625144367
 10
318.7500000000002
 20
-168.1019625144367
 10
318.7500000000002
 20
-156.3019625144375
 10
315.7500000000002
 20
-156.3019625144375
 10
315.7500000000002
 20
-146.3019625144375
 10
332.2500000000002
 20
-146.3019625144375
  0
LWPOLYLINE
  5
CAD0083E
330
1F
100
AcDbEntity
  8
0
100
AcDbPolyline
 90
       12
 70
     1
 43
0.0
 10
274.2500000000002
 20
-156.3019625144375
 10
271.2500000000002
 20
-156.3019625144375
 10
271.2500000000002
 20
-168.1019625144367
 10
274.2500000000002
 20
-168.1019625144367
 10
274.2500000000002
 20
-178.1019625144367
 10
257.7500000000002
 20
-178.1019625144367
 10
257.7500000000002
 20
-168.1019625144367
 10
260.7500000000002
 20
-168.1019625144367
 10
260.7500000000002
 20
-156.3019625144375
 10
257.7500000000002
 20
-156.3019625144375
 10
257.7500000000002
 20
-146.3019625144375
 10
274.2500000000002
 20
-146.3019625144375
  0
LWPOLYLINE
  5
CAD0083F
330
1F
100
AcDbEntity
  8
0
100
AcDbPolyline
 90
       12
 70
     1
 43
0.0
 10
216.2500000000002
 20
-156.301962514437
 10
213.2500000000002
 20
-156.301962514437
 10
213.2500000000002
 20
-168.1019625144363
 10
216.2500000000002
 20
-168.1019625144363
 10
216.2500000000002
 20
-178.1019625144363
 10
199.7500000000002
 20
-178.1019625144363
 10
199.7500000000002
 20
-168.1019625144363
 10
202.7500000000002
 20
-168.1019625144363
 10
202.7500000000002
 20
-156.301962514437
 10
199.7500000000002
 20
-156.301962514437
 10
199.7500000000002
 20
-146.301962514437
 10
216.2500000000002
 20
-146.301962514437
  0
LWPOLYLINE
  5
CAD00840
330
1F
100
AcDbEntity
  8
0
100
AcDbPolyline
 90
       12
 70
     1
 43
0.0
 10
158.2500000000002
 20
-156.3019625144375
 10
155.2500000000002
 20
-156.3019625144375
 10
155.2500000000002
 20
-168.1019625144367
 10
158.2500000000002
 20
-168.1019625144367
 10
158.2500000000002
 20
-178.1019625144367
 10
141.7500000000002
 20
-178.1019625144367
 10
141.7500000000002
 20
-168.1019625144367
 10
144.7500000000002
 20
-168.1019625144367
 10
144.7500000000002
 20
-156.3019625144375
 10
141.7500000000002
 20
-156.3019625144375
 10
141.7500000000002
 20
-146.3019625144375
 10
158.2500000000002
 20
-146.3019625144375
  0
LWPOLYLINE
  5
CAD00841
330
1F
100
AcDbEntity
  8
0
100
AcDbPolyline
 90
       12
 70
     1
 43
0.0
 10
100.2500000000002
 20
-156.3019625144375
 10
97.25000000000022
 20
-156.3019625144375
 10
97.25000000000022
 20
-168.1019625144367
 10
100.2500000000002
 20
-168.1019625144367
 10
100.2500000000002
 20
-178.1019625144367
 10
83.75000000000023
 20
-178.1019625144367
 10
83.75000000000023
 20
-168.1019625144367
 10
86.75000000000023
 20
-168.1019625144367
 10
86.75000000000023
 20
-156.3019625144375
 10
83.75000000000023
 20
-156.3019625144375
 10
83.75000000000023
 20
-146.3019625144375
 10
100.2500000000002
 20
-146.3019625144375
  0
LWPOLYLINE
  5
CAD00842
330
1F
100
AcDbEntity
  8
0
100
AcDbPolyline
 90
       12
 70
     1
 43
0.0
 10
42.25000000000022
 20
-156.3019625144379
 10
39.25000000000023
 20
-156.3019625144379
 10
39.25000000000023
 20
-168.1019625144372
 10
42.25000000000022
 20
-168.1019625144372
 10
42.25000000000022
 20
-178.1019625144372
 10
25.75000000000023
 20
-178.1019625144372
 10
25.75000000000023
 20
-168.1019625144372
 10
28.75000000000023
 20
-168.1019625144372
 10
28.75000000000023
 20
-156.3019625144379
 10
25.75000000000023
 20
-156.3019625144379
 10
25.75000000000023
 20
-146.3019625144379
 10
42.25000000000022
 20
-146.3019625144379
  0
LWPOLYLINE
  5
CAD00843
330
1F
100
AcDbEntity
  8
0
100
AcDbPolyline
 90
       76
 70
     1
 43
0.0
 10
587.0
 20
-333.7019625144358
 10
587.0
 20
-283.7019625144358
 10
590.0
 20
-283.7019625144358
 10
590.0
 20
-244.7019625144367
 10
587.0
 20
-244.7019625144367
 10
587.0
 20
-234.7019625144367
 10
590.0
 20
-234.7019625144367
 10
590.0
 20
-195.7019625144376
 10
587.0
 20
-195.7019625144376
 10
587.0
 20
-145.7019625144376
 10
590.0
 20
-145.7019625144376
 10
590.0
 20
-106.7019625144385
 10
587.0
 20
-106.7019625144385
 10
587.0
 20
-96.70196251443853
 10
590.0
 20
-96.70196251443853
 10
590.0
 20
-89.70196251443855
 10
562.2617924445362
 20
-89.70196251443855
 10
562.2617924445362
 20
-86.70196251443854
 10
502.2617924445362
 20
-86.70196251443854
 10
502.2617924445362
 20
-89.70196251443855
 10
443.6308962222681
 20
-89.70196251443855
 10
443.6308962222681
 20
-86.70196251443854
 10
383.6308962222681
 20
-86.70196251443854
 10
383.6308962222681
 20
-89.70196251443855
 10
325.0
 20
-89.70196251443855
 10
325.0
 20
-86.70196251443854
 10
265.0
 20
-86.70196251443854
 10
265.0
 20
-89.70196251443855
 10
206.3691037777319
 20
-89.70196251443855
 10
206.3691037777319
 20
-86.70196251443854
 10
146.3691037777319
 20
-86.70196251443854
 10
146.3691037777319
 20
-89.70196251443855
 10
87.73820755546376
 20
-89.70196251443855
 10
87.73820755546376
 20
-86.70196251443854
 10
27.73820755546376
 20
-86.70196251443854
 10
27.73820755546376
 20
-89.70196251443855
 10
0.0
 20
-89.70196251443855
 10
0.0
 20
-96.70196251443853
 10
3.0
 20
-96.70196251443853
 10
3.0
 20
-106.7019625144385
 10
0.0
 20
-106.7019625144385
 10
0.0
 20
-145.7019625144376
 10
3.0
 20
-145.7019625144376
 10
3.0
 20
-195.7019625144376
 10
0.0
 20
-195.7019625144376
 10
0.0
 20
-234.7019625144367
 10
3.0
 20
-234.7019625144367
 10
3.0
 20
-244.7019625144367
 10
0.0
 20
-244.7019625144367
 10
0.0
 20
-283.7019625144358
 10
3.0
 20
-283.7019625144358
 10
3.0
 20
-333.7019625144358
 10
0.0
 20
-333.7019625144358
 10
0.0
 20
-365.7019625144349
 10
27.73820755546376
 20
-365.7019625144349
 10
27.73820755546376
 20
-362.7019625144348
 10
87.73820755546376
 20
-362.7019625144348
 10
87.73820755546399
 20
-365.7019625144349
 10
146.3691037777321
 20
-365.7019625144349
 10
146.3691037777321
 20
-362.7019625144348
 10
206.3691037777321
 20
-362.7019625144348
 10
206.3691037777317
 20
-365.7019625144349
 10
265.0
 20
-365.7019625144349
 10
265.0
 20
-362.7019625144348
 10
325.0
 20
-362.7019625144348
 10
325.0
 20
-365.7019625144349
 10
383.6308962222684
 20
-365.7019625144349
 10
383.6308962222684
 20
-362.7019625144348
 10
443.6308962222683
 20
-362.7019625144348
 10
443.6308962222683
 20
-365.7019625144349
 10
502.2617924445362
 20
-365.7019625144349
 10
502.2617924445362
 20
-362.7019625144348
 10
562.2617924445362
 20
-362.7019625144348
 10
562.2617924445367
 20
-365.7019625144349
 10
590.0
 20
-365.7019625144349
 10
590.0
 20
-333.7019625144358
  0
LWPOLYLINE
  5
CAD0089B
330
1F
100
AcDbEntity
  8
0
100
AcDbPolyline
 90
        8
 70
     1
 43
0.0
 10
53.50000000000091
 20
224.2935640125697
 42
0.4142135623730951
 10
58.50000000000091
 20
229.2935640125697
 10
58.5
 20
314.2935640125697
 42
0.4142135623731217
 10
53.49999999999909
 20
319.2935640125693
 10
14.49999999999909
 20
319.2935640125697
 42
0.4142135623730951
 10
9.5
 20
314.2935640125697
 10
9.5
 20
229.2935640125697
 42
0.4142135623730685
 10
14.50000000000182
 20
224.29356401257
  0
LWPOLYLINE
  5
CAD0089C
330
1F
100
AcDbEntity
  8
0
100
AcDbPolyline
 90
        8
 70
     1
 43
0.0
 10
111.5000000000009
 20
224.2935640125702
 42
0.4142135623730951
 10
116.5000000000009
 20
229.2935640125702
 10
116.5
 20
314.2935640125702
 42
0.4142135623731217
 10
111.4999999999991
 20
319.2935640125697
 10
72.49999999999909
 20
319.2935640125702
 42
0.4142135623730951
 10
67.5
 20
314.2935640125702
 10
67.5
 20
229.2935640125702
 42
0.4142135623730685
 10
72.50000000000182
 20
224.2935640125704
  0
LWPOLYLINE
  5
CAD0089D
330
1F
100
AcDbEntity
  8
0
100
AcDbPolyline
 90
        8
 70
     1
 43
0.0
 10
169.5000000000009
 20
224.2935640125702
 42
0.4142135623730951
 10
174.5000000000009
 20
229.2935640125702
 10
174.5
 20
314.2935640125702
 42
0.4142135623731217
 10
169.4999999999991
 20
319.2935640125697
 10
130.4999999999991
 20
319.2935640125702
 42
0.4142135623730951
 10
125.5
 20
314.2935640125702
 10
125.5
 20
229.2935640125702
 42
0.4142135623730685
 10
130.5000000000018
 20
224.2935640125704
  0
LWPOLYLINE
  5
CAD0089E
330
1F
100
AcDbEntity
  8
0
100
AcDbPolyline
 90
        8
 70
     1
 43
0.0
 10
227.5000000000009
 20
224.2935640125706
 42
0.4142135623730951
 10
232.5000000000009
 20
229.2935640125707
 10
232.5
 20
314.2935640125707
 42
0.4142135623731217
 10
227.4999999999991
 20
319.2935640125702
 10
188.4999999999991
 20
319.2935640125706
 42
0.4142135623730951
 10
183.5
 20
314.2935640125707
 10
183.5
 20
229.2935640125707
 42
0.4142135623730685
 10
188.5000000000018
 20
224.2935640125709
  0
LWPOLYLINE
  5
CAD0089F
330
1F
100
AcDbEntity
  8
0
100
AcDbPolyline
 90
        8
 70
     1
 43
0.0
 10
285.5000000000009
 20
224.2935640125702
 42
0.4142135623730951
 10
290.5000000000009
 20
229.2935640125702
 10
290.5
 20
314.2935640125702
 42
0.4142135623731217
 10
285.4999999999991
 20
319.2935640125697
 10
246.4999999999991
 20
319.2935640125702
 42
0.4142135623730951
 10
241.5
 20
314.2935640125702
 10
241.5
 20
229.2935640125702
 42
0.4142135623730685
 10
246.5000000000018
 20
224.2935640125704
  0
LWPOLYLINE
  5
CAD008A0
330
1F
100
AcDbEntity
  8
0
100
AcDbPolyline
 90
        8
 70
     1
 43
0.0
 10
343.5000000000009
 20
224.2935640125702
 42
0.4142135623730951
 10
348.5000000000009
 20
229.2935640125702
 10
348.5
 20
314.2935640125702
 42
0.4142135623731217
 10
343.4999999999991
 20
319.2935640125697
 10
304.4999999999991
 20
319.2935640125702
 42
0.4142135623730951
 10
299.5
 20
314.2935640125702
 10
299.5
 20
229.2935640125702
 42
0.4142135623730685
 10
304.5000000000018
 20
224.2935640125704
  0
LWPOLYLINE
  5
CAD008A1
330
1F
100
AcDbEntity
  8
0
100
AcDbPolyline
 90
        8
 70
     1
 43
0.0
 10
401.5000000000009
 20
224.2935640125702
 42
0.4142135623730951
 10
406.5000000000009
 20
229.2935640125702
 10
406.5
 20
314.2935640125702
 42
0.4142135623731217
 10
401.499999999999
 20
319.2935640125697
 10
362.4999999999991
 20
319.2935640125702
 42
0.4142135623730951
 10
357.5
 20
314.2935640125702
 10
357.5
 20
229.2935640125702
 42
0.4142135623730685
 10
362.5000000000018
 20
224.2935640125704
  0
LWPOLYLINE
  5
CAD008A2
330
1F
100
AcDbEntity
  8
0
100
AcDbPolyline
 90
        8
 70
     1
 43
0.0
 10
459.5000000000009
 20
224.2935640125706
 42
0.4142135623730951
 10
464.5000000000009
 20
229.2935640125707
 10
464.5
 20
314.2935640125707
 42
0.4142135623731217
 10
459.499999999999
 20
319.2935640125702
 10
420.4999999999991
 20
319.2935640125706
 42
0.4142135623730951
 10
415.5
 20
314.2935640125707
 10
415.5
 20
229.2935640125707
 42
0.4142135623730685
 10
420.5000000000017
 20
224.2935640125709
  0
LWPOLYLINE
  5
CAD008A3
330
1F
100
AcDbEntity
  8
0
100
AcDbPolyline
 90
        8
 70
     1
 43
0.0
 10
517.5000000000009
 20
224.2935640125711
 42
0.4142135623730951
 10
522.5000000000009
 20
229.2935640125711
 10
522.5
 20
314.2935640125711
 42
0.4142135623731217
 10
517.499999999999
 20
319.2935640125706
 10
478.4999999999991
 20
319.2935640125711
 42
0.4142135623730951
 10
473.5
 20
314.2935640125711
 10
473.5
 20
229.2935640125711
 42
0.4142135623730685
 10
478.5000000000017
 20
224.2935640125713
  0
LWPOLYLINE
  5
CAD008A4
330
1F
100
AcDbEntity
  8
0
100
AcDbPolyline
 90
        8
 70
     1
 43
0.0
 10
575.5000000000008
 20
224.2935640125716
 42
0.4142135623730951
 10
580.5000000000009
 20
229.2935640125715
 10
580.4999999999999
 20
314.2935640125716
 42
0.4142135623731217
 10
575.4999999999991
 20
319.2935640125711
 10
536.4999999999991
 20
319.2935640125715
 42
0.4142135623730951
 10
531.5
 20
314.2935640125716
 10
531.5
 20
229.2935640125715
 42
0.4142135623730685
 10
536.5000000000017
 20
224.2935640125718
  0
LWPOLYLINE
  5
CAD008A5
330
1F
100
AcDbEntity
  8
0
100
AcDbPolyline
 90
        4
 70
     1
 43
0.0
 10
590.0
 20
328.7935640125697
 10
0.0
 20
328.7935640125697
 10
0.0
 20
214.7935640125697
 10
590.0
 20
214.7935640125697
  0
ENDSEC
  0
SECTION
  2
OBJECTS
  0
DICTIONARY
  5
C
330
0
100
AcDbDictionary
281
     1
  3
ACAD_CIP_PREVIOUS_PRODUCT_INFO
350
CAD00052
  3
ACAD_COLOR
350
524
  3
ACAD_DETAILVIEWSTYLE
350
CAD0004D
  3
ACAD_GROUP
350
525
  3
ACAD_LAYOUT
350
526
  3
ACAD_MATERIAL
350
527
  3
ACAD_MLEADERSTYLE
350
528
  3
ACAD_MLINESTYLE
350
529
  3
ACAD_PLOTSETTINGS
350
52A
  3
ACAD_PLOTSTYLENAME
350
52C
  3
ACAD_SCALELIST
350
52D
  3
ACAD_SECTIONVIEWSTYLE
350
CAD0004B
  3
ACAD_TABLESTYLE
350
52E
  3
ACAD_VISUALSTYLE
350
52F
  3
ACDB_RECOMPOSE_DATA
350
CAD008AF
  3
AcDbVariableDictionary
350
CAD00383
  3
AcDsDecomposeData
350
CAD008B5
  0
DICTIONARY
  5
CAD0005E
330
2
100
AcDbDictionary
280
     1
281
     1
  3
ACAD_LAYERSTATES
360
CAD0005F
  0
DICTIONARY
  5
CAD0005A
330
CAD00059
100
AcDbDictionary
280
     1
281
     1
  0
DICTIONARY
  5
CAD0005C
330
CAD0005B
100
AcDbDictionary
280
     1
281
     1
  0
DICTIONARY
  5
CAD004CD
330
CAD004CC
100
AcDbDictionary
280
     1
281
     1
  0
DICTIONARY
  5
CAD00219
330
1F
100
AcDbDictionary
280
     1
281
     1
  3
ACAD_SORTENTS
360
CAD0021A
  0
XRECORD
  5
CAD00052
102
{ACAD_REACTORS
330
C
102
}
330
C
100
AcDbXrecord
280
     1
300
ACD
300
2023
300

  0
DICTIONARY
  5
524
330
C
100
AcDbDictionary
281
     1
  0
DICTIONARY
  5
CAD0004D
102
{ACAD_REACTORS
330
C
102
}
330
C
100
AcDbDictionary
281
     1
  3
Metric50
350
CAD0004E
  0
DICTIONARY
  5
525
330
C
100
AcDbDictionary
281
     1
  0
DICTIONARY
  5
526
330
C
100
AcDbDictionary
281
     1
  3
Layout1
350
531
  3
Model
350
530
  0
DICTIONARY
  5
527
330
C
100
AcDbDictionary
281
     1
  3
ByBlock
350
CAD0000F
  3
ByLayer
350
CAD00007
  3
Global
350
CAD00017
  0
DICTIONARY
  5
528
330
C
100
AcDbDictionary
281
     1
  3
Standard
350
CAD0004A
  0
DICTIONARY
  5
529
330
C
100
AcDbDictionary
281
     1
  3
Standard
350
CAD00038
  0
DICTIONARY
  5
52A
330
C
100
AcDbDictionary
281
     1
  0
ACDBDICTIONARYWDFLT
  5
52C
330
C
100
AcDbDictionary
281
     1
  3
Normal
350
52B
100
AcDbDictionaryWithDefault
340
52B
  0
DICTIONARY
  5
52D
330
C
100
AcDbDictionary
281
     1
  3
A0
350
CAD00039
  3
A1
350
CAD0003A
  3
A2
350
CAD0003B
  3
A3
350
CAD0003C
  3
A4
350
CAD0003D
  3
A5
350
CAD0003E
  3
A6
350
CAD0003F
  3
A7
350
CAD00040
  3
A8
350
CAD00041
  3
A9
350
CAD00042
  3
B0
350
CAD00043
  3
B1
350
CAD00044
  3
B2
350
CAD00045
  3
B3
350
CAD00046
  3
B4
350
CAD00047
  3
B5
350
CAD00048
  3
B6
350
CAD00049
  0
DICTIONARY
  5
CAD0004B
102
{ACAD_REACTORS
330
C
102
}
330
C
100
AcDbDictionary
281
     1
  3
Metric50
350
CAD0004C
  0
DICTIONARY
  5
52E
330
C
100
AcDbDictionary
281
     1
  3
Standard
350
CAD00037
  0
DICTIONARY
  5
52F
330
C
100
AcDbDictionary
281
     1
  3
2dWireframe
350
CAD00024
  3
Basic
350
CAD00023
  3
Brighten
350
CAD0002A
  3
ColorChange
350
CAD0002E
  3
Conceptual
350
CAD00027
  3
Dim
350
CAD00029
  3
EdgeColorOff
350
CAD00036
  3
Facepattern
350
CAD0002D
  3
Flat
350
CAD0001F
  3
FlatWithEdges
350
CAD00020
  3
Gouraud
350
CAD00021
  3
GouraudWithEdges
350
CAD00022
  3
Hidden
350
CAD00026
  3
JitterOff
350
CAD00034
  3
Linepattern
350
CAD0002C
  3
OverhangOff
350
CAD00035
  3
Realistic
350
CAD00028
  3
Shaded
350
CAD00033
  3
Shaded with edges
350
CAD00032
  3
Shades of Gray
350
CAD0002F
  3
Sketchy
350
CAD00030
  3
Thicken
350
CAD0002B
  3
Wireframe
350
CAD00025
  3
X-Ray
350
CAD00031
  0
XRECORD
  5
CAD008AF
102
{ACAD_REACTORS
330
C
102
}
330
C
100
AcDbXrecord
280
     1
 90
        1
330
CAD00037
  0
DICTIONARY
  5
CAD00383
102
{ACAD_REACTORS
330
C
102
}
330
C
100
AcDbDictionary
281
     1
  3
CANNOSCALE
350
CAD00388
  3
CMLEADERSTYLE
350
CAD00385
  3
CTABLESTYLE
350
CAD00384
  3
CVIEWDETAILSTYLE
350
CAD00386
  3
CVIEWSECTIONSTYLE
350
CAD00387
  0
DICTIONARY
  5
CAD008B5
102
{ACAD_REACTORS
330
C
102
}
330
C
100
AcDbDictionary
281
     1
  3
AcDsRecords
350
CAD008B7
  3
AcDsSchemas
350
CAD008B6
1001
ACAD
1070
     2
  0
DICTIONARY
  5
CAD0005F
102
{ACAD_REACTORS
330
CAD0005E
102
}
330
CAD0005E
100
AcDbDictionary
281
     1
  0
SORTENTSTABLE
  5
CAD0021A
102
{ACAD_REACTORS
330
CAD00219
102
}
330
CAD00219
100
AcDbSortentsTable
330
1F
331
CAD00131
  5
CAD00132
331
CAD00132
  5
CAD00133
331
CAD00133
  5
CAD00134
331
CAD00134
  5
CAD00135
331
CAD00135
  5
CAD00136
331
CAD00136
  5
CAD00137
331
CAD00137
  5
CAD00138
331
CAD00138
  5
CAD00139
331
CAD00139
  5
CAD0013A
331
CAD0013A
  5
CAD0013B
331
CAD00456
  5
CAD004ED
331
CAD0047A
  5
CAD004E3
331
CAD0047D
  5
CAD004E4
331
CAD0047E
  5
CAD004E5
331
CAD0047F
  5
CAD004E6
331
CAD00480
  5
CAD004E7
331
CAD00481
  5
CAD004E8
331
CAD00482
  5
CAD004E9
331
CAD00483
  5
CAD004EA
331
CAD00484
  5
CAD004EB
331
CAD00485
  5
CAD004EC
331
CAD004E1
  5
CAD004EE
331
CAD004E2
  5
CAD004EF
331
CAD004E4
  5
CAD004F1
331
CAD004E5
  5
CAD004F2
331
CAD004E6
  5
CAD004F3
331
CAD004EB
  5
CAD00501
331
CAD0058A
  5
CAD0074F
331
CAD0058B
  5
CAD00750
331
CAD0058D
  5
CAD00751
331
CAD0058E
  5
CAD00752
331
CAD0058F
  5
CAD00753
331
CAD00592
  5
CAD00755
331
CAD00593
  5
CAD00756
331
CAD00594
  5
CAD00757
331
CAD00596
  5
CAD00758
331
CAD00597
  5
CAD00759
331
CAD00598
  5
CAD0075A
331
CAD0059B
  5
CAD0075B
331
CAD0059C
  5
CAD0075C
331
CAD0059D
  5
CAD0075D
331
CAD0059F
  5
CAD0075E
331
CAD005A0
  5
CAD0075F
331
CAD005A1
  5
CAD00760
331
CAD005A4
  5
CAD00763
331
CAD005A5
  5
CAD00764
331
CAD005A6
  5
CAD00765
331
CAD005A8
  5
CAD00766
331
CAD005A9
  5
CAD00767
331
CAD005AA
  5
CAD00768
331
CAD005AD
  5
CAD00769
331
CAD005AE
  5
CAD0076A
331
CAD005AF
  5
CAD0076B
331
CAD005B1
  5
CAD0076C
331
CAD005B2
  5
CAD0076D
331
CAD005B3
  5
CAD0076E
331
CAD005B6
  5
CAD00770
331
CAD005B7
  5
CAD00771
331
CAD005B8
  5
CAD00772
331
CAD005BA
  5
CAD00773
331
CAD005BB
  5
CAD00774
331
CAD005BC
  5
CAD00775
331
CAD005BF
  5
CAD00778
331
CAD005C0
  5
CAD00779
331
CAD005C1
  5
CAD0077A
331
CAD005C3
  5
CAD0077B
331
CAD005C4
  5
CAD0077C
331
CAD005C5
  5
CAD0077D
331
CAD005C8
  5
CAD0077E
331
CAD005C9
  5
CAD0077F
331
CAD005CA
  5
CAD00780
331
CAD005CC
  5
CAD00781
331
CAD005CD
  5
CAD00782
331
CAD005CE
  5
CAD00783
331
CAD005D1
  5
CAD00786
331
CAD005D2
  5
CAD00787
331
CAD005D3
  5
CAD00788
331
CAD005D5
  5
CAD00789
331
CAD005D6
  5
CAD0078A
331
CAD005D7
  5
CAD0078B
331
CAD005DA
  5
CAD0078C
331
CAD005DD
  5
CAD004FC
331
CAD005E4
  5
CAD00754
331
CAD005F0
  5
CAD00761
331
CAD005F2
  5
CAD00762
331
CAD005FE
  5
CAD0076F
331
CAD00605
  5
CAD00776
331
CAD00607
  5
CAD00777
331
CAD00613
  5
CAD00784
331
CAD00615
  5
CAD00785
331
CAD00621
  5
CAD0078D
331
CAD00622
  5
CAD0078E
331
CAD00623
  5
CAD0078F
331
CAD00624
  5
CAD00790
331
CAD00625
  5
CAD00791
331
CAD00626
  5
CAD00792
331
CAD00627
  5
CAD00793
331
CAD00628
  5
CAD00794
331
CAD00629
  5
CAD00795
331
CAD0062A
  5
CAD00796
331
CAD0062B
  5
CAD00797
331
CAD006BB
  5
CAD00798
331
CAD006BC
  5
CAD00799
  0
ACDBDETAILVIEWSTYLE
  5
CAD0004E
102
{ACAD_XDICTIONARY
360
CAD008BA
102
}
102
{ACAD_REACTORS
330
CAD0004D
102
}
330
CAD0004D
100
AcDbModelDocViewStyle
 70
     0
  3
Metric50
290
     0
100
AcDbDetailViewStyle
 70
     0
 71
     0
 90
        3
 71
     1
340
11
 62
   256
 40
5.0
340
0
 62
   256
 40
5.0
300

 40
0.0
280
     1
 71
     2
340
16
 90
       25
 62
   256
 71
     3
340
11
 62
   256
 40
5.0
 90
        0
 40
15.0
 90
        1
300
%<\AcVar ViewDetailId>% (%<\AcVar ViewScale \f "%sn">%)
 71
     4
340
16
 90
       25
 62
   256
340
16
 90
       25
 62
   256
280
     0
  0
LAYOUT
  5
531
330
526
100
AcDbPlotSettings
  1

  2
DWFx ePlot (XPS Compatible).pc3
  4
ANSI_A_(8.50_x_11.00_Inches)
  6

 40
5.799999999999999
 41
17.8
 42
5.799999999999999
 43
17.8
 44
215.9
 45
279.4
 46
0.0
 47
0.0
 48
0.0
 49
0.0
140
0.0
141
0.0
142
1.0
143
1.0
 70
   688
 72
     0
 73
     1
 74
     5
  7
acad.ctb
 75
    16
147
1.0
 76
     0
 77
     2
 78
   300
148
0.0
149
0.0
100
AcDbLayout
  1
Layout1
 70
     1
 71
     1
 10
-0.7005418191740001
 20
-0.228100386192
 11
10.2994579405
 21
8.271899373510001
 12
0.0
 22
0.0
 32
0.0
 14
0.628866766397
 24
0.799999952316
 34
0.0
 15
9.028866384929999
 25
7.19999957085
 35
0.0
146
0.0
 13
0.0
 23
0.0
 33
0.0
 16
1.0
 26
0.0
 36
0.0
 17
0.0
 27
1.0
 37
0.0
 76
     0
330
58
  0
LAYOUT
  5
530
330
526
100
AcDbPlotSettings
  1

  2
DWFx ePlot (XPS Compatible).pc3
  4
ANSI_A_(8.50_x_11.00_Inches)
  6

 40
5.799999999999999
 41
17.8
 42
5.799999999999999
 43
17.8
 44
215.9
 45
279.4
 46
0.0
 47
0.0
 48
0.0
 49
0.0
140
0.0
141
0.0
142
1.0
143
14.53
 70
 11952
 72
     0
 73
     1
 74
     0
  7

 75
     0
147
0.069
 76
     0
 77
     2
 78
   300
148
114.98
149
300.29
100
AcDbLayout
  1
Model
 70
     1
 71
     0
 10
0.0
 20
0.0
 11
12.0
 21
9.0
 12
0.0
 22
0.0
 32
0.0
 14
0.0
 24
0.0
 34
0.0
 15
0.0
 25
0.0
 35
0.0
146
0.0
 13
0.0
 23
0.0
 33
0.0
 16
1.0
 26
0.0
 36
0.0
 17
0.0
 27
1.0
 37
0.0
 76
     0
330
1F
331
CAD00051
  0
MATERIAL
  5
CAD0000F
102
{ACAD_XDICTIONARY
360
CAD00010
102
}
102
{ACAD_REACTORS
330
527
102
}
330
527
100
AcDbMaterial
  1
ByBlock
 72
     0
 43
0.0008202099737533
 43
0.0
 43
0.0
 43
0.0
 43
0.0
 43
0.0008202099737533
 43
0.0
 43
0.0
 43
0.0
 43
0.0
 43
1.0
 43
0.0
 43
0.0
 43
0.0
 43
0.0
 43
1.0
 77
     0
 47
0.0008202099737533
 47
0.0
 47
0.0
 47
0.0
 47
0.0
 47
0.0008202099737533
 47
0.0
 47
0.0
 47
0.0
 47
0.0
 47
1.0
 47
0.0
 47
0.0
 47
0.0
 47
0.0
 47
1.0
171
     0
 49
0.0008202099737533
 49
0.0
 49
0.0
 49
0.0
 49
0.0
 49
0.0008202099737533
 49
0.0
 49
0.0
 49
0.0
 49
0.0
 49
1.0
 49
0.0
 49
0.0
 49
0.0
 49
0.0
 49
1.0
175
     0
142
0.0008202099737533
142
0.0
142
0.0
142
0.0
142
0.0
142
0.0008202099737533
142
0.0
142
0.0
142
0.0
142
0.0
142
1.0
142
0.0
142
0.0
142
0.0
142
0.0
142
1.0
179
     0
144
0.0008202099737533
144
0.0
144
0.0
144
0.0
144
0.0
144
0.0008202099737533
144
0.0
144
0.0
144
0.0
144
0.0
144
1.0
144
0.0
144
0.0
144
0.0
144
0.0
144
1.0
147
0.0008202099737533
147
0.0
147
0.0
147
0.0
147
0.0
147
0.0008202099737533
147
0.0
147
0.0
147
0.0
147
0.0
147
1.0
147
0.0
147
0.0
147
0.0
147
0.0
147
1.0
  0
MATERIAL
  5
CAD00007
102
{ACAD_XDICTIONARY
360
CAD00008
102
}
102
{ACAD_REACTORS
330
527
102
}
330
527
100
AcDbMaterial
  1
ByLayer
 72
     0
 43
0.0008202099737533
 43
0.0
 43
0.0
 43
0.0
 43
0.0
 43
0.0008202099737533
 43
0.0
 43
0.0
 43
0.0
 43
0.0
 43
1.0
 43
0.0
 43
0.0
 43
0.0
 43
0.0
 43
1.0
 77
     0
 47
0.0008202099737533
 47
0.0
 47
0.0
 47
0.0
 47
0.0
 47
0.0008202099737533
 47
0.0
 47
0.0
 47
0.0
 47
0.0
 47
1.0
 47
0.0
 47
0.0
 47
0.0
 47
0.0
 47
1.0
171
     0
 49
0.0008202099737533
 49
0.0
 49
0.0
 49
0.0
 49
0.0
 49
0.0008202099737533
 49
0.0
 49
0.0
 49
0.0
 49
0.0
 49
1.0
 49
0.0
 49
0.0
 49
0.0
 49
0.0
 49
1.0
175
     0
142
0.0008202099737533
142
0.0
142
0.0
142
0.0
142
0.0
142
0.0008202099737533
142
0.0
142
0.0
142
0.0
142
0.0
142
1.0
142
0.0
142
0.0
142
0.0
142
0.0
142
1.0
179
     0
144
0.0008202099737533
144
0.0
144
0.0
144
0.0
144
0.0
144
0.0008202099737533
144
0.0
144
0.0
144
0.0
144
0.0
144
1.0
144
0.0
144
0.0
144
0.0
144
0.0
144
1.0
147
0.0008202099737533
147
0.0
147
0.0
147
0.0
147
0.0
147
0.0008202099737533
147
0.0
147
0.0
147
0.0
147
0.0
147
1.0
147
0.0
147
0.0
147
0.0
147
0.0
147
1.0
  0
MATERIAL
  5
CAD00017
102
{ACAD_XDICTIONARY
360
CAD00018
102
}
102
{ACAD_REACTORS
330
527
102
}
330
527
100
AcDbMaterial
  1
Global
 72
     0
 43
0.0008202099737533
 43
0.0
 43
0.0
 43
0.0
 43
0.0
 43
0.0008202099737533
 43
0.0
 43
0.0
 43
0.0
 43
0.0
 43
1.0
 43
0.0
 43
0.0
 43
0.0
 43
0.0
 43
1.0
 77
     0
 47
0.0008202099737533
 47
0.0
 47
0.0
 47
0.0
 47
0.0
 47
0.0008202099737533
 47
0.0
 47
0.0
 47
0.0
 47
0.0
 47
1.0
 47
0.0
 47
0.0
 47
0.0
 47
0.0
 47
1.0
171
     0
 49
0.0008202099737533
 49
0.0
 49
0.0
 49
0.0
 49
0.0
 49
0.0008202099737533
 49
0.0
 49
0.0
 49
0.0
 49
0.0
 49
1.0
 49
0.0
 49
0.0
 49
0.0
 49
0.0
 49
1.0
175
     0
142
0.0008202099737533
142
0.0
142
0.0
142
0.0
142
0.0
142
0.0008202099737533
142
0.0
142
0.0
142
0.0
142
0.0
142
1.0
142
0.0
142
0.0
142
0.0
142
0.0
142
1.0
179
     0
144
0.0008202099737533
144
0.0
144
0.0
144
0.0
144
0.0
144
0.0008202099737533
144
0.0
144
0.0
144
0.0
144
0.0
144
1.0
144
0.0
144
0.0
144
0.0
144
0.0
144
1.0
147
0.0008202099737533
147
0.0
147
0.0
147
0.0
147
0.0
147
0.0008202099737533
147
0.0
147
0.0
147
0.0
147
0.0
147
1.0
147
0.0
147
0.0
147
0.0
147
0.0
147
1.0
  0
MLEADERSTYLE
  5
CAD0004A
102
{ACAD_REACTORS
330
528
102
}
330
528
100
AcDbMLeaderStyle
179
     2
170
     2
171
     1
172
     0
 90
        2
 40
0.0
 41
0.0
173
     1
 91
-1056964608
340
14
 92
       -2
290
     1
 42
2.0
291
     1
 43
0.36
  3
Standard
 44
4.0
300

342
11
174
     1
178
     6
175
     1
176
     0
 93
-1056964608
 45
4.0
292
     0
297
     0
 46
4.0
 94
-1056964608
 47
1.0
 49
1.0
140
1.0
293
     1
141
0.0
294
     1
177
     0
142
1.0
295
     0
296
     0
143
0.125
271
     0
272
     9
273
     9
298
     1
  0
MLINESTYLE
  5
CAD00038
102
{ACAD_REACTORS
330
529
102
}
330
529
100
AcDbMlineStyle
  2
STANDARD
 70
     0
  3

 62
   256
 51
90.0
 52
90.0
 71
     2
 49
0.5
 62
   256
  6
BYLAYER
 49
-0.5
 62
   256
  6
BYLAYER
  0
ACDBPLACEHOLDER
  5
52B
330
52C
  0
SCALE
  5
CAD00039
102
{ACAD_REACTORS
330
52D
102
}
330
52D
100
AcDbScale
 70
     0
300
1:1
140
1.0
141
1.0
290
     1
  0
SCALE
  5
CAD0003A
102
{ACAD_REACTORS
330
52D
102
}
330
52D
100
AcDbScale
 70
     0
300
1:2
140
1.0
141
2.0
290
     0
  0
SCALE
  5
CAD0003B
102
{ACAD_REACTORS
330
52D
102
}
330
52D
100
AcDbScale
 70
     0
300
1:4
140
1.0
141
4.0
290
     0
  0
SCALE
  5
CAD0003C
102
{ACAD_REACTORS
330
52D
102
}
330
52D
100
AcDbScale
 70
     0
300
1:5
140
1.0
141
5.0
290
     0
  0
SCALE
  5
CAD0003D
102
{ACAD_REACTORS
330
52D
102
}
330
52D
100
AcDbScale
 70
     0
300
1:8
140
1.0
141
8.0
290
     0
  0
SCALE
  5
CAD0003E
102
{ACAD_REACTORS
330
52D
102
}
330
52D
100
AcDbScale
 70
     0
300
1:10
140
1.0
141
10.0
290
     0
  0
SCALE
  5
CAD0003F
102
{ACAD_REACTORS
330
52D
102
}
330
52D
100
AcDbScale
 70
     0
300
1:16
140
1.0
141
16.0
290
     0
  0
SCALE
  5
CAD00040
102
{ACAD_REACTORS
330
52D
102
}
330
52D
100
AcDbScale
 70
     0
300
1:20
140
1.0
141
20.0
290
     0
  0
SCALE
  5
CAD00041
102
{ACAD_REACTORS
330
52D
102
}
330
52D
100
AcDbScale
 70
     0
300
1:30
140
1.0
141
30.0
290
     0
  0
SCALE
  5
CAD00042
102
{ACAD_REACTORS
330
52D
102
}
330
52D
100
AcDbScale
 70
     0
300
1:40
140
1.0
141
40.0
290
     0
  0
SCALE
  5
CAD00043
102
{ACAD_REACTORS
330
52D
102
}
330
52D
100
AcDbScale
 70
     0
300
1:50
140
1.0
141
50.0
290
     0
  0
SCALE
  5
CAD00044
102
{ACAD_REACTORS
330
52D
102
}
330
52D
100
AcDbScale
 70
     0
300
1:100
140
1.0
141
100.0
290
     0
  0
SCALE
  5
CAD00045
102
{ACAD_REACTORS
330
52D
102
}
330
52D
100
AcDbScale
 70
     0
300
2:1
140
2.0
141
1.0
290
     0
  0
SCALE
  5
CAD00046
102
{ACAD_REACTORS
330
52D
102
}
330
52D
100
AcDbScale
 70
     0
300
4:1
140
4.0
141
1.0
290
     0
  0
SCALE
  5
CAD00047
102
{ACAD_REACTORS
330
52D
102
}
330
52D
100
AcDbScale
 70
     0
300
8:1
140
8.0
141
1.0
290
     0
  0
SCALE
  5
CAD00048
102
{ACAD_REACTORS
330
52D
102
}
330
52D
100
AcDbScale
 70
     0
300
10:1
140
10.0
141
1.0
290
     0
  0
SCALE
  5
CAD00049
102
{ACAD_REACTORS
330
52D
102
}
330
52D
100
AcDbScale
 70
     0
300
100:1
140
100.0
141
1.0
290
     0
  0
ACDBSECTIONVIEWSTYLE
  5
CAD0004C
102
{ACAD_XDICTIONARY
360
CAD008B8
102
}
102
{ACAD_REACTORS
330
CAD0004B
102
}
330
CAD0004B
100
AcDbModelDocViewStyle
 70
     0
  3
Metric50
290
     0
100
AcDbSectionViewStyle
 70
     0
 71
     0
 90
      102
 71
     1
340
11
 62
   256
 40
5.0
340
0
340
0
 62
   256
 40
5.0
300
I, O, Q, S, X, Z
 40
10.0
 90
        0
 40
2.5
 90
        0
 71
     2
340
16
 90
       25
 62
   256
340
16
 90
       50
 62
   256
 40
5.0
 40
2.5
 40
5.0
 71
     3
340
11
 62
   256
 40
5.0
 90
        0
 40
15.0
 90
        1
300
%<\AcVar ViewSectionStartId>%-%<\AcVar ViewSectionEndId>% (%<\AcVar ViewScale \f "%sn">%)
 71
     4
 62
   256
 62
   257
300
ANSI31
 40
1.0
 90
        0
290
     0
290
     0
 90
        6
 40
0.0
 40
1.570796326794896
 40
0.2617993877991494
 40
1.308996938995747
 40
-0.2617993877991494
 40
1.832595714594046
  0
TABLESTYLE
  5
CAD00037
102
{ACAD_XDICTIONARY
360
CAD008AD
102
}
102
{ACAD_REACTORS
330
52E
102
}
330
52E
100
AcDbTableStyle
280
     0
  3
Standard
 70
     0
 71
     0
 40
1.5
 41
1.5
280
     0
281
     0
  7
Standard
140
4.5
170
     2
 62
     0
 63
     7
283
     0
 90
      512
 91
        0
  1

274
    -2
284
     1
 64
     0
275
    -2
285
     1
 65
     0
276
    -2
286
     1
 66
     0
277
    -2
287
     1
 67
     0
278
    -2
288
     1
 68
     0
279
    -2
289
     1
 69
     0
  7
Standard
140
6.0
170
     5
 62
     0
 63
     7
283
     0
 90
      512
 91
        0
  1

274
    -2
284
     1
 64
     0
275
    -2
285
     1
 65
     0
276
    -2
286
     1
 66
     0
277
    -2
287
     1
 67
     0
278
    -2
288
     1
 68
     0
279
    -2
289
     1
 69
     0
  7
Standard
140
4.5
170
     5
 62
     0
 63
     7
283
     0
 90
      512
 91
        0
  1

274
    -2
284
     1
 64
     0
275
    -2
285
     1
 65
     0
276
    -2
286
     1
 66
     0
277
    -2
287
     1
 67
     0
278
    -2
288
     1
 68
     0
279
    -2
289
     1
 69
     0
  0
VISUALSTYLE
  5
CAD00024
102
{ACAD_REACTORS
330
52F
102
}
330
52F
100
AcDbVisualStyle
  2
2dWireframe
 70
     4
177
     3
291
     0
 70
    58
 90
        0
176
     1
 90
        2
176
     1
 90
        0
176
     1
 90
        0
176
     1
 40
0.6
176
     1
 40
30.0
176
     1
 62
     7
420
 16777215
176
     1
 90
        1
176
     1
 90
        4
176
     1
 62
     7
176
     1
 62
   257
176
     1
 90
        1
176
     1
 90
        1
176
     1
 40
1.0
176
     1
 90
        0
176
     1
 62
   257
176
     1
 40
1.0
176
     1
 90
        1
176
     1
 90
        6
176
     1
 90
        2
176
     1
 62
     7
176
     1
 90
        5
176
     1
 90
        0
176
     1
 90
        0
176
     1
290
     0
176
     1
 90
        1
176
     1
 40
0.0
176
     1
 90
        0
176
     1
290
     1
176
     1
290
     1
176
     1
290
     0
176
     1
290
     0
176
     1
290
     0
176
     1
290
     0
176
     1
290
     0
176
     1
290
     0
176
     1
290
     0
176
     1
 90
       50
176
     1
 40
0.0
176
     1
 40
1.0
176
     1
 90
        0
176
     1
 62
    18
420
        0
176
     1
 90
       50
176
     1
 90
        3
176
     1
 62
     5
420
      255
176
     1
290
     0
176
     1
 90
       50
176
     1
 90
       50
176
     1
 90
       50
176
     1
290
     0
176
     1
 90
       50
176
     1
 62
   256
176
     0
 40
1.0
176
     0
 90
        2
176
     1
  1
strokes_ogs.tif
176
     1
290
     0
176
     1
 40
1.0
176
     1
 40
1.0
176
     1
1001
ACAD
1000
AcDbSavedByObjectVersion
1070
     0
  0
VISUALSTYLE
  5
CAD00023
102
{ACAD_REACTORS
330
52F
102
}
330
52F
100
AcDbVisualStyle
  2
Basic
 70
     7
177
     3
291
     1
 70
    58
 90
        1
176
     1
 90
        0
176
     1
 90
        1
176
     1
 90
        0
176
     1
 40
0.6
176
     1
 40
30.0
176
     1
 62
     7
420
 16777215
176
     1
 90
        0
176
     1
 90
        4
176
     1
 62
     7
176
     1
 62
   257
176
     1
 90
        1
176
     1
 90
        1
176
     1
 40
1.0
176
     1
 90
        8
176
     1
 62
     7
176
     1
 40
1.0
176
     1
 90
        1
176
     1
 90
        6
176
     1
 90
        2
176
     1
 62
     7
176
     1
 90
        5
176
     1
 90
        0
176
     1
 90
        0
176
     1
290
     0
176
     1
 90
        1
176
     1
 40
0.0
176
     1
 90
        0
176
     1
290
     0
176
     1
290
     1
176
     1
290
     1
176
     1
290
     0
176
     1
290
     0
176
     1
290
     0
176
     1
290
     0
176
     1
290
     0
176
     1
290
     0
176
     1
 90
       50
176
     1
 40
0.0
176
     1
 40
1.0
176
     1
 90
        0
176
     1
 62
    18
420
        0
176
     1
 90
       50
176
     1
 90
        3
176
     1
 62
     5
420
      255
176
     1
290
     0
176
     1
 90
       50
176
     1
 90
       50
176
     1
 90
       50
176
     1
290
     0
176
     1
 90
       50
176
     1
 62
   256
176
     0
 40
1.0
176
     0
 90
        2
176
     1
  1
strokes_ogs.tif
176
     1
290
     0
176
     1
 40
1.0
176
     1
 40
1.0
176
     1
1001
ACAD
1000
AcDbSavedByObjectVersion
1070
     0
  0
VISUALSTYLE
  5
CAD0002A
102
{ACAD_REACTORS
330
52F
102
}
330
52F
100
AcDbVisualStyle
  2
Brighten
 70
    12
177
     3
291
     1
 70
    58
 90
        2
176
     1
 90
        2
176
     1
 90
        0
176
     1
 90
        0
176
     1
 40
0.6
176
     1
 40
30.0
176
     1
 62
     7
420
 16777215
176
     1
 90
        1
176
     1
 90
        4
176
     1
 62
     7
176
     1
 62
   257
176
     1
 90
        1
176
     1
 90
        1
176
     1
 40
1.0
176
     1
 90
        8
176
     1
 62
     7
176
     1
 40
1.0
176
     1
 90
        1
176
     1
 90
        6
176
     1
 90
        2
176
     1
 62
     7
176
     1
 90
        5
176
     1
 90
        0
176
     1
 90
        0
176
     1
290
     0
176
     1
 90
        1
176
     1
 40
50.0
176
     1
 90
        0
176
     1
290
     0
176
     1
290
     1
176
     1
290
     1
176
     1
290
     0
176
     1
290
     0
176
     1
290
     0
176
     1
290
     0
176
     1
290
     0
176
     1
290
     0
176
     1
 90
       50
176
     1
 40
0.0
176
     1
 40
1.0
176
     1
 90
        0
176
     1
 62
    18
420
        0
176
     1
 90
       50
176
     1
 90
        3
176
     1
 62
     5
420
      255
176
     1
290
     0
176
     1
 90
       50
176
     1
 90
       50
176
     1
 90
       50
176
     1
290
     0
176
     1
 90
       50
176
     1
 62
   256
176
     0
 40
1.0
176
     0
 90
        2
176
     1
  1
strokes_ogs.tif
176
     1
290
     0
176
     1
 40
1.0
176
     1
 40
1.0
176
     1
1001
ACAD
1000
AcDbSavedByObjectVersion
1070
     0
  0
VISUALSTYLE
  5
CAD0002E
102
{ACAD_REACTORS
330
52F
102
}
330
52F
100
AcDbVisualStyle
  2
ColorChange
 70
    16
177
     3
291
     1
 70
    58
 90
        2
176
     1
 90
        2
176
     1
 90
        3
176
     1
 90
        0
176
     1
 40
0.6
176
     1
 40
30.0
176
     1
 62
     8
420
  8421504
176
     1
 90
        1
176
     1
 90
        4
176
     1
 62
     7
176
     1
 62
   257
176
     1
 90
        1
176
     1
 90
        1
176
     1
 40
1.0
176
     1
 90
        8
176
     1
 62
     8
420
  8421504
176
     1
 40
1.0
176
     1
 90
        1
176
     1
 90
        6
176
     1
 90
        2
176
     1
 62
     7
176
     1
 90
        5
176
     1
 90
        0
176
     1
 90
        0
176
     1
290
     0
176
     1
 90
        1
176
     1
 40
0.0
176
     1
 90
        0
176
     1
290
     0
176
     1
290
     1
176
     1
290
     1
176
     1
290
     0
176
     1
290
     0
176
     1
290
     0
176
     1
290
     0
176
     1
290
     0
176
     1
290
     0
176
     1
 90
       50
176
     1
 40
0.0
176
     1
 40
1.0
176
     1
 90
        0
176
     1
 62
    18
420
        0
176
     1
 90
       50
176
     1
 90
        3
176
     1
 62
     5
420
      255
176
     1
290
     0
176
     1
 90
       50
176
     1
 90
       50
176
     1
 90
       50
176
     1
290
     0
176
     1
 90
       50
176
     1
 62
   256
176
     0
 40
1.0
176
     0
 90
        2
176
     1
  1
strokes_ogs.tif
176
     1
290
     0
176
     1
 40
1.0
176
     1
 40
1.0
176
     1
1001
ACAD
1000
AcDbSavedByObjectVersion
1070
     0
  0
VISUALSTYLE
  5
CAD00027
102
{ACAD_REACTORS
330
52F
102
}
330
52F
100
AcDbVisualStyle
  2
Conceptual
 70
     9
177
     3
291
     0
 70
    58
 90
        3
176
     1
 90
        2
176
     1
 90
        0
176
     1
 90
        0
176
     1
 40
0.6
176
     1
 40
30.0
176
     1
 62
     7
420
 16777215
176
     1
 90
        2
176
     1
 90
        2
176
     1
 62
     7
176
     1
 62
   257
176
     1
 90
        1
176
     1
 90
        1
176
     1
 40
179.0
176
     1
 90
        8
176
     1
 62
     7
176
     1
 40
1.0
176
     1
 90
        1
176
     1
 90
        6
176
     1
 90
        2
176
     1
 62
     7
176
     1
 90
        3
176
     1
 90
        0
176
     1
 90
        0
176
     1
290
     0
176
     1
 90
        1
176
     1
 40
0.0
176
     1
 90
        0
176
     1
290
     0
176
     1
290
     1
176
     1
290
     1
176
     1
290
     0
176
     1
290
     0
176
     1
290
     0
176
     1
290
     0
176
     1
290
     0
176
     1
290
     0
176
     1
 90
       50
176
     1
 40
0.0
176
     1
 40
1.0
176
     1
 90
        0
176
     1
 62
    18
420
        0
176
     1
 90
       50
176
     1
 90
        3
176
     1
 62
     5
420
      255
176
     1
290
     0
176
     1
 90
       50
176
     1
 90
       50
176
     1
 90
       50
176
     1
290
     0
176
     1
 90
       50
176
     1
 62
   256
176
     0
 40
1.0
176
     0
 90
        2
176
     1
  1
strokes_ogs.tif
176
     1
290
     0
176
     1
 40
1.0
176
     1
 40
1.0
176
     1
1001
ACAD
1000
AcDbSavedByObjectVersion
1070
     0
  0
VISUALSTYLE
  5
CAD00029
102
{ACAD_REACTORS
330
52F
102
}
330
52F
100
AcDbVisualStyle
  2
Dim
 70
    11
177
     3
291
     1
 70
    58
 90
        2
176
     1
 90
        2
176
     1
 90
        0
176
     1
 90
        0
176
     1
 40
0.6
176
     1
 40
30.0
176
     1
 62
     7
420
 16777215
176
     1
 90
        1
176
     1
 90
        4
176
     1
 62
     7
176
     1
 62
   257
176
     1
 90
        1
176
     1
 90
        1
176
     1
 40
1.0
176
     1
 90
        8
176
     1
 62
     7
176
     1
 40
1.0
176
     1
 90
        1
176
     1
 90
        6
176
     1
 90
        2
176
     1
 62
     7
176
     1
 90
        5
176
     1
 90
        0
176
     1
 90
        0
176
     1
290
     0
176
     1
 90
        1
176
     1
 40
-50.0
176
     1
 90
        0
176
     1
290
     0
176
     1
290
     1
176
     1
290
     1
176
     1
290
     0
176
     1
290
     0
176
     1
290
     0
176
     1
290
     0
176
     1
290
     0
176
     1
290
     0
176
     1
 90
       50
176
     1
 40
0.0
176
     1
 40
1.0
176
     1
 90
        0
176
     1
 62
    18
420
        0
176
     1
 90
       50
176
     1
 90
        3
176
     1
 62
     5
420
      255
176
     1
290
     0
176
     1
 90
       50
176
     1
 90
       50
176
     1
 90
       50
176
     1
290
     0
176
     1
 90
       50
176
     1
 62
   256
176
     0
 40
1.0
176
     0
 90
        2
176
     1
  1
strokes_ogs.tif
176
     1
290
     0
176
     1
 40
1.0
176
     1
 40
1.0
176
     1
1001
ACAD
1000
AcDbSavedByObjectVersion
1070
     0
  0
VISUALSTYLE
  5
CAD00036
102
{ACAD_REACTORS
330
52F
102
}
330
52F
100
AcDbVisualStyle
  2
EdgeColorOff
 70
    22
177
     3
291
     1
 70
    58
 90
        2
176
     0
 90
        2
176
     0
 90
        0
176
     0
 90
        0
176
     0
 40
0.6
176
     0
 40
30.0
176
     0
 62
     7
420
 16777215
176
     0
 90
        1
176
     0
 90
        4
176
     0
 62
     7
176
     0
 62
   257
176
     0
 90
        1
176
     0
 90
        1
176
     0
 40
1.0
176
     0
 90
        8
176
     2
 62
     7
176
     0
 40
1.0
176
     0
 90
        1
176
     0
 90
        6
176
     0
 90
        2
176
     0
 62
     7
176
     0
 90
        5
176
     0
 90
        0
176
     0
 90
        0
176
     0
290
     0
176
     0
 90
        1
176
     0
 40
0.0
176
     0
 90
        0
176
     0
290
     0
176
     0
290
     1
176
     0
290
     1
176
     0
290
     0
176
     0
290
     0
176
     0
290
     0
176
     0
290
     0
176
     0
290
     0
176
     0
290
     0
176
     0
 90
       50
176
     0
 40
0.0
176
     0
 40
1.0
176
     0
 90
        0
176
     0
 62
    18
420
        0
176
     0
 90
       50
176
     0
 90
        3
176
     0
 62
     5
420
      255
176
     0
290
     0
176
     0
 90
       50
176
     0
 90
       50
176
     0
 90
       50
176
     0
290
     0
176
     0
 90
       50
176
     0
 62
   256
176
     0
 40
1.0
176
     0
 90
        2
176
     0
  1
strokes_ogs.tif
176
     0
290
     0
176
     0
 40
1.0
176
     0
 40
1.0
176
     0
1001
ACAD
1000
AcDbSavedByObjectVersion
1070
     0
  0
VISUALSTYLE
  5
CAD0002D
102
{ACAD_REACTORS
330
52F
102
}
330
52F
100
AcDbVisualStyle
  2
Facepattern
 70
    15
177
     3
291
     1
 70
    58
 90
        2
176
     1
 90
        2
176
     1
 90
        0
176
     1
 90
        0
176
     1
 40
0.6
176
     1
 40
30.0
176
     1
 62
     7
420
 16777215
176
     1
 90
        1
176
     1
 90
        4
176
     1
 62
     7
176
     1
 62
   257
176
     1
 90
        1
176
     1
 90
        1
176
     1
 40
1.0
176
     1
 90
        8
176
     1
 62
     7
176
     1
 40
1.0
176
     1
 90
        1
176
     1
 90
        6
176
     1
 90
        2
176
     1
 62
     7
176
     1
 90
        5
176
     1
 90
        0
176
     1
 90
        0
176
     1
290
     0
176
     1
 90
        1
176
     1
 40
0.0
176
     1
 90
        0
176
     1
290
     0
176
     1
290
     1
176
     1
290
     1
176
     1
290
     0
176
     1
290
     0
176
     1
290
     0
176
     1
290
     0
176
     1
290
     0
176
     1
290
     0
176
     1
 90
       50
176
     1
 40
0.0
176
     1
 40
1.0
176
     1
 90
        0
176
     1
 62
    18
420
        0
176
     1
 90
       50
176
     1
 90
        3
176
     1
 62
     5
420
      255
176
     1
290
     0
176
     1
 90
       50
176
     1
 90
       50
176
     1
 90
       50
176
     1
290
     0
176
     1
 90
       50
176
     1
 62
   256
176
     0
 40
1.0
176
     0
 90
        2
176
     1
  1
strokes_ogs.tif
176
     1
290
     0
176
     1
 40
1.0
176
     1
 40
1.0
176
     1
1001
ACAD
1000
AcDbSavedByObjectVersion
1070
     0
  0
VISUALSTYLE
  5
CAD0001F
102
{ACAD_REACTORS
330
52F
102
}
330
52F
100
AcDbVisualStyle
  2
Flat
 70
     0
177
     3
291
     1
 70
    58
 90
        2
176
     1
 90
        1
176
     1
 90
        1
176
     1
 90
        2
176
     1
 40
0.6
176
     1
 40
30.0
176
     1
 62
     7
420
 16777215
176
     1
 90
        0
176
     1
 90
        0
176
     1
 62
     7
176
     1
 62
   257
176
     1
 90
        1
176
     1
 90
        1
176
     1
 40
1.0
176
     1
 90
        8
176
     1
 62
     7
176
     1
 40
1.0
176
     1
 90
        1
176
     1
 90
        6
176
     1
 90
        2
176
     1
 62
     7
176
     1
 90
        5
176
     1
 90
        0
176
     1
 90
        0
176
     1
290
     0
176
     1
 90
       13
176
     1
 40
0.0
176
     1
 90
        0
176
     1
290
     0
176
     1
290
     1
176
     1
290
     1
176
     1
290
     0
176
     1
290
     0
176
     1
290
     0
176
     1
290
     0
176
     1
290
     0
176
     1
290
     0
176
     1
 90
       50
176
     1
 40
0.0
176
     1
 40
1.0
176
     1
 90
        0
176
     1
 62
    18
420
        0
176
     1
 90
       50
176
     1
 90
        3
176
     1
 62
     5
420
      255
176
     1
290
     0
176
     1
 90
       50
176
     1
 90
       50
176
     1
 90
       50
176
     1
290
     0
176
     1
 90
       50
176
     1
 62
   256
176
     0
 40
1.0
176
     0
 90
        2
176
     1
  1
strokes_ogs.tif
176
     1
290
     0
176
     1
 40
1.0
176
     1
 40
1.0
176
     1
1001
ACAD
1000
AcDbSavedByObjectVersion
1070
     0
  0
VISUALSTYLE
  5
CAD00020
102
{ACAD_REACTORS
330
52F
102
}
330
52F
100
AcDbVisualStyle
  2
FlatWithEdges
 70
     1
177
     3
291
     1
 70
    58
 90
        2
176
     1
 90
        1
176
     1
 90
        1
176
     1
 90
        2
176
     1
 40
0.6
176
     1
 40
30.0
176
     1
 62
     7
420
 16777215
176
     1
 90
        1
176
     1
 90
        0
176
     1
 62
     7
176
     1
 62
   257
176
     1
 90
        1
176
     1
 90
        1
176
     1
 40
1.0
176
     1
 90
        0
176
     1
 62
   257
176
     1
 40
1.0
176
     1
 90
        1
176
     1
 90
        6
176
     1
 90
        2
176
     1
 62
     7
176
     1
 90
        5
176
     1
 90
        0
176
     1
 90
        0
176
     1
290
     0
176
     1
 90
       13
176
     1
 40
0.0
176
     1
 90
        0
176
     1
290
     0
176
     1
290
     1
176
     1
290
     1
176
     1
290
     0
176
     1
290
     0
176
     1
290
     0
176
     1
290
     0
176
     1
290
     0
176
     1
290
     0
176
     1
 90
       50
176
     1
 40
0.0
176
     1
 40
1.0
176
     1
 90
        0
176
     1
 62
    18
420
        0
176
     1
 90
       50
176
     1
 90
        3
176
     1
 62
     5
420
      255
176
     1
290
     0
176
     1
 90
       50
176
     1
 90
       50
176
     1
 90
       50
176
     1
290
     0
176
     1
 90
       50
176
     1
 62
   256
176
     0
 40
1.0
176
     0
 90
        2
176
     1
  1
strokes_ogs.tif
176
     1
290
     0
176
     1
 40
1.0
176
     1
 40
1.0
176
     1
1001
ACAD
1000
AcDbSavedByObjectVersion
1070
     0
  0
VISUALSTYLE
  5
CAD00021
102
{ACAD_REACTORS
330
52F
102
}
330
52F
100
AcDbVisualStyle
  2
Gouraud
 70
     2
177
     3
291
     1
 70
    58
 90
        2
176
     1
 90
        2
176
     1
 90
        1
176
     1
 90
        2
176
     1
 40
0.6
176
     1
 40
30.0
176
     1
 62
     7
420
 16777215
176
     1
 90
        0
176
     1
 90
        0
176
     1
 62
     7
176
     1
 62
   257
176
     1
 90
        1
176
     1
 90
        1
176
     1
 40
1.0
176
     1
 90
        0
176
     1
 62
     7
176
     1
 40
1.0
176
     1
 90
        1
176
     1
 90
        6
176
     1
 90
        2
176
     1
 62
     7
176
     1
 90
        5
176
     1
 90
        0
176
     1
 90
        0
176
     1
290
     0
176
     1
 90
       13
176
     1
 40
0.0
176
     1
 90
        0
176
     1
290
     0
176
     1
290
     1
176
     1
290
     1
176
     1
290
     0
176
     1
290
     0
176
     1
290
     0
176
     1
290
     0
176
     1
290
     0
176
     1
290
     0
176
     1
 90
       50
176
     1
 40
0.0
176
     1
 40
1.0
176
     1
 90
        0
176
     1
 62
    18
420
        0
176
     1
 90
       50
176
     1
 90
        3
176
     1
 62
     5
420
      255
176
     1
290
     0
176
     1
 90
       50
176
     1
 90
       50
176
     1
 90
       50
176
     1
290
     0
176
     1
 90
       50
176
     1
 62
   256
176
     0
 40
1.0
176
     0
 90
        2
176
     1
  1
strokes_ogs.tif
176
     1
290
     0
176
     1
 40
1.0
176
     1
 40
1.0
176
     1
1001
ACAD
1000
AcDbSavedByObjectVersion
1070
     0
  0
VISUALSTYLE
  5
CAD00022
102
{ACAD_REACTORS
330
52F
102
}
330
52F
100
AcDbVisualStyle
  2
GouraudWithEdges
 70
     3
177
     3
291
     1
 70
    58
 90
        2
176
     1
 90
        2
176
     1
 90
        1
176
     1
 90
        2
176
     1
 40
0.6
176
     1
 40
30.0
176
     1
 62
     7
420
 16777215
176
     1
 90
        1
176
     1
 90
        0
176
     1
 62
     7
176
     1
 62
   257
176
     1
 90
        1
176
     1
 90
        1
176
     1
 40
1.0
176
     1
 90
        0
176
     1
 62
   257
176
     1
 40
1.0
176
     1
 90
        1
176
     1
 90
        6
176
     1
 90
        2
176
     1
 62
     7
176
     1
 90
        5
176
     1
 90
        0
176
     1
 90
        0
176
     1
290
     0
176
     1
 90
       13
176
     1
 40
0.0
176
     1
 90
        0
176
     1
290
     0
176
     1
290
     1
176
     1
290
     1
176
     1
290
     0
176
     1
290
     0
176
     1
290
     0
176
     1
290
     0
176
     1
290
     0
176
     1
290
     0
176
     1
 90
       50
176
     1
 40
0.0
176
     1
 40
1.0
176
     1
 90
        0
176
     1
 62
    18
420
        0
176
     1
 90
       50
176
     1
 90
        3
176
     1
 62
     5
420
      255
176
     1
290
     0
176
     1
 90
       50
176
     1
 90
       50
176
     1
 90
       50
176
     1
290
     0
176
     1
 90
       50
176
     1
 62
   256
176
     0
 40
1.0
176
     0
 90
        2
176
     1
  1
strokes_ogs.tif
176
     1
290
     0
176
     1
 40
1.0
176
     1
 40
1.0
176
     1
1001
ACAD
1000
AcDbSavedByObjectVersion
1070
     0
  0
VISUALSTYLE
  5
CAD00026
102
{ACAD_REACTORS
330
52F
102
}
330
52F
100
AcDbVisualStyle
  2
Hidden
 70
     6
177
     3
291
     0
 70
    58
 90
        1
176
     1
 90
        2
176
     1
 90
        2
176
     1
 90
        0
176
     1
 40
0.6
176
     1
 40
30.0
176
     1
 62
     7
420
 16777215
176
     1
 90
        2
176
     1
 90
        2
176
     1
 62
     7
176
     1
 62
   257
176
     1
 90
        2
176
     1
 90
        1
176
     1
 40
40.0
176
     1
 90
        0
176
     1
 62
   257
176
     1
 40
1.0
176
     1
 90
        1
176
     1
 90
        6
176
     1
 90
        2
176
     1
 62
     7
176
     1
 90
        3
176
     1
 90
        0
176
     1
 90
        0
176
     1
290
     0
176
     1
 90
        1
176
     1
 40
0.0
176
     1
 90
        0
176
     1
290
     0
176
     1
290
     1
176
     1
290
     1
176
     1
290
     0
176
     1
290
     0
176
     1
290
     0
176
     1
290
     0
176
     1
290
     0
176
     1
290
     0
176
     1
 90
       50
176
     1
 40
0.0
176
     1
 40
1.0
176
     1
 90
        0
176
     1
 62
    18
420
        0
176
     1
 90
       50
176
     1
 90
        3
176
     1
 62
     5
420
      255
176
     1
290
     0
176
     1
 90
       50
176
     1
 90
       50
176
     1
 90
       50
176
     1
290
     0
176
     1
 90
       50
176
     1
 62
   256
176
     0
 40
1.0
176
     0
 90
        2
176
     1
  1
strokes_ogs.tif
176
     1
290
     0
176
     1
 40
1.0
176
     1
 40
1.0
176
     1
1001
ACAD
1000
AcDbSavedByObjectVersion
1070
     0
  0
VISUALSTYLE
  5
CAD00034
102
{ACAD_REACTORS
330
52F
102
}
330
52F
100
AcDbVisualStyle
  2
JitterOff
 70
    20
177
     3
291
     1
 70
    58
 90
        2
176
     0
 90
        2
176
     0
 90
        0
176
     0
 90
        0
176
     0
 40
0.6
176
     0
 40
30.0
176
     0
 62
     7
420
 16777215
176
     0
 90
        1
176
     0
 90
        4
176
     0
 62
     7
176
     0
 62
   257
176
     0
 90
        1
176
     0
 90
        1
176
     0
 40
1.0
176
     0
 90
       10
176
     2
 62
     7
176
     0
 40
1.0
176
     0
 90
        1
176
     0
 90
        6
176
     0
 90
        2
176
     0
 62
     7
176
     0
 90
        5
176
     0
 90
        0
176
     0
 90
        0
176
     0
290
     0
176
     0
 90
        1
176
     0
 40
0.0
176
     0
 90
        0
176
     0
290
     0
176
     0
290
     1
176
     0
290
     1
176
     0
290
     0
176
     0
290
     0
176
     0
290
     0
176
     0
290
     0
176
     0
290
     0
176
     0
290
     0
176
     0
 90
       50
176
     0
 40
0.0
176
     0
 40
1.0
176
     0
 90
        0
176
     0
 62
    18
420
        0
176
     0
 90
       50
176
     0
 90
        3
176
     0
 62
     5
420
      255
176
     0
290
     0
176
     0
 90
       50
176
     0
 90
       50
176
     0
 90
       50
176
     0
290
     0
176
     0
 90
       50
176
     0
 62
   256
176
     0
 40
1.0
176
     0
 90
        2
176
     0
  1
strokes_ogs.tif
176
     0
290
     0
176
     0
 40
1.0
176
     0
 40
1.0
176
     0
1001
ACAD
1000
AcDbSavedByObjectVersion
1070
     0
  0
VISUALSTYLE
  5
CAD0002C
102
{ACAD_REACTORS
330
52F
102
}
330
52F
100
AcDbVisualStyle
  2
Linepattern
 70
    14
177
     3
291
     1
 70
    58
 90
        2
176
     1
 90
        2
176
     1
 90
        0
176
     1
 90
        0
176
     1
 40
0.6
176
     1
 40
30.0
176
     1
 62
     7
420
 16777215
176
     1
 90
        1
176
     1
 90
        4
176
     1
 62
     7
176
     1
 62
   257
176
     1
 90
        7
176
     1
 90
        7
176
     1
 40
1.0
176
     1
 90
        8
176
     1
 62
     7
176
     1
 40
1.0
176
     1
 90
        1
176
     1
 90
        6
176
     1
 90
        2
176
     1
 62
     7
176
     1
 90
        5
176
     1
 90
        0
176
     1
 90
        0
176
     1
290
     0
176
     1
 90
        1
176
     1
 40
0.0
176
     1
 90
        0
176
     1
290
     0
176
     1
290
     1
176
     1
290
     1
176
     1
290
     0
176
     1
290
     0
176
     1
290
     0
176
     1
290
     0
176
     1
290
     0
176
     1
290
     0
176
     1
 90
       50
176
     1
 40
0.0
176
     1
 40
1.0
176
     1
 90
        0
176
     1
 62
    18
420
        0
176
     1
 90
       50
176
     1
 90
        3
176
     1
 62
     5
420
      255
176
     1
290
     0
176
     1
 90
       50
176
     1
 90
       50
176
     1
 90
       50
176
     1
290
     0
176
     1
 90
       50
176
     1
 62
   256
176
     0
 40
1.0
176
     0
 90
        2
176
     1
  1
strokes_ogs.tif
176
     1
290
     0
176
     1
 40
1.0
176
     1
 40
1.0
176
     1
1001
ACAD
1000
AcDbSavedByObjectVersion
1070
     0
  0
VISUALSTYLE
  5
CAD00035
102
{ACAD_REACTORS
330
52F
102
}
330
52F
100
AcDbVisualStyle
  2
OverhangOff
 70
    21
177
     3
291
     1
 70
    58
 90
        2
176
     0
 90
        2
176
     0
 90
        0
176
     0
 90
        0
176
     0
 40
0.6
176
     0
 40
30.0
176
     0
 62
     7
420
 16777215
176
     0
 90
        1
176
     0
 90
        4
176
     0
 62
     7
176
     0
 62
   257
176
     0
 90
        1
176
     0
 90
        1
176
     0
 40
1.0
176
     0
 90
        9
176
     2
 62
     7
176
     0
 40
1.0
176
     0
 90
        1
176
     0
 90
        6
176
     0
 90
        2
176
     0
 62
     7
176
     0
 90
        5
176
     0
 90
        0
176
     0
 90
        0
176
     0
290
     0
176
     0
 90
        1
176
     0
 40
0.0
176
     0
 90
        0
176
     0
290
     0
176
     0
290
     1
176
     0
290
     1
176
     0
290
     0
176
     0
290
     0
176
     0
290
     0
176
     0
290
     0
176
     0
290
     0
176
     0
290
     0
176
     0
 90
       50
176
     0
 40
0.0
176
     0
 40
1.0
176
     0
 90
        0
176
     0
 62
    18
420
        0
176
     0
 90
       50
176
     0
 90
        3
176
     0
 62
     5
420
      255
176
     0
290
     0
176
     0
 90
       50
176
     0
 90
       50
176
     0
 90
       50
176
     0
290
     0
176
     0
 90
       50
176
     0
 62
   256
176
     0
 40
1.0
176
     0
 90
        2
176
     0
  1
strokes_ogs.tif
176
     0
290
     0
176
     0
 40
1.0
176
     0
 40
1.0
176
     0
1001
ACAD
1000
AcDbSavedByObjectVersion
1070
     0
  0
VISUALSTYLE
  5
CAD00028
102
{ACAD_REACTORS
330
52F
102
}
330
52F
100
AcDbVisualStyle
  2
Realistic
 70
     8
177
     3
291
     0
 70
    58
 90
        2
176
     1
 90
        3
176
     1
 90
        0
176
     1
 90
        2
176
     1
 40
0.6
176
     1
 40
30.0
176
     1
 62
     7
420
 16777215
176
     1
 90
        0
176
     1
 90
        0
176
     1
 62
     7
176
     1
 62
   257
176
     1
 90
        1
176
     1
 90
        1
176
     1
 40
1.0
176
     1
 90
        8
176
     1
 62
   257
176
     1
 40
1.0
176
     1
 90
        1
176
     1
 90
        6
176
     1
 90
        2
176
     1
 62
     7
176
     1
 90
        3
176
     1
 90
        0
176
     1
 90
        0
176
     1
290
     0
176
     1
 90
       13
176
     1
 40
0.0
176
     1
 90
        0
176
     1
290
     0
176
     1
290
     1
176
     1
290
     1
176
     1
290
     0
176
     1
290
     0
176
     1
290
     0
176
     1
290
     0
176
     1
290
     0
176
     1
290
     0
176
     1
 90
       50
176
     1
 40
0.0
176
     1
 40
1.0
176
     1
 90
        0
176
     1
 62
    18
420
        0
176
     1
 90
       50
176
     1
 90
        3
176
     1
 62
     5
420
      255
176
     1
290
     0
176
     1
 90
       50
176
     1
 90
       50
176
     1
 90
       50
176
     1
290
     0
176
     1
 90
       50
176
     1
 62
   256
176
     0
 40
1.0
176
     0
 90
        2
176
     1
  1
strokes_ogs.tif
176
     1
290
     0
176
     1
 40
1.0
176
     1
 40
1.0
176
     1
1001
ACAD
1000
AcDbSavedByObjectVersion
1070
     0
  0
VISUALSTYLE
  5
CAD00033
102
{ACAD_REACTORS
330
52F
102
}
330
52F
100
AcDbVisualStyle
  2
Shaded
 70
    27
177
     3
291
     0
 70
    58
 90
        2
176
     1
 90
        2
176
     1
 90
        1
176
     1
 90
        2
176
     1
 40
0.6
176
     1
 40
30.0
176
     1
 62
     7
420
 16777215
176
     1
 90
        0
176
     1
 90
        4
176
     1
 62
     7
176
     1
 62
   257
176
     1
 90
        1
176
     1
 90
        1
176
     1
 40
1.0
176
     1
 90
        8
176
     1
 62
   257
176
     1
 40
1.0
176
     1
 90
        1
176
     1
 90
        6
176
     1
 90
        2
176
     1
 62
     8
420
  7895160
176
     1
 90
        3
176
     1
 90
        0
176
     1
 90
        0
176
     1
290
     0
176
     1
 90
        5
176
     1
 40
0.0
176
     1
 90
        0
176
     1
290
     0
176
     1
290
     1
176
     1
290
     1
176
     1
290
     0
176
     1
290
     0
176
     1
290
     0
176
     1
290
     0
176
     1
290
     0
176
     1
290
     0
176
     1
 90
       50
176
     1
 40
0.0
176
     1
 40
1.0
176
     1
 90
        0
176
     1
 62
    18
420
        0
176
     1
 90
       50
176
     1
 90
        3
176
     1
 62
     5
420
      255
176
     1
290
     0
176
     1
 90
       50
176
     1
 90
       50
176
     1
 90
       50
176
     1
290
     0
176
     1
 90
       50
176
     1
 62
   256
176
     0
 40
1.0
176
     0
 90
        2
176
     1
  1
strokes_ogs.tif
176
     1
290
     0
176
     1
 40
1.0
176
     1
 40
1.0
176
     1
1001
ACAD
1000
AcDbSavedByObjectVersion
1070
     0
  0
VISUALSTYLE
  5
CAD00032
102
{ACAD_REACTORS
330
52F
102
}
330
52F
100
AcDbVisualStyle
  2
Shaded with edges
 70
    26
177
     3
291
     0
 70
    58
 90
        2
176
     1
 90
        2
176
     1
 90
        1
176
     1
 90
        2
176
     1
 40
0.6
176
     1
 40
30.0
176
     1
 62
     7
420
 16777215
176
     1
 90
        1
176
     1
 90
        2
176
     1
 62
     7
176
     1
 62
   257
176
     1
 90
        2
176
     1
 90
        1
176
     1
 40
1.0
176
     1
 90
        8
176
     1
 62
   257
176
     1
 40
1.0
176
     1
 90
        1
176
     1
 90
        6
176
     1
 90
        2
176
     1
 62
     7
176
     1
 90
        3
176
     1
 90
        0
176
     1
 90
        0
176
     1
290
     0
176
     1
 90
        5
176
     1
 40
0.0
176
     1
 90
        0
176
     1
290
     0
176
     1
290
     1
176
     1
290
     1
176
     1
290
     0
176
     1
290
     0
176
     1
290
     0
176
     1
290
     0
176
     1
290
     0
176
     1
290
     0
176
     1
 90
       50
176
     1
 40
0.0
176
     1
 40
1.0
176
     1
 90
        0
176
     1
 62
    18
420
        0
176
     1
 90
       50
176
     1
 90
        3
176
     1
 62
     5
420
      255
176
     1
290
     0
176
     1
 90
       50
176
     1
 90
       50
176
     1
 90
       50
176
     1
290
     0
176
     1
 90
       50
176
     1
 62
   256
176
     0
 40
1.0
176
     0
 90
        2
176
     1
  1
strokes_ogs.tif
176
     1
290
     0
176
     1
 40
1.0
176
     1
 40
1.0
176
     1
1001
ACAD
1000
AcDbSavedByObjectVersion
1070
     0
  0
VISUALSTYLE
  5
CAD0002F
102
{ACAD_REACTORS
330
52F
102
}
330
52F
100
AcDbVisualStyle
  2
Shades of Gray
 70
    23
177
     3
291
     0
 70
    58
 90
        2
176
     1
 90
        2
176
     1
 90
        3
176
     1
 90
        0
176
     1
 40
0.6
176
     1
 40
30.0
176
     1
 62
     7
420
 16777215
176
     1
 90
        2
176
     1
 90
        2
176
     1
 62
     7
176
     1
 62
     7
176
     1
 90
        1
176
     1
 90
        1
176
     1
 40
40.0
176
     1
 90
        8
176
     1
 62
     7
176
     1
 40
1.0
176
     1
 90
        1
176
     1
 90
        6
176
     1
 90
        2
176
     1
 62
     7
176
     1
 90
        3
176
     1
 90
        0
176
     1
 90
        0
176
     1
290
     0
176
     1
 90
        1
176
     1
 40
0.0
176
     1
 90
        0
176
     1
290
     0
176
     1
290
     1
176
     1
290
     1
176
     1
290
     0
176
     1
290
     0
176
     1
290
     0
176
     1
290
     0
176
     1
290
     0
176
     1
290
     0
176
     1
 90
       50
176
     1
 40
0.0
176
     1
 40
1.0
176
     1
 90
        0
176
     1
 62
    18
420
        0
176
     1
 90
       50
176
     1
 90
        3
176
     1
 62
     5
420
      255
176
     1
290
     0
176
     1
 90
       50
176
     1
 90
       50
176
     1
 90
       50
176
     1
290
     0
176
     1
 90
       50
176
     1
 62
   256
176
     0
 40
1.0
176
     0
 90
        2
176
     1
  1
strokes_ogs.tif
176
     1
290
     0
176
     1
 40
1.0
176
     1
 40
1.0
176
     1
1001
ACAD
1000
AcDbSavedByObjectVersion
1070
     0
  0
VISUALSTYLE
  5
CAD00030
102
{ACAD_REACTORS
330
52F
102
}
330
52F
100
AcDbVisualStyle
  2
Sketchy
 70
    24
177
     3
291
     0
 70
    58
 90
        1
176
     1
 90
        2
176
     1
 90
        2
176
     1
 90
        0
176
     1
 40
0.6
176
     1
 40
30.0
176
     1
 62
     7
420
 16777215
176
     1
 90
        2
176
     1
 90
        2
176
     1
 62
     7
176
     1
 62
     7
176
     1
 90
        1
176
     1
 90
        1
176
     1
 40
40.0
176
     1
 90
       11
176
     1
 62
     7
176
     1
 40
1.0
176
     1
 90
        1
176
     1
 90
        6
176
     1
 90
        2
176
     1
 62
     7
176
     1
 90
        6
176
     1
 90
        0
176
     1
 90
        0
176
     1
290
     0
176
     1
 90
        1
176
     1
 40
0.0
176
     1
 90
        0
176
     1
290
     0
176
     1
290
     1
176
     1
290
     1
176
     1
290
     0
176
     1
290
     0
176
     1
290
     0
176
     1
290
     0
176
     1
290
     0
176
     1
290
     0
176
     1
 90
       50
176
     1
 40
0.0
176
     1
 40
1.0
176
     1
 90
        0
176
     1
 62
    18
420
        0
176
     1
 90
       50
176
     1
 90
        3
176
     1
 62
     5
420
      255
176
     1
290
     0
176
     1
 90
       50
176
     1
 90
       50
176
     1
 90
       50
176
     1
290
     0
176
     1
 90
       50
176
     1
 62
   256
176
     0
 40
1.0
176
     0
 90
        2
176
     1
  1
strokes_ogs.tif
176
     1
290
     0
176
     1
 40
1.0
176
     1
 40
1.0
176
     1
1001
ACAD
1000
AcDbSavedByObjectVersion
1070
     0
  0
VISUALSTYLE
  5
CAD0002B
102
{ACAD_REACTORS
330
52F
102
}
330
52F
100
AcDbVisualStyle
  2
Thicken
 70
    13
177
     3
291
     1
 70
    58
 90
        2
176
     1
 90
        2
176
     1
 90
        0
176
     1
 90
        0
176
     1
 40
0.6
176
     1
 40
30.0
176
     1
 62
     7
420
 16777215
176
     1
 90
        1
176
     1
 90
        4
176
     1
 62
     7
176
     1
 62
   257
176
     1
 90
        1
176
     1
 90
        1
176
     1
 40
1.0
176
     1
 90
       12
176
     1
 62
     7
176
     1
 40
1.0
176
     1
 90
        1
176
     1
 90
        6
176
     1
 90
        2
176
     1
 62
     7
176
     1
 90
        5
176
     1
 90
        0
176
     1
 90
        0
176
     1
290
     0
176
     1
 90
        1
176
     1
 40
0.0
176
     1
 90
        0
176
     1
290
     0
176
     1
290
     1
176
     1
290
     1
176
     1
290
     0
176
     1
290
     0
176
     1
290
     0
176
     1
290
     0
176
     1
290
     0
176
     1
290
     0
176
     1
 90
       50
176
     1
 40
0.0
176
     1
 40
1.0
176
     1
 90
        0
176
     1
 62
    18
420
        0
176
     1
 90
       50
176
     1
 90
        3
176
     1
 62
     5
420
      255
176
     1
290
     0
176
     1
 90
       50
176
     1
 90
       50
176
     1
 90
       50
176
     1
290
     0
176
     1
 90
       50
176
     1
 62
   256
176
     0
 40
1.0
176
     0
 90
        2
176
     1
  1
strokes_ogs.tif
176
     1
290
     0
176
     1
 40
1.0
176
     1
 40
1.0
176
     1
1001
ACAD
1000
AcDbSavedByObjectVersion
1070
     0
  0
VISUALSTYLE
  5
CAD00025
102
{ACAD_REACTORS
330
52F
102
}
330
52F
100
AcDbVisualStyle
  2
Wireframe
 70
     5
177
     3
291
     0
 70
    58
 90
        0
176
     1
 90
        2
176
     1
 90
        0
176
     1
 90
        0
176
     1
 40
0.6
176
     1
 40
30.0
176
     1
 62
     7
420
 16777215
176
     1
 90
        1
176
     1
 90
        4
176
     1
 62
     7
176
     1
 62
   257
176
     1
 90
        1
176
     1
 90
        1
176
     1
 40
1.0
176
     1
 90
        0
176
     1
 62
   257
176
     1
 40
1.0
176
     1
 90
        1
176
     1
 90
        6
176
     1
 90
        2
176
     1
 62
     7
176
     1
 90
        3
176
     1
 90
        0
176
     1
 90
        0
176
     1
290
     0
176
     1
 90
        1
176
     1
 40
0.0
176
     1
 90
        0
176
     1
290
     0
176
     1
290
     1
176
     1
290
     1
176
     1
290
     0
176
     1
290
     0
176
     1
290
     0
176
     1
290
     0
176
     1
290
     0
176
     1
290
     0
176
     1
 90
       50
176
     1
 40
0.0
176
     1
 40
1.0
176
     1
 90
        0
176
     1
 62
    18
420
        0
176
     1
 90
       50
176
     1
 90
        3
176
     1
 62
     5
420
      255
176
     1
290
     0
176
     1
 90
       50
176
     1
 90
       50
176
     1
 90
       50
176
     1
290
     0
176
     1
 90
       50
176
     1
 62
   256
176
     0
 40
1.0
176
     0
 90
        2
176
     1
  1
strokes_ogs.tif
176
     1
290
     0
176
     1
 40
1.0
176
     1
 40
1.0
176
     1
1001
ACAD
1000
AcDbSavedByObjectVersion
1070
     0
  0
VISUALSTYLE
  5
CAD00031
102
{ACAD_REACTORS
330
52F
102
}
330
52F
100
AcDbVisualStyle
  2
X-Ray
 70
    25
177
     3
291
     0
 70
    58
 90
        2
176
     1
 90
        2
176
     1
 90
        1
176
     1
 90
        1
176
     1
 40
0.5
176
     1
 40
30.0
176
     1
 62
     7
420
 16777215
176
     1
 90
        1
176
     1
 90
        0
176
     1
 62
     7
176
     1
 62
   257
176
     1
 90
        1
176
     1
 90
        1
176
     1
 40
1.0
176
     1
 90
        8
176
     1
 62
     7
176
     1
 40
1.0
176
     1
 90
        1
176
     1
 90
        6
176
     1
 90
        2
176
     1
 62
     7
176
     1
 90
        3
176
     1
 90
        0
176
     1
 90
        0
176
     1
290
     0
176
     1
 90
       13
176
     1
 40
0.0
176
     1
 90
        0
176
     1
290
     0
176
     1
290
     1
176
     1
290
     1
176
     1
290
     0
176
     1
290
     0
176
     1
290
     0
176
     1
290
     0
176
     1
290
     0
176
     1
290
     0
176
     1
 90
       50
176
     1
 40
0.0
176
     1
 40
1.0
176
     1
 90
        0
176
     1
 62
    18
420
        0
176
     1
 90
       50
176
     1
 90
        3
176
     1
 62
     5
420
      255
176
     1
290
     0
176
     1
 90
       50
176
     1
 90
       50
176
     1
 90
       50
176
     1
290
     0
176
     1
 90
       50
176
     1
 62
   256
176
     0
 40
1.0
176
     0
 90
        2
176
     1
  1
strokes_ogs.tif
176
     1
290
     0
176
     1
 40
1.0
176
     1
 40
1.0
176
     1
1001
ACAD
1000
AcDbSavedByObjectVersion
1070
     0
  0
DICTIONARYVAR
  5
CAD00388
102
{ACAD_REACTORS
330
CAD00383
102
}
330
CAD00383
100
DictionaryVariables
280
     0
  1
1:1
  0
DICTIONARYVAR
  5
CAD00385
102
{ACAD_REACTORS
330
CAD00383
102
}
330
CAD00383
100
DictionaryVariables
280
     0
  1
STANDARD
  0
DICTIONARYVAR
  5
CAD00384
102
{ACAD_REACTORS
330
CAD00383
102
}
330
CAD00383
100
DictionaryVariables
280
     0
  1
STANDARD
  0
DICTIONARYVAR
  5
CAD00386
102
{ACAD_REACTORS
330
CAD00383
102
}
330
CAD00383
100
DictionaryVariables
280
     0
  1
Metric50
  0
DICTIONARYVAR
  5
CAD00387
102
{ACAD_REACTORS
330
CAD00383
102
}
330
CAD00383
100
DictionaryVariables
280
     0
  1
Metric50
  0
DICTIONARY
  5
CAD008B7
102
{ACAD_REACTORS
330
CAD008B5
102
}
330
CAD008B5
100
AcDbDictionary
281
     1
  0
DICTIONARY
  5
CAD008B6
102
{ACAD_REACTORS
330
CAD008B5
102
}
330
CAD008B5
100
AcDbDictionary
281
     1
  3
1779017822592
350
CAD008B0
  3
1779017822608
350
CAD008B1
  3
1779017822624
350
CAD008B2
  3
1779017822640
350
CAD008B3
  3
1779017822656
350
CAD008B4
  0
DICTIONARY
  5
CAD008BA
330
CAD0004E
100
AcDbDictionary
280
     1
281
     1
  3
ACAD_XREC_ROUNDTRIP
360
CAD008BB
  0
DICTIONARY
  5
CAD00010
330
CAD0000F
100
AcDbDictionary
280
     1
281
     1
  3
BUMPTILE
360
CAD00012
  3
DIFFUSETILE
360
CAD00011
  3
OPACITYTILE
360
CAD00015
  3
REFLECTIONTILE
360
CAD00014
  3
REFRACTIONTILE
360
CAD00016
  3
SPECULARTILE
360
CAD00013
  0
DICTIONARY
  5
CAD00008
330
CAD00007
100
AcDbDictionary
280
     1
281
     1
  3
BUMPTILE
360
CAD0000A
  3
DIFFUSETILE
360
CAD00009
  3
OPACITYTILE
360
CAD0000D
  3
REFLECTIONTILE
360
CAD0000C
  3
REFRACTIONTILE
360
CAD0000E
  3
SPECULARTILE
360
CAD0000B
  0
DICTIONARY
  5
CAD00018
330
CAD00017
100
AcDbDictionary
280
     1
281
     1
  3
BUMPTILE
360
CAD0001A
  3
DIFFUSETILE
360
CAD00019
  3
OPACITYTILE
360
CAD0001D
  3
REFLECTIONTILE
360
CAD0001C
  3
REFRACTIONTILE
360
CAD0001E
  3
SPECULARTILE
360
CAD0001B
  0
DICTIONARY
  5
CAD008B8
330
CAD0004C
100
AcDbDictionary
280
     1
281
     1
  3
ACAD_XREC_ROUNDTRIP
360
CAD008B9
  0
DICTIONARY
  5
CAD008AD
330
CAD00037
100
AcDbDictionary
280
     1
281
     1
  3
ACAD_ROUNDTRIP_2008_TABLESTYLE_CELLSTYLEMAP
360
CAD008AE
  0
XRECORD
  5
CAD008B0
102
{ACAD_REACTORS
330
CAD008B6
102
}
330
CAD008B6
100
AcDbXrecord
280
     1
  1
AcDb_Thumbnail_Schema
102
{ATTRRECORD
341
CAD008B1
  2
AcDbDs::TreatedAsObjectData
280
     1
291
     1
102
ATTRRECORD}
102
{ATTRRECORD
341
CAD008B2
  2
AcDbDs::Legacy
280
     1
291
     1
102
ATTRRECORD}
  2
AcDbDs::ID
280
    10
 91
        8
102
{ATTRRECORD
341
CAD008B3
  2
AcDs:Indexable
280
     1
291
     1
102
ATTRRECORD}
102
{ATTRRECORD
341
CAD008B4
  2
AcDbDs::HandleAttribute
280
     7
282
     1
102
ATTRRECORD}
  2
Thumbnail_Data
280
    15
 91
        0
  0
XRECORD
  5
CAD008B1
102
{ACAD_REACTORS
330
CAD008B6
102
}
330
CAD008B6
100
AcDbXrecord
280
     1
  1
AcDbDs::TreatedAsObjectDataSchema
  2
AcDbDs::TreatedAsObjectData
280
     1
 91
        0
  0
XRECORD
  5
CAD008B2
102
{ACAD_REACTORS
330
CAD008B6
102
}
330
CAD008B6
100
AcDbXrecord
280
     1
  1
AcDbDs::LegacySchema
  2
AcDbDs::Legacy
280
     1
 91
        0
  0
XRECORD
  5
CAD008B3
102
{ACAD_REACTORS
330
CAD008B6
102
}
330
CAD008B6
100
AcDbXrecord
280
     1
  1
AcDbDs::IndexedPropertySchema
  2
AcDs:Indexable
280
     1
 91
        0
  0
XRECORD
  5
CAD008B4
102
{ACAD_REACTORS
330
CAD008B6
102
}
330
CAD008B6
100
AcDbXrecord
280
     1
  1
AcDbDs::HandleAttributeSchema
  2
AcDbDs::HandleAttribute
280
     7
 91
        1
284
     1
  0
XRECORD
  5
CAD008BB
102
{ACAD_REACTORS
330
CAD008BA
102
}
330
CAD008BA
100
AcDbXrecord
280
     1
102
DISPLAYNAME
  1
Metric50
102
FLAGS
 90
        0
  0
XRECORD
  5
CAD00012
102
{ACAD_REACTORS
330
CAD00010
102
}
330
CAD00010
100
AcDbXrecord
280
     1
270
     1
271
     1
  0
XRECORD
  5
CAD00011
102
{ACAD_REACTORS
330
CAD00010
102
}
330
CAD00010
100
AcDbXrecord
280
     1
270
     1
271
     1
  0
XRECORD
  5
CAD00015
102
{ACAD_REACTORS
330
CAD00010
102
}
330
CAD00010
100
AcDbXrecord
280
     1
270
     1
271
     1
  0
XRECORD
  5
CAD00014
102
{ACAD_REACTORS
330
CAD00010
102
}
330
CAD00010
100
AcDbXrecord
280
     1
270
     1
271
     1
  0
XRECORD
  5
CAD00016
102
{ACAD_REACTORS
330
CAD00010
102
}
330
CAD00010
100
AcDbXrecord
280
     1
270
     1
271
     1
  0
XRECORD
  5
CAD00013
102
{ACAD_REACTORS
330
CAD00010
102
}
330
CAD00010
100
AcDbXrecord
280
     1
270
     1
271
     1
  0
XRECORD
  5
CAD0000A
102
{ACAD_REACTORS
330
CAD00008
102
}
330
CAD00008
100
AcDbXrecord
280
     1
270
     1
271
     1
  0
XRECORD
  5
CAD00009
102
{ACAD_REACTORS
330
CAD00008
102
}
330
CAD00008
100
AcDbXrecord
280
     1
270
     1
271
     1
  0
XRECORD
  5
CAD0000D
102
{ACAD_REACTORS
330
CAD00008
102
}
330
CAD00008
100
AcDbXrecord
280
     1
270
     1
271
     1
  0
XRECORD
  5
CAD0000C
102
{ACAD_REACTORS
330
CAD00008
102
}
330
CAD00008
100
AcDbXrecord
280
     1
270
     1
271
     1
  0
XRECORD
  5
CAD0000E
102
{ACAD_REACTORS
330
CAD00008
102
}
330
CAD00008
100
AcDbXrecord
280
     1
270
     1
271
     1
  0
XRECORD
  5
CAD0000B
102
{ACAD_REACTORS
330
CAD00008
102
}
330
CAD00008
100
AcDbXrecord
280
     1
270
     1
271
     1
  0
XRECORD
  5
CAD0001A
102
{ACAD_REACTORS
330
CAD00018
102
}
330
CAD00018
100
AcDbXrecord
280
     1
270
     1
271
     1
  0
XRECORD
  5
CAD00019
102
{ACAD_REACTORS
330
CAD00018
102
}
330
CAD00018
100
AcDbXrecord
280
     1
270
     1
271
     1
  0
XRECORD
  5
CAD0001D
102
{ACAD_REACTORS
330
CAD00018
102
}
330
CAD00018
100
AcDbXrecord
280
     1
270
     1
271
     1
  0
XRECORD
  5
CAD0001C
102
{ACAD_REACTORS
330
CAD00018
102
}
330
CAD00018
100
AcDbXrecord
280
     1
270
     1
271
     1
  0
XRECORD
  5
CAD0001E
102
{ACAD_REACTORS
330
CAD00018
102
}
330
CAD00018
100
AcDbXrecord
280
     1
270
     1
271
     1
  0
XRECORD
  5
CAD0001B
102
{ACAD_REACTORS
330
CAD00018
102
}
330
CAD00018
100
AcDbXrecord
280
     1
270
     1
271
     1
  0
XRECORD
  5
CAD008B9
102
{ACAD_REACTORS
330
CAD008B8
102
}
330
CAD008B8
100
AcDbXrecord
280
     1
102
DISPLAYNAME
  1
Metric50
102
FLAGS
 90
        0
  0
CELLSTYLEMAP
  5
CAD008AE
102
{ACAD_REACTORS
330
CAD008AD
102
}
330
CAD008AD
100
AcDbCellStyleMap
 90
        3
300
CELLSTYLE
  1
TABLEFORMAT_BEGIN
 90
        5
170
     1
 91
        0
 92
    32768
 62
   257
 93
        1
300
CONTENTFORMAT
  1
CONTENTFORMAT_BEGIN
 90
        0
 91
        0
 92
      512
 93
        0
300

 40
0.0
140
1.0
 94
        5
 62
     0
340
11
144
6.0
309
CONTENTFORMAT_END
171
     1
301
MARGIN
  1
CELLMARGIN_BEGIN
 40
1.5
 40
1.5
 40
1.5
 40
1.5
 40
4.5
 40
4.5
309
CELLMARGIN_END
 94
        6
 95
        1
302
GRIDFORMAT
  1
GRIDFORMAT_BEGIN
 90
        0
 91
        1
 62
     0
 92
       -2
340
0
 93
        0
 40
1.125
309
GRIDFORMAT_END
 95
        2
302
GRIDFORMAT
  1
GRIDFORMAT_BEGIN
 90
        0
 91
        1
 62
     0
 92
       -2
340
0
 93
        0
 40
1.125
309
GRIDFORMAT_END
 95
        4
302
GRIDFORMAT
  1
GRIDFORMAT_BEGIN
 90
        0
 91
        1
 62
     0
 92
       -2
340
0
 93
        0
 40
1.125
309
GRIDFORMAT_END
 95
        8
302
GRIDFORMAT
  1
GRIDFORMAT_BEGIN
 90
        0
 91
        1
 62
     0
 92
       -2
340
0
 93
        0
 40
1.125
309
GRIDFORMAT_END
 95
       16
302
GRIDFORMAT
  1
GRIDFORMAT_BEGIN
 90
        0
 91
        1
 62
     0
 92
       -2
340
0
 93
        0
 40
1.125
309
GRIDFORMAT_END
 95
       32
302
GRIDFORMAT
  1
GRIDFORMAT_BEGIN
 90
        0
 91
        1
 62
     0
 92
       -2
340
0
 93
        0
 40
1.125
309
GRIDFORMAT_END
309
TABLEFORMAT_END
  1
CELLSTYLE_BEGIN
 90
        1
 91
        1
300
_TITLE
309
CELLSTYLE_END
300
CELLSTYLE
  1
TABLEFORMAT_BEGIN
 90
        5
170
     1
 91
        0
 92
        0
 62
   257
 93
        1
300
CONTENTFORMAT
  1
CONTENTFORMAT_BEGIN
 90
        0
 91
        0
 92
      512
 93
        0
300

 40
0.0
140
1.0
 94
        5
 62
     0
340
11
144
4.5
309
CONTENTFORMAT_END
171
     1
301
MARGIN
  1
CELLMARGIN_BEGIN
 40
1.5
 40
1.5
 40
1.5
 40
1.5
 40
4.5
 40
4.5
309
CELLMARGIN_END
 94
        6
 95
        1
302
GRIDFORMAT
  1
GRIDFORMAT_BEGIN
 90
        0
 91
        1
 62
     0
 92
       -2
340
0
 93
        0
 40
1.125
309
GRIDFORMAT_END
 95
        2
302
GRIDFORMAT
  1
GRIDFORMAT_BEGIN
 90
        0
 91
        1
 62
     0
 92
       -2
340
0
 93
        0
 40
1.125
309
GRIDFORMAT_END
 95
        4
302
GRIDFORMAT
  1
GRIDFORMAT_BEGIN
 90
        0
 91
        1
 62
     0
 92
       -2
340
0
 93
        0
 40
1.125
309
GRIDFORMAT_END
 95
        8
302
GRIDFORMAT
  1
GRIDFORMAT_BEGIN
 90
        0
 91
        1
 62
     0
 92
       -2
340
0
 93
        0
 40
1.125
309
GRIDFORMAT_END
 95
       16
302
GRIDFORMAT
  1
GRIDFORMAT_BEGIN
 90
        0
 91
        1
 62
     0
 92
       -2
340
0
 93
        0
 40
1.125
309
GRIDFORMAT_END
 95
       32
302
GRIDFORMAT
  1
GRIDFORMAT_BEGIN
 90
        0
 91
        1
 62
     0
 92
       -2
340
0
 93
        0
 40
1.125
309
GRIDFORMAT_END
309
TABLEFORMAT_END
  1
CELLSTYLE_BEGIN
 90
        2
 91
        1
300
_HEADER
309
CELLSTYLE_END
300
CELLSTYLE
  1
TABLEFORMAT_BEGIN
 90
        5
170
     1
 91
        0
 92
        0
 62
   257
 93
        1
300
CONTENTFORMAT
  1
CONTENTFORMAT_BEGIN
 90
        0
 91
        0
 92
      512
 93
        0
300

 40
0.0
140
1.0
 94
        2
 62
     0
340
11
144
4.5
309
CONTENTFORMAT_END
171
     1
301
MARGIN
  1
CELLMARGIN_BEGIN
 40
1.5
 40
1.5
 40
1.5
 40
1.5
 40
4.5
 40
4.5
309
CELLMARGIN_END
 94
        6
 95
        1
302
GRIDFORMAT
  1
GRIDFORMAT_BEGIN
 90
        0
 91
        1
 62
     0
 92
       -2
340
0
 93
        0
 40
1.125
309
GRIDFORMAT_END
 95
        2
302
GRIDFORMAT
  1
GRIDFORMAT_BEGIN
 90
        0
 91
        1
 62
     0
 92
       -2
340
0
 93
        0
 40
1.125
309
GRIDFORMAT_END
 95
        4
302
GRIDFORMAT
  1
GRIDFORMAT_BEGIN
 90
        0
 91
        1
 62
     0
 92
       -2
340
0
 93
        0
 40
1.125
309
GRIDFORMAT_END
 95
        8
302
GRIDFORMAT
  1
GRIDFORMAT_BEGIN
 90
        0
 91
        1
 62
     0
 92
       -2
340
0
 93
        0
 40
1.125
309
GRIDFORMAT_END
 95
       16
302
GRIDFORMAT
  1
GRIDFORMAT_BEGIN
 90
        0
 91
        1
 62
     0
 92
       -2
340
0
 93
        0
 40
1.125
309
GRIDFORMAT_END
 95
       32
302
GRIDFORMAT
  1
GRIDFORMAT_BEGIN
 90
        0
 91
        1
 62
     0
 92
       -2
340
0
 93
        0
 40
1.125
309
GRIDFORMAT_END
309
TABLEFORMAT_END
  1
CELLSTYLE_BEGIN
 90
        3
 91
        2
300
_DATA
309
CELLSTYLE_END
  0
ENDSEC
  0
SECTION
  2
ACDSDATA
 70
     2
 71
     8
  0
ACDSSCHEMA
 90
        0
  1
AcDb_Thumbnail_Schema
  2
AcDbDs::ID
280
    10
 91
        8
  2
Thumbnail_Data
280
    15
 91
        0
101
ACDSRECORD
 95
        0
 90
        1
  2
AcDbDs::TreatedAsObjectData
280
     1
291
     1
101
ACDSRECORD
 95
        0
 90
        2
  2
AcDbDs::Legacy
280
     1
291
     1
101
ACDSRECORD
  1
AcDbDs::ID
 90
        3
  2
AcDs:Indexable
280
     1
291
     1
101
ACDSRECORD
  1
AcDbDs::ID
 90
        4
  2
AcDbDs::HandleAttribute
280
     7
282
     1
  0
ACDSSCHEMA
 90
        1
  1
AcDbDs::TreatedAsObjectDataSchema
  2
AcDbDs::TreatedAsObjectData
280
     1
 91
        0
  0
ACDSSCHEMA
 90
        2
  1
AcDbDs::LegacySchema
  2
AcDbDs::Legacy
280
     1
 91
        0
  0
ACDSSCHEMA
 90
        3
  1
AcDbDs::IndexedPropertySchema
  2
AcDs:Indexable
280
     1
 91
        0
  0
ACDSSCHEMA
 90
        4
  1
AcDbDs::HandleAttributeSchema
  2
AcDbDs::HandleAttribute
280
     7
 91
        1
284
     1
  0
ACDSRECORD
 90
        0
  2
AcDbDs::ID
280
    10
320
530
  2
Thumbnail_Data
280
    15
 94
     1187
310
89504E470D0A1A0A0000000D49484452000001000000006A080300000064B47FDC00000300504C5445212830FFFFFF2128300000000000000000000000000000000000000000000000000000330000660000990000CC0000FF0033000033330033660033990033CC0033FF0066000066330066660066990066CC0066FF0099
310
000099330099660099990099CC0099FF00CC0000CC3300CC6600CC9900CCCC00CCFF00FF0000FF3300FF6600FF9900FFCC00FFFF3300003300333300663300993300CC3300FF3333003333333333663333993333CC3333FF3366003366333366663366993366CC3366FF3399003399333399663399993399CC3399FF33CC00
310
33CC3333CC6633CC9933CCCC33CCFF33FF0033FF3333FF6633FF9933FFCC33FFFF6600006600336600666600996600CC6600FF6633006633336633666633996633CC6633FF6666006666336666666666996666CC6666FF6699006699336699666699996699CC6699FF66CC0066CC3366CC6666CC9966CCCC66CCFF66FF0066
310
FF3366FF6666FF9966FFCC66FFFF9900009900339900669900999900CC9900FF9933009933339933669933999933CC9933FF9966009966339966669966999966CC9966FF9999009999339999669999999999CC9999FF99CC0099CC3399CC6699CC9999CCCC99CCFF99FF0099FF3399FF6699FF9999FFCC99FFFFCC0000CC00
310
33CC0066CC0099CC00CCCC00FFCC3300CC3333CC3366CC3399CC33CCCC33FFCC6600CC6633CC6666CC6699CC66CCCC66FFCC9900CC9933CC9966CC9999CC99CCCC99FFCCCC00CCCC33CCCC66CCCC99CCCCCCCCCCFFCCFF00CCFF33CCFF66CCFF99CCFFCCCCFFFFFF0000FF0033FF0066FF0099FF00CCFF00FFFF3300FF3333
310
FF3366FF3399FF33CCFF33FFFF6600FF6633FF6666FF6699FF66CCFF66FFFF9900FF9933FF9966FF9999FF99CCFF99FFFFCC00FFCC33FFCC66FFCC99FFCCCCFFCCFFFFFF00FFFF33FFFF66FFFF99FFFFCCFFFFFF0000000D0D0D1A1A1A2828283535354343435050505D5D5D6B6B6B787878868686939393A1A1A1AEAEAEBB
310
BBBBC9C9C9D6D6D6E4E4E4F1F1F1FFFFFF0000000000000000000000000000000000000000000000000000000000002E4550F1000000934944415478DAEDD8310E80201004C0FBFF7FAFB730215103B4C49D29E8DD1C0B58050000000000003B3D971240F56C118000748000F2B6408F450708C016508202D0010210800E10
310
0000380605F0D3001E3F01C65D58006502723AE0CEE1B5E43C873F13D07113107D0AAC46233B8032013A80A00751F6F7E7ECF8450D080088EE80E01B9000DC81010000000000000038DC0542706F2649CBFBFF0000000049454E44AE4260829DB5E09E0D04000000000000000000000000002C862C873544F404898814C1FF
310
7D0DBED7750000E0AE1A909684C71E2C9D0169AD7AEC418F000000005016C0A67AE53D9EBDB5ECAE0DA0DDDC05746567D09ABB78066CFB984943AFEDAC0577AB9F01A38D5E7F729FDB8232400DF016300F00000000000000805A007C17F00800A006F82EE0BB801A0000000000000000000000000000000000000000701C00
310
364D11111111E593A263DDFF0BCD609F355D97012F7B371F978BA2AC9F2B55720000000049454E44AE426082
  0
ENDSEC
  0
EOF
