  0
SECTION
  2
HEADER
  9
$ACADVER
  1
AC1027
  9
$ACADMAINTVER
 70
   125
  9
$DWGCODEPAGE
  3
ANSI_1252
  9
$LASTSAVEDBY
  1
Bruno
  9
$REQUIREDVERSIONS
160
                 0
  9
$INSBASE
 10
0.0
 20
0.0
 30
0.0
  9
$EXTMIN
 10
2657.517057055772
 20
1236.526709110759
 30
0.0
  9
$EXTMAX
 10
3113.978139659616
 20
1572.824606690647
 30
0.0
  9
$LIMMIN
 10
0.0
 20
0.0
  9
$LIMMAX
 10
420.0
 20
297.0
  9
$ORTHOMODE
 70
     0
  9
$REGENMODE
 70
     1
  9
$FILLMODE
 70
     1
  9
$QTEXTMODE
 70
     0
  9
$MIRRTEXT
 70
     0
  9
$LTSCALE
 40
1.0
  9
$ATTMODE
 70
     1
  9
$TEXTSIZE
 40
2.5
  9
$TRACEWID
 40
1.0
  9
$TEXTSTYLE
  7
Standard
  9
$CLAYER
  8
0
  9
$CELTYPE
  6
ByLayer
  9
$CECOLOR
 62
   256
  9
$CELTSCALE
 40
1.0
  9
$DISPSILH
 70
     0
  9
$DIMSCALE
 40
1.0
  9
$DIMASZ
 40
2.5
  9
$DIMEXO
 40
0.625
  9
$DIMDLI
 40
3.75
  9
$DIMRND
 40
0.0
  9
$DIMDLE
 40
0.0
  9
$DIMEXE
 40
1.25
  9
$DIMTP
 40
0.0
  9
$DIMTM
 40
0.0
  9
$DIMTXT
 40
2.5
  9
$DIMCEN
 40
2.5
  9
$DIMTSZ
 40
0.0
  9
$DIMTOL
 70
     0
  9
$DIMLIM
 70
     0
  9
$DIMTIH
 70
     0
  9
$DIMTOH
 70
     0
  9
$DIMSE1
 70
     0
  9
$DIMSE2
 70
     0
  9
$DIMTAD
 70
     1
  9
$DIMZIN
 70
     8
  9
$DIMBLK
  1

  9
$DIMASO
 70
     1
  9
$DIMSHO
 70
     1
  9
$DIMPOST
  1

  9
$DIMAPOST
  1

  9
$DIMALT
 70
     0
  9
$DIMALTD
 70
     3
  9
$DIMALTF
 40
0.03937007874016
  9
$DIMLFAC
 40
1.0
  9
$DIMTOFL
 70
     1
  9
$DIMTVP
 40
0.0
  9
$DIMTIX
 70
     0
  9
$DIMSOXD
 70
     0
  9
$DIMSAH
 70
     0
  9
$DIMBLK1
  1

  9
$DIMBLK2
  1

  9
$DIMSTYLE
  2
ISO-25
  9
$DIMCLRD
 70
     0
  9
$DIMCLRE
 70
     0
  9
$DIMCLRT
 70
     0
  9
$DIMTFAC
 40
1.0
  9
$DIMGAP
 40
0.625
  9
$DIMJUST
 70
     0
  9
$DIMSD1
 70
     0
  9
$DIMSD2
 70
     0
  9
$DIMTOLJ
 70
     0
  9
$DIMTZIN
 70
     8
  9
$DIMALTZ
 70
     0
  9
$DIMALTTZ
 70
     0
  9
$DIMUPT
 70
     0
  9
$DIMDEC
 70
     2
  9
$DIMTDEC
 70
     2
  9
$DIMALTU
 70
     2
  9
$DIMALTTD
 70
     3
  9
$DIMTXSTY
  7
Standard
  9
$DIMAUNIT
 70
     0
  9
$DIMADEC
 70
     0
  9
$DIMALTRND
 40
0.0
  9
$DIMAZIN
 70
     0
  9
$DIMDSEP
 70
    44
  9
$DIMATFIT
 70
     3
  9
$DIMFRAC
 70
     0
  9
$DIMLDRBLK
  1

  9
$DIMLUNIT
 70
     2
  9
$DIMLWD
 70
    -2
  9
$DIMLWE
 70
    -2
  9
$DIMTMOVE
 70
     0
  9
$DIMFXL
 40
1.0
  9
$DIMFXLON
 70
     0
  9
$DIMJOGANG
 40
0.7853981633974483
  9
$DIMTFILL
 70
     0
  9
$DIMTFILLCLR
 70
     0
  9
$DIMARCSYM
 70
     0
  9
$DIMLTYPE
  6

  9
$DIMLTEX1
  6

  9
$DIMLTEX2
  6

  9
$DIMTXTDIRECTION
 70
     0
  9
$LUNITS
 70
     2
  9
$LUPREC
 70
     4
  9
$SKETCHINC
 40
1.0
  9
$FILLETRAD
 40
0.0
  9
$AUNITS
 70
     0
  9
$AUPREC
 70
     0
  9
$MENU
  1
.
  9
$ELEVATION
 40
0.0
  9
$PELEVATION
 40
0.0
  9
$THICKNESS
 40
0.0
  9
$LIMCHECK
 70
     0
  9
$CHAMFERA
 40
0.0
  9
$CHAMFERB
 40
0.0
  9
$CHAMFERC
 40
0.0
  9
$CHAMFERD
 40
0.0
  9
$SKPOLY
 70
     0
  9
$TDCREATE
 40
2460221.677476852
  9
$TDUCREATE
 40
2460221.802476852
  9
$TDUPDATE
 40
2461029.693009259
  9
$TDUUPDATE
 40
2461029.818009259
  9
$TDINDWG
 40
0.0200115741
  9
$TDUSRTIMER
 40
0.0200115741
  9
$USRTIMER
 70
     1
  9
$ANGBASE
 50
0.0
  9
$ANGDIR
 70
     0
  9
$PDMODE
 70
     0
  9
$PDSIZE
 40
0.0
  9
$PLINEWID
 40
0.0
  9
$SPLFRAME
 70
     0
  9
$SPLINETYPE
 70
     6
  9
$SPLINESEGS
 70
     8
  9
$HANDSEED
  5
2349
  9
$SURFTAB1
 70
     6
  9
$SURFTAB2
 70
     6
  9
$SURFTYPE
 70
     6
  9
$SURFU
 70
     6
  9
$SURFV
 70
     6
  9
$UCSBASE
  2

  9
$UCSNAME
  2

  9
$UCSORG
 10
0.0
 20
0.0
 30
0.0
  9
$UCSXDIR
 10
1.0
 20
0.0
 30
0.0
  9
$UCSYDIR
 10
0.0
 20
1.0
 30
0.0
  9
$UCSORTHOREF
  2

  9
$UCSORTHOVIEW
 70
     0
  9
$UCSORGTOP
 10
0.0
 20
0.0
 30
0.0
  9
$UCSORGBOTTOM
 10
0.0
 20
0.0
 30
0.0
  9
$UCSORGLEFT
 10
0.0
 20
0.0
 30
0.0
  9
$UCSORGRIGHT
 10
0.0
 20
0.0
 30
0.0
  9
$UCSORGFRONT
 10
0.0
 20
0.0
 30
0.0
  9
$UCSORGBACK
 10
0.0
 20
0.0
 30
0.0
  9
$PUCSBASE
  2

  9
$PUCSNAME
  2

  9
$PUCSORG
 10
0.0
 20
0.0
 30
0.0
  9
$PUCSXDIR
 10
1.0
 20
0.0
 30
0.0
  9
$PUCSYDIR
 10
0.0
 20
1.0
 30
0.0
  9
$PUCSORTHOREF
  2

  9
$PUCSORTHOVIEW
 70
     0
  9
$PUCSORGTOP
 10
0.0
 20
0.0
 30
0.0
  9
$PUCSORGBOTTOM
 10
0.0
 20
0.0
 30
0.0
  9
$PUCSORGLEFT
 10
0.0
 20
0.0
 30
0.0
  9
$PUCSORGRIGHT
 10
0.0
 20
0.0
 30
0.0
  9
$PUCSORGFRONT
 10
0.0
 20
0.0
 30
0.0
  9
$PUCSORGBACK
 10
0.0
 20
0.0
 30
0.0
  9
$USERI1
 70
     0
  9
$USERI2
 70
     0
  9
$USERI3
 70
     0
  9
$USERI4
 70
     0
  9
$USERI5
 70
     0
  9
$USERR1
 40
0.0
  9
$USERR2
 40
0.0
  9
$USERR3
 40
0.0
  9
$USERR4
 40
0.0
  9
$USERR5
 40
0.0
  9
$WORLDVIEW
 70
     1
  9
$SHADEDGE
 70
     3
  9
$SHADEDIF
 70
    70
  9
$TILEMODE
 70
     1
  9
$MAXACTVP
 70
    64
  9
$PINSBASE
 10
0.0
 20
0.0
 30
0.0
  9
$PLIMCHECK
 70
     0
  9
$PEXTMIN
 10
0.0
 20
0.0
 30
0.0
  9
$PEXTMAX
 10
0.0
 20
0.0
 30
0.0
  9
$PLIMMIN
 10
0.0
 20
0.0
  9
$PLIMMAX
 10
12.0
 20
9.0
  9
$UNITMODE
 70
     0
  9
$VISRETAIN
 70
     1
  9
$PLINEGEN
 70
     0
  9
$PSLTSCALE
 70
     1
  9
$TREEDEPTH
 70
  3020
  9
$CMLSTYLE
  2
Standard
  9
$CMLJUST
 70
     0
  9
$CMLSCALE
 40
20.0
  9
$PROXYGRAPHICS
 70
     1
  9
$MEASUREMENT
 70
     1
  9
$CELWEIGHT
370
    -1
  9
$ENDCAPS
280
     0
  9
$JOINSTYLE
280
     0
  9
$LWDISPLAY
290
     0
  9
$INSUNITS
 70
     4
  9
$HYPERLINKBASE
  1

  9
$STYLESHEET
  1

  9
$XEDIT
290
     1
  9
$CEPSNTYPE
380
     0
  9
$PSTYLEMODE
290
     1
  9
$FINGERPRINTGUID
  2
{FAF33599-4A2C-B54A-B041-104795A8707E}
  9
$VERSIONGUID
  2
{48301815-C337-AE4B-B2AF-2CFE77580BEA}
  9
$EXTNAMES
290
     1
  9
$PSVPSCALE
 40
0.0
  9
$OLESTARTUP
290
     0
  9
$SORTENTS
280
   127
  9
$INDEXCTL
280
     0
  9
$HIDETEXT
280
     1
  9
$XCLIPFRAME
280
     2
  9
$HALOGAP
280
     0
  9
$OBSCOLOR
 70
   257
  9
$OBSLTYPE
280
     0
  9
$INTERSECTIONDISPLAY
280
     0
  9
$INTERSECTIONCOLOR
 70
   257
  9
$DIMASSOC
280
     2
  9
$PROJECTNAME
  1

  9
$CAMERADISPLAY
290
     0
  9
$LENSLENGTH
 40
50.0
  9
$CAMERAHEIGHT
 40
0.0
  9
$STEPSPERSEC
 40
2.0
  9
$STEPSIZE
 40
6.0
  9
$3DDWFPREC
 40
2.0
  9
$PSOLWIDTH
 40
5.0
  9
$PSOLHEIGHT
 40
80.0
  9
$LOFTANG1
 40
1.570796326794896
  9
$LOFTANG2
 40
1.570796326794896
  9
$LOFTMAG1
 40
0.0
  9
$LOFTMAG2
 40
0.0
  9
$LOFTPARAM
 70
     7
  9
$LOFTNORMALS
280
     1
  9
$LATITUDE
 40
37.795
  9
$LONGITUDE
 40
-122.394
  9
$NORTHDIRECTION
 40
0.0
  9
$TIMEZONE
 70
 -8000
  9
$LIGHTGLYPHDISPLAY
280
     1
  9
$TILEMODELIGHTSYNCH
280
     1
  9
$CMATERIAL
347
EC
  9
$SOLIDHIST
280
     0
  9
$SHOWHIST
280
     1
  9
$DWFFRAME
280
     2
  9
$DGNFRAME
280
     0
  9
$REALWORLDSCALE
290
     1
  9
$INTERFERECOLOR
 62
     1
  9
$INTERFEREOBJVS
345
F9
  9
$INTERFEREVPVS
346
F6
  9
$CSHADOW
280
     0
  9
$SHADOWPLANELOCATION
 40
0.0
  0
ENDSEC
  0
SECTION
  2
CLASSES
  0
CLASS
  1
ACDBDICTIONARYWDFLT
  2
AcDbDictionaryWithDefault
  3
ObjectDBX Classes
 90
        0
 91
        1
280
     0
281
     0
  0
CLASS
  1
DICTIONARYVAR
  2
AcDbDictionaryVar
  3
ObjectDBX Classes
 90
        0
 91
       11
280
     0
281
     0
  0
CLASS
  1
TABLESTYLE
  2
AcDbTableStyle
  3
ObjectDBX Classes
 90
     4095
 91
        1
280
     0
281
     0
  0
CLASS
  1
MATERIAL
  2
AcDbMaterial
  3
ObjectDBX Classes
 90
     1153
 91
        3
280
     0
281
     0
  0
CLASS
  1
VISUALSTYLE
  2
AcDbVisualStyle
  3
ObjectDBX Classes
 90
     4095
 91
       24
280
     0
281
     0
  0
CLASS
  1
SCALE
  2
AcDbScale
  3
ObjectDBX Classes
 90
     1153
 91
       17
280
     0
281
     0
  0
CLASS
  1
MLEADERSTYLE
  2
AcDbMLeaderStyle
  3
ACDB_MLEADERSTYLE_CLASS
 90
     4095
 91
        2
280
     0
281
     0
  0
CLASS
  1
CELLSTYLEMAP
  2
AcDbCellStyleMap
  3
ObjectDBX Classes
 90
     1152
 91
        2
280
     0
281
     0
  0
CLASS
  1
EXACXREFPANELOBJECT
  2
ExAcXREFPanelObject
  3
EXAC_ESW
 90
     1025
 91
        0
280
     0
281
     0
  0
CLASS
  1
NPOCOLLECTION
  2
AcDbImpNonPersistentObjectsCollection
  3
ObjectDBX Classes
 90
     1153
 91
        0
280
     0
281
     0
  0
CLASS
  1
LAYER_INDEX
  2
AcDbLayerIndex
  3
ObjectDBX Classes
 90
        0
 91
        0
280
     0
281
     0
  0
CLASS
  1
SPATIAL_INDEX
  2
AcDbSpatialIndex
  3
ObjectDBX Classes
 90
        0
 91
        0
280
     0
281
     0
  0
CLASS
  1
IDBUFFER
  2
AcDbIdBuffer
  3
ObjectDBX Classes
 90
        0
 91
        0
280
     0
281
     0
  0
CLASS
  1
ACDBSECTIONVIEWSTYLE
  2
AcDbSectionViewStyle
  3
ObjectDBX Classes
 90
     1025
 91
        2
280
     0
281
     0
  0
CLASS
  1
ACDBDETAILVIEWSTYLE
  2
AcDbDetailViewStyle
  3
ObjectDBX Classes
 90
     1025
 91
        2
280
     0
281
     0
  0
CLASS
  1
SORTENTSTABLE
  2
AcDbSortentsTable
  3
ObjectDBX Classes
 90
        0
 91
        3
280
     0
281
     0
  0
CLASS
  1
IMAGEDEF
  2
AcDbRasterImageDef
  3
ISM
 90
        0
 91
        1
280
     0
281
     0
  0
CLASS
  1
RASTERVARIABLES
  2
AcDbRasterVariables
  3
ISM
 90
        0
 91
        1
280
     0
281
     0
  0
CLASS
  1
IMAGEDEF_REACTOR
  2
AcDbRasterImageDefReactor
  3
ISM
 90
        1
 91
        0
280
     0
281
     0
  0
CLASS
  1
IMAGE
  2
AcDbRasterImage
  3
ISM
 90
     2175
 91
        0
280
     0
281
     1
  0
ENDSEC
  0
SECTION
  2
TABLES
  0
TABLE
  2
VPORT
  5
8
330
0
100
AcDbSymbolTable
 70
     1
1001
ACAD
1000
DbSaveVer
1071
      285
  0
VPORT
  5
EA
330
8
100
AcDbSymbolTableRecord
100
AcDbViewportTableRecord
  2
*Active
 70
     0
 10
0.0
 20
0.0
 11
1.0
 21
1.0
 12
3119.701068370536
 22
1380.70996997113
 13
0.0
 23
0.0
 14
10.0
 24
10.0
 15
10.0
 25
10.0
 16
0.0
 26
0.0
 36
1.0
 17
0.0
 27
0.0
 37
0.0
 40
796.8528249870392
 41
2.317632850241545
 42
50.0
 43
0.0
 44
0.0
 50
0.0
 51
0.0
 71
     0
 72
  1000
 73
     1
 74
     3
 75
     0
 76
     1
 77
     0
 78
     0
281
     0
 65
     1
110
0.0
120
0.0
130
0.0
111
1.0
121
0.0
131
0.0
112
0.0
122
1.0
132
0.0
 79
     0
146
0.0
348
F5
 60
     3
 61
     5
292
     1
282
     1
141
0.0
142
0.0
 63
   250
421
  3355443
1001
ACAD_NAV_VCDISPLAY
1070
     3
  0
ENDTAB
  0
TABLE
  2
LTYPE
  5
5
330
0
100
AcDbSymbolTable
 70
     2
  0
LTYPE
  5
14
330
5
100
AcDbSymbolTableRecord
100
AcDbLinetypeTableRecord
  2
ByBlock
 70
     0
  3

 72
    65
 73
     0
 40
0.0
  0
LTYPE
  5
15
330
5
100
AcDbSymbolTableRecord
100
AcDbLinetypeTableRecord
  2
ByLayer
 70
     0
  3

 72
    65
 73
     0
 40
0.0
  0
LTYPE
  5
16
330
5
100
AcDbSymbolTableRecord
100
AcDbLinetypeTableRecord
  2
Continuous
 70
     0
  3
Solid line
 72
    65
 73
     0
 40
0.0
  0
LTYPE
  5
346
330
5
100
AcDbSymbolTableRecord
100
AcDbLinetypeTableRecord
  2
Solid
 70
     0
  3

 72
    65
 73
     0
 40
0.0
  0
ENDTAB
  0
TABLE
  2
LAYER
  5
2
102
{ACAD_XDICTIONARY
360
1FF
102
}
330
0
100
AcDbSymbolTable
 70
     2
  0
LAYER
  5
10
102
{ACAD_XDICTIONARY
360
13C
102
}
330
2
100
AcDbSymbolTableRecord
100
AcDbLayerTableRecord
  2
0
 70
     0
 62
     7
  6
Continuous
370
    -3
390
F
347
EE
348
0
  0
LAYER
  5
347
330
2
100
AcDbSymbolTableRecord
100
AcDbLayerTableRecord
  2
Layer 1
 70
     0
 62
     0
  6
Solid
370
     0
390
F
347
EE
348
0
  0
ENDTAB
  0
TABLE
  2
STYLE
  5
3
330
0
100
AcDbSymbolTable
 70
     2
  0
STYLE
  5
11
330
3
100
AcDbSymbolTableRecord
100
AcDbTextStyleTableRecord
  2
Standard
 70
     0
 40
0.0
 41
1.0
 50
0.0
 71
     0
 42
2.5
  3
arial.ttf
  4

1001
ACAD
1000
Arial
1071
       34
  0
STYLE
  5
132
330
3
100
AcDbSymbolTableRecord
100
AcDbTextStyleTableRecord
  2
Annotative
 70
     0
 40
0.0
 41
1.0
 50
0.0
 71
     0
 42
2.5
  3
arial.ttf
  4

1001
AcadAnnotative
1000
AnnotativeData
1002
{
1070
     1
1070
     1
1002
}
1001
ACAD
1000
Arial
1071
       34
  0
ENDTAB
  0
TABLE
  2
VIEW
  5
6
330
0
100
AcDbSymbolTable
 70
     0
  0
ENDTAB
  0
TABLE
  2
UCS
  5
7
330
0
100
AcDbSymbolTable
 70
     0
  0
ENDTAB
  0
TABLE
  2
APPID
  5
9
330
0
100
AcDbSymbolTable
 70
     9
  0
APPID
  5
12
330
9
100
AcDbSymbolTableRecord
100
AcDbRegAppTableRecord
  2
ACAD
 70
     0
  0
APPID
  5
9E
330
9
100
AcDbSymbolTableRecord
100
AcDbRegAppTableRecord
  2
ACAD_PSEXT
 70
     0
  0
APPID
  5
133
330
9
100
AcDbSymbolTableRecord
100
AcDbRegAppTableRecord
  2
AcadAnnoPO
 70
     0
  0
APPID
  5
134
330
9
100
AcDbSymbolTableRecord
100
AcDbRegAppTableRecord
  2
AcadAnnotative
 70
     0
  0
APPID
  5
135
330
9
100
AcDbSymbolTableRecord
100
AcDbRegAppTableRecord
  2
ACAD_DSTYLE_DIMJAG
 70
     0
  0
APPID
  5
136
330
9
100
AcDbSymbolTableRecord
100
AcDbRegAppTableRecord
  2
ACAD_DSTYLE_DIMTALN
 70
     0
  0
APPID
  5
165
330
9
100
AcDbSymbolTableRecord
100
AcDbRegAppTableRecord
  2
ACAD_MLEADERVER
 70
     0
  0
APPID
  5
217
330
9
100
AcDbSymbolTableRecord
100
AcDbRegAppTableRecord
  2
ACAD_NAV_VCDISPLAY
 70
     0
  0
APPID
  5
314
330
9
100
AcDbSymbolTableRecord
100
AcDbRegAppTableRecord
  2
ACAD_EXEMPT_FROM_CAD_STANDARDS
 70
     0
  0
ENDTAB
  0
TABLE
  2
DIMSTYLE
  5
A
330
0
100
AcDbSymbolTable
 70
     3
100
AcDbDimStyleTable
 71
     2
340
27
340
137
  0
DIMSTYLE
105
1B0
330
A
100
AcDbSymbolTableRecord
100
AcDbDimStyleTableRecord
  2
Standard
 70
     0
340
11
  0
DIMSTYLE
105
137
330
A
100
AcDbSymbolTableRecord
100
AcDbDimStyleTableRecord
  2
Annotative
 70
     0
 40
0.0
 41
2.5
 42
0.625
 43
3.75
 44
1.25
 73
     0
 74
     0
 77
     1
 78
     8
140
2.5
141
2.5
143
0.03937007874016
147
0.625
171
     3
172
     1
271
     2
272
     2
274
     3
278
    44
283
     0
284
     8
340
11
1001
AcadAnnotative
1000
AnnotativeData
1002
{
1070
     1
1070
     1
1002
}
1001
ACAD_DSTYLE_DIMJAG
1070
   388
1040
1.5
1001
ACAD_DSTYLE_DIMTALN
1070
   392
1070
     0
  0
DIMSTYLE
105
27
330
A
100
AcDbSymbolTableRecord
100
AcDbDimStyleTableRecord
  2
ISO-25
 70
     0
 41
2.5
 42
0.625
 43
3.75
 44
1.25
 73
     0
 74
     0
 77
     1
 78
     8
140
2.5
141
2.5
143
0.03937007874016
147
0.625
171
     3
172
     1
271
     2
272
     2
274
     3
278
    44
283
     0
284
     8
340
11
  0
ENDTAB
  0
TABLE
  2
BLOCK_RECORD
  5
1
330
0
100
AcDbSymbolTable
 70
     4
  0
BLOCK_RECORD
  5
1F
102
{ACAD_XDICTIONARY
360
1CE
102
}
330
1
100
AcDbSymbolTableRecord
100
AcDbBlockTableRecord
  2
*Model_Space
340
22
 70
     0
280
     1
281
     0
  0
BLOCK_RECORD
  5
D2
330
1
100
AcDbSymbolTableRecord
100
AcDbBlockTableRecord
  2
*Paper_Space
340
D3
 70
     0
280
     1
281
     0
  0
BLOCK_RECORD
  5
D6
330
1
100
AcDbSymbolTableRecord
100
AcDbBlockTableRecord
  2
*Paper_Space0
340
D7
 70
     0
280
     1
281
     0
  0
BLOCK_RECORD
  5
5F6
330
1
100
AcDbSymbolTableRecord
100
AcDbBlockTableRecord
  2
teste
340
0
310
28000000200000002000000001002000000000000010000001000000010000000000000000000000302821FF302821FF302821FF302821FF302821FF302821FF302821FF302821FF302821FF302821FF302821FF302821FF302821FF302821FF302821FF302821FF302821FF302821FF302821FF302821FF302821FF302821
310
FF302821FF302821FF302821FF302821FF302821FF302821FF302821FF302821FF302821FF302821FF302821FF302821FF302821FF302821FF302821FF302821FF302821FF302821FF302821FF302821FF302821FF302821FF302821FF302821FF302821FF302821FF302821FF302821FF302821FF302821FF302821FF3028
310
21FF302821FF302821FF302821FF302821FF302821FF302821FF302821FF302821FF302821FF302821FF302821FF302821FF302821FF302821FF302821FF302821FF302821FF302821FF302821FF302821FF302821FF302821FF302821FF302821FF302821FF302821FF302821FF302821FF302821FF302821FF302821FF30
310
2821FF302821FF302821FF302821FF302821FF302821FF302821FF302821FF302821FF302821FF302821FF302821FF302821FF302821FF302821FF302821FF302821FF302821FF302821FF302821FF302821FF302821FF302821FF302821FF302821FF302821FF302821FF302821FF302821FF302821FF302821FF302821FF
310
302821FF302821FF302821FF302821FF302821FF302821FF302821FF302821FF302821FF302821FF302821FF302821FF302821FF302821FF302821FF302821FF302821FF302821FF302821FF302821FF302821FF302821FF302821FF302821FF302821FF302821FF302821FF302821FF302821FF302821FF302821FF302821
310
FF302821FF302821FF302821FF302821FF302821FF302821FF302821FF302821FF302821FF302821FF302821FF302821FF302821FF302821FFFFFFFFFF302821FF302821FF302821FF302821FF302821FF302821FF302821FF302821FF302821FF302821FF302821FF302821FF302821FF302821FF302821FF302821FF3028
310
21FF302821FF302821FF302821FF302821FF302821FF302821FF302821FFFFFFFFFF302821FF302821FF302821FF302821FF302821FFFFFFFFFFFFFFFFFFFFFFFFFF302821FF302821FF302821FF302821FF302821FF302821FF302821FF302821FF302821FF302821FF302821FF302821FF302821FF302821FF302821FF30
310
2821FF302821FF302821FF302821FF302821FF302821FF302821FFFFFFFFFFFFFFFFFFFFFFFFFF302821FF302821FF302821FF302821FFFFFFFFFF302821FF302821FFFFFFFFFFFFFFFFFF302821FF302821FF302821FF302821FF302821FF302821FF302821FF302821FF302821FF302821FF302821FF302821FF302821FF
310
302821FF302821FF302821FF302821FF302821FFFFFFFFFFFFFFFFFF302821FF302821FFFFFFFFFF302821FF302821FF302821FF302821FFFFFFFFFF302821FF302821FF302821FFFFFFFFFF302821FF302821FF302821FF302821FF302821FF302821FF302821FF302821FF302821FF302821FF302821FF302821FF302821
310
FF302821FF302821FF302821FF302821FF302821FF302821FFFFFFFFFF302821FF302821FFFFFFFFFF302821FF302821FF302821FF302821FFFFFFFFFF302821FF302821FFFFFFFFFF302821FF302821FF302821FF302821FF302821FF302821FF302821FF302821FF302821FF302821FF302821FF302821FF302821FF3028
310
21FF302821FF302821FF302821FF302821FF302821FF302821FFFFFFFFFF302821FF302821FFFFFFFFFF302821FF302821FF302821FFFFFFFFFF302821FF302821FF302821FFFFFFFFFF302821FF302821FF302821FF302821FF302821FF302821FF302821FF302821FF302821FFFFFFFFFFFFFFFFFF302821FF302821FF30
310
2821FF302821FF302821FF302821FF302821FF302821FF302821FF302821FFFFFFFFFF302821FFFFFFFFFF302821FF302821FF302821FFFFFFFFFFFFFFFFFFFFFFFFFFFFFFFFFF302821FF302821FF302821FF302821FF302821FF302821FF302821FF302821FF302821FFFFFFFFFF302821FF302821FFFFFFFFFF302821FF
310
302821FF302821FF302821FF302821FF302821FF302821FF302821FF302821FFFFFFFFFFFFFFFFFFFFFFFFFFFFFFFFFF302821FF302821FFFFFFFFFFFFFFFFFFFFFFFFFFFFFFFFFF302821FF302821FF302821FF302821FF302821FF302821FF302821FF302821FF302821FFFFFFFFFF302821FF302821FFFFFFFFFFFFFFFF
310
FFFFFFFFFF302821FF302821FF302821FF302821FF302821FF302821FF302821FFFFFFFFFFFFFFFFFFFFFFFFFFFFFFFFFF302821FF302821FFFFFFFFFF302821FF302821FFFFFFFFFF302821FF302821FF302821FF302821FF302821FF302821FF302821FF302821FF302821FFFFFFFFFFFFFFFFFFFFFFFFFFFFFFFFFFFFFF
310
FFFFFFFFFFFFFFFFFFFFFFFFFFFFFFFFFFFF302821FF302821FF302821FF302821FFFFFFFFFF302821FF302821FFFFFFFFFF302821FF302821FF302821FFFFFFFFFF302821FF302821FFFFFFFFFF302821FF302821FF302821FF302821FF302821FF302821FF302821FF302821FF302821FF302821FF302821FF302821FF30
310
2821FF302821FFFFFFFFFFFFFFFFFFFFFFFFFFFFFFFFFFFFFFFFFF302821FFFFFFFFFF302821FF302821FFFFFFFFFF302821FF302821FF302821FF302821FFFFFFFFFF302821FF302821FFFFFFFFFF302821FF302821FF302821FF302821FF302821FF302821FF302821FF302821FF302821FF302821FF302821FF302821FF
310
302821FF302821FF302821FF302821FF302821FF302821FFFFFFFFFFFFFFFFFFFFFFFFFF302821FF302821FFFFFFFFFF302821FF302821FF302821FF302821FFFFFFFFFF302821FF302821FFFFFFFFFF302821FF302821FF302821FF302821FF302821FF302821FF302821FF302821FF302821FF302821FF302821FF302821
310
FF302821FF302821FF302821FF302821FF302821FF302821FF302821FF302821FFFFFFFFFF302821FF302821FFFFFFFFFF302821FF302821FF302821FF302821FF302821FFFFFFFFFFFFFFFFFFFFFFFFFFFFFFFFFF302821FF302821FF302821FF302821FF302821FF302821FF302821FF302821FF302821FF302821FF3028
310
21FF302821FF302821FF302821FF302821FF302821FF302821FF302821FFFFFFFFFFFFFFFFFFFFFFFFFFFFFFFFFF302821FF302821FF302821FF302821FF302821FF302821FFFFFFFFFF302821FFFFFFFFFFFFFFFFFF302821FF302821FF302821FF302821FF302821FF302821FF302821FF302821FF302821FF302821FF30
310
2821FF302821FF302821FF302821FF302821FF302821FF302821FF302821FFFFFFFFFFFFFFFFFF302821FFFFFFFFFF302821FF302821FF302821FF302821FF302821FF302821FF302821FFFFFFFFFF302821FF302821FFFFFFFFFF302821FF302821FF302821FF302821FF302821FF302821FF302821FF302821FF302821FF
310
302821FF302821FF302821FF302821FF302821FF302821FF302821FFFFFFFFFF302821FF302821FFFFFFFFFF302821FF302821FF302821FF302821FF302821FF302821FF302821FF302821FF302821FFFFFFFFFF302821FF302821FFFFFFFFFF302821FF302821FF302821FF302821FF302821FF302821FF302821FF302821
310
FF302821FF302821FF302821FF302821FF302821FF302821FFFFFFFFFF302821FF302821FFFFFFFFFF302821FF302821FF302821FF302821FF302821FF302821FF302821FF302821FF302821FF302821FFFFFFFFFF302821FF302821FF302821FFFFFFFFFF302821FF302821FF302821FF302821FF302821FF302821FF3028
310
21FF302821FF302821FF302821FF302821FF302821FFFFFFFFFF302821FF302821FF302821FFFFFFFFFF302821FF302821FF302821FF302821FF302821FF302821FF302821FF302821FF302821FF302821FF302821FFFFFFFFFF302821FF302821FFFFFFFFFFFFFFFFFFFFFFFFFFFFFFFFFF302821FF302821FF302821FF30
310
2821FF302821FF302821FFFFFFFFFFFFFFFFFFFFFFFFFFFFFFFFFF302821FF302821FFFFFFFFFF302821FF302821FF302821FF302821FF302821FF302821FF302821FF302821FF302821FF302821FF302821FF302821FF302821FFFFFFFFFFFFFFFFFF302821FFFFFFFFFF302821FF302821FFFFFFFFFFFFFFFFFFFFFFFFFF
310
FFFFFFFFFFFFFFFFFFFFFFFF302821FF302821FF302821FFFFFFFFFFFFFFFFFFFFFFFFFF302821FF302821FF302821FF302821FF302821FF302821FF302821FF302821FF302821FF302821FF302821FF302821FF302821FF302821FF302821FFFFFFFFFFFFFFFFFFFFFFFFFF302821FF302821FF302821FF302821FFFFFFFF
310
FFFFFFFFFF302821FF302821FF302821FF302821FFFFFFFFFFFFFFFFFFFFFFFFFF302821FF302821FF302821FF302821FF302821FF302821FF302821FF302821FF302821FF302821FF302821FF302821FF302821FF302821FF302821FF302821FF302821FF302821FF302821FFFFFFFFFFFFFFFFFFFFFFFFFF302821FFFFFF
310
FFFFFFFFFFFF302821FFFFFFFFFFFFFFFFFFFFFFFFFF302821FF302821FF302821FF302821FF302821FF302821FF302821FF302821FF302821FF302821FF302821FF302821FF302821FF302821FF302821FF302821FF302821FF302821FF302821FF302821FF302821FF302821FF302821FF302821FF302821FFFFFFFFFFFF
310
FFFFFFFFFFFFFFFFFFFFFF302821FF302821FF302821FF302821FF302821FF302821FF302821FF302821FF302821FF302821FF302821FF302821FF302821FF302821FF302821FF302821FF302821FF302821FF302821FF302821FF302821FF302821FF302821FF302821FF302821FF302821FF302821FF302821FF302821FF
310
302821FF302821FF302821FF302821FF302821FF302821FF302821FF302821FF302821FF302821FF302821FF302821FF302821FF302821FF302821FF302821FF302821FF302821FF302821FF302821FF302821FF302821FF302821FF302821FF302821FF302821FF302821FF302821FF302821FF302821FF302821FF302821
310
FF302821FF302821FF302821FF302821FF302821FF302821FF302821FF302821FF302821FF302821FF302821FF302821FF302821FF302821FF302821FF302821FF302821FF302821FF302821FF302821FF302821FF302821FF302821FF302821FF302821FF302821FF302821FF302821FF302821FF302821FF302821FF3028
310
21FF302821FF302821FF302821FF302821FF302821FF302821FF302821FF302821FF302821FF302821FF302821FF302821FF302821FF302821FF302821FF302821FF302821FF302821FF302821FF302821FF302821FF302821FF302821FF302821FF302821FF302821FF302821FF302821FF302821FF302821FF302821FF30
310
2821FF302821FF302821FF302821FF302821FF302821FF302821FF302821FF302821FF302821FF302821FF302821FF302821FF302821FF302821FF302821FF302821FF302821FF302821FF302821FF302821FF302821FF302821FF302821FF302821FF302821FF302821FF302821FF302821FF302821FF302821FF302821FF
310
302821FF302821FF302821FF302821FF302821FF302821FF302821FF302821FF302821FF302821FF302821FF302821FF302821FF302821FF302821FF302821FF302821FF302821FF
 70
     4
280
     1
281
     0
  0
BLOCK_RECORD
  5
22B7
102
{ACAD_XDICTIONARY
360
2309
102
}
330
1
100
AcDbSymbolTableRecord
100
AcDbBlockTableRecord
  2
A$Cd3698986
340
0
 70
     4
280
     1
281
     0
  0
ENDTAB
  0
ENDSEC
  0
SECTION
  2
BLOCKS
  0
BLOCK
  5
20
330
1F
100
AcDbEntity
  8
0
100
AcDbBlockBegin
  2
*Model_Space
 70
     0
 10
0.0
 20
0.0
 30
0.0
  3
*Model_Space
  1

  0
ENDBLK
  5
21
330
1F
100
AcDbEntity
  8
0
100
AcDbBlockEnd
  0
BLOCK
  5
D4
330
D2
100
AcDbEntity
 67
     1
  8
0
100
AcDbBlockBegin
  2
*Paper_Space
 70
     0
 10
0.0
 20
0.0
 30
0.0
  3
*Paper_Space
  1

  0
ENDBLK
  5
D5
330
D2
100
AcDbEntity
 67
     1
  8
0
100
AcDbBlockEnd
  0
BLOCK
  5
D8
330
D6
100
AcDbEntity
 67
     1
  8
0
100
AcDbBlockBegin
  2
*Paper_Space0
 70
     0
 10
0.0
 20
0.0
 30
0.0
  3
*Paper_Space0
  1

  0
ENDBLK
  5
D9
330
D6
100
AcDbEntity
 67
     1
  8
0
100
AcDbBlockEnd
  0
BLOCK
  5
5F7
330
5F6
100
AcDbEntity
  8
0
100
AcDbBlockBegin
  2
teste
 70
     0
 10
0.0
 20
0.0
 30
0.0
  3
teste
  1

  0
LINE
  5
5F9
330
5F6
100
AcDbEntity
  8
Layer 1
  6
Solid
 62
     7
370
     0
100
AcDbLine
 10
3608.890156914537
 20
1164.795603639052
 30
0.0
 11
3609.430383086607
 21
1165.051613274156
 31
0.0
  0
LINE
  5
5FA
330
5F6
100
AcDbEntity
  8
Layer 1
  6
Solid
 62
     7
370
     0
100
AcDbLine
 10
3609.430383086607
 20
1165.051613274156
 30
0.0
 11
3609.976546983592
 21
1165.286826579309
 31
0.0
  0
LINE
  5
5FB
330
5F6
100
AcDbEntity
  8
Layer 1
  6
Solid
 62
     7
370
     0
100
AcDbLine
 10
3609.976546983592
 20
1165.286826579309
 30
0.0
 11
3610.522928611791
 21
1165.498956314356
 31
0.0
  0
LINE
  5
5FC
330
5F6
100
AcDbEntity
  8
Layer 1
  6
Solid
 62
     7
370
     0
100
AcDbLine
 10
3610.522928611791
 20
1165.498956314356
 30
0.0
 11
3611.074984822649
 21
1165.690293502479
 31
0.0
  0
LINE
  5
5FD
330
5F6
100
AcDbEntity
  8
Layer 1
  6
Solid
 62
     7
370
     0
100
AcDbLine
 10
3611.074984822649
 20
1165.690293502479
 30
0.0
 11
3611.633266171037
 21
1165.860807759989
 31
0.0
  0
LINE
  5
5FE
330
5F6
100
AcDbEntity
  8
Layer 1
  6
Solid
 62
     7
370
     0
100
AcDbLine
 10
3611.633266171037
 20
1165.860807759989
 30
0.0
 11
3612.197092120457
 21
1166.010066992971
 31
0.0
  0
LINE
  5
5FF
330
5F6
100
AcDbEntity
  8
Layer 1
  6
Solid
 62
     7
370
     0
100
AcDbLine
 10
3612.197092120457
 20
1166.010066992971
 30
0.0
 11
3612.760470924926
 21
1166.136650787555
 31
0.0
  0
LINE
  5
600
330
5F6
100
AcDbEntity
  8
Layer 1
  6
Solid
 62
     7
370
     0
100
AcDbLine
 10
3612.760470924926
 20
1166.136650787555
 30
0.0
 11
3613.329141148554
 21
1166.242011421688
 31
0.0
  0
LINE
  5
601
330
5F6
100
AcDbEntity
  8
Layer 1
  6
Solid
 62
     7
370
     0
100
AcDbLine
 10
3613.329141148554
 20
1166.242011421688
 30
0.0
 11
3614.152953828692
 21
1166.35557371282
 31
0.0
  0
LINE
  5
602
330
5F6
100
AcDbEntity
  8
Layer 1
  6
Solid
 62
     7
370
     0
100
AcDbLine
 10
3614.152953828692
 20
1166.35557371282
 30
0.0
 11
3614.987282492442
 21
1166.424565145149
 31
0.0
  0
ELLIPSE
  5
603
330
5F6
100
AcDbEntity
  8
Layer 1
  6
Solid
 62
     7
370
     0
100
AcDbEllipse
 10
3610.859895234226
 20
1170.354374357189
 30
0.0
 11
4.158679669405924
 21
-3.917521949036595
 31
0.0
210
0.0
220
0.0
230
0.9999999999999998
 40
0.0751164781
 41
6.2122886346
 42
6.353828107899999
  0
LINE
  5
604
330
5F6
100
AcDbEntity
  8
Layer 1
  6
Solid
 62
     7
370
     0
100
AcDbLine
 10
3615.028973272828
 20
1166.468672782369
 30
0.0
 11
3615.028973272828
 21
1170.443798060046
 31
0.0
  0
ELLIPSE
  5
605
330
5F6
100
AcDbEntity
  8
Layer 1
  6
Solid
 62
     7
370
     0
100
AcDbEllipse
 10
3615.00418610423
 20
1170.443783673995
 30
0.0
 11
0.0247854138698071
 21
0.0003022162072062
 31
0.0
210
0.0
220
0.0
230
1.0
 40
0.9759071539
 41
6.271286331499998
 42
7.8658806097
  0
ELLIPSE
  5
606
330
5F6
100
AcDbEntity
  8
Layer 1
  6
Solid
 62
     7
370
     0
100
AcDbEllipse
 10
3658.010959422405
 20
991.9691925127127
 30
0.0
 11
47.15425032509439
 21
-177.8672236498421
 31
0.0
210
0.0
220
0.0
230
1.0
 40
0.3234623806
 41
3.071471392399998
 42
3.213010865799998
  0
ELLIPSE
  5
607
330
5F6
100
AcDbEntity
  8
Layer 1
  6
Solid
 62
     7
370
     0
100
AcDbEllipse
 10
3611.928060070257
 20
1166.789820751753
 30
0.0
 11
5.077597450216892
 21
-1.483210549819346
 31
0.0
210
0.0
220
0.0
230
1.0
 40
0.0688735791
 41
3.0685063968
 42
3.213980589999998
  0
LINE
  5
608
330
5F6
100
AcDbEntity
  8
Layer 1
  6
Solid
 62
     7
370
     0
100
AcDbLine
 10
3606.85637188875
 20
1168.243854126922
 30
0.0
 11
3608.835777635774
 21
1164.811917422681
 31
0.0
  0
ELLIPSE
  5
609
330
5F6
100
AcDbEntity
  8
Layer 1
  6
Solid
 62
     7
370
     0
100
AcDbEllipse
 10
3608.871744631719
 20
1164.832455735014
 30
0.0
 11
0.0365202303116215
 21
0.0195380142977627
 31
0.0
210
0.0
220
0.0
230
0.9999999999999998
 40
0.9946265837999996
 41
3.1693415043
 42
4.684640129699999
  0
LINE
  5
60A
330
5F6
100
AcDbEntity
  8
Layer 1
  6
Solid
 62
     7
370
     0
100
AcDbLine
 10
3616.754004838077
 20
1166.425773573566
 30
0.0
 11
3617.548304608972
 21
1166.36074375559
 31
0.0
  0
LINE
  5
60B
330
5F6
100
AcDbEntity
  8
Layer 1
  6
Solid
 62
     7
370
     0
100
AcDbLine
 10
3617.548304608972
 20
1166.36074375559
 30
0.0
 11
3618.336986390924
 21
1166.255286554547
 31
0.0
  0
LINE
  5
60C
330
5F6
100
AcDbEntity
  8
Layer 1
  6
Solid
 62
     7
370
     0
100
AcDbLine
 10
3618.336986390924
 20
1166.255286554547
 30
0.0
 11
3619.118469301281
 21
1166.109686814161
 31
0.0
  0
LINE
  5
60D
330
5F6
100
AcDbEntity
  8
Layer 1
  6
Solid
 62
     7
370
     0
100
AcDbLine
 10
3619.118469301281
 20
1166.109686814161
 30
0.0
 11
3619.891172457377
 21
1165.924229378153
 31
0.0
  0
LINE
  5
60E
330
5F6
100
AcDbEntity
  8
Layer 1
  6
Solid
 62
     7
370
     0
100
AcDbLine
 10
3619.891172457377
 20
1165.924229378153
 30
0.0
 11
3620.65351326937
 21
1165.699199642408
 31
0.0
  0
LINE
  5
60F
330
5F6
100
AcDbEntity
  8
Layer 1
  6
Solid
 62
     7
370
     0
100
AcDbLine
 10
3620.65351326937
 20
1165.699199642408
 30
0.0
 11
3621.403912619245
 21
1165.434882075139
 31
0.0
  0
LINE
  5
610
330
5F6
100
AcDbEntity
  8
Layer 1
  6
Solid
 62
     7
370
     0
100
AcDbLine
 10
3621.403912619245
 20
1165.434882075139
 30
0.0
 11
3622.135255197984
 21
1165.134008320795
 31
0.0
  0
LINE
  5
611
330
5F6
100
AcDbEntity
  8
Layer 1
  6
Solid
 62
     7
370
     0
100
AcDbLine
 10
3622.135255197984
 20
1165.134008320795
 30
0.0
 11
3622.851734630188
 21
1164.794999424843
 31
0.0
  0
ELLIPSE
  5
612
330
5F6
100
AcDbEntity
  8
Layer 1
  6
Solid
 62
     7
370
     0
100
AcDbEllipse
 10
3622.870972908525
 20
1164.832900604184
 30
0.0
 11
0.0379631469338056
 21
-0.0202411352363144
 31
0.0
210
0.0
220
0.0
230
1.0
 40
0.9879574284999996
 41
4.732281819899998
 42
6.263292467699998
  0
LINE
  5
613
330
5F6
100
AcDbEntity
  8
Layer 1
  6
Solid
 62
     7
370
     0
100
AcDbLine
 10
3622.908530765787
 20
1164.811917422681
 30
0.0
 11
3624.890957583853
 21
1168.249292054798
 31
0.0
  0
ELLIPSE
  5
614
330
5F6
100
AcDbEntity
  8
Layer 1
  6
Solid
 62
     7
370
     0
100
AcDbEllipse
 10
3624.866688313144
 20
1168.263491088698
 30
0.0
 11
0.02446813668088
 21
-0.0138536235847512
 31
0.0
210
0.0
220
0.0
230
0.9999999999999998
 40
0.9921157603000001
 41
6.2688976486
 42
7.868269292599999
  0
ELLIPSE
  5
615
330
5F6
100
AcDbEntity
  8
Layer 1
  6
Solid
 62
     7
370
     0
100
AcDbEllipse
 10
3569.767891128814
 20
992.0265928625196
 30
0.0
 11
51.55035983716384
 21
177.6907415109839
 31
0.0
210
0.0
220
0.0
230
1.0
 40
0.3220777792
 41
6.2190527271
 42
6.360592200399999
  0
ELLIPSE
  5
616
330
5F6
100
AcDbEntity
  8
Layer 1
  6
Solid
 62
     7
370
     0
100
AcDbEllipse
 10
3619.012274317965
 20
1168.113324498254
 30
0.0
 11
2.291648545795835
 21
-2.350401157979356
 31
0.0
210
0.0
220
0.0
230
0.9999999999999998
 40
0.0699782025
 41
3.069896995799998
 42
3.213242076899998
  0
LINE
  5
617
330
5F6
100
AcDbEntity
  8
Layer 1
  6
Solid
 62
     7
370
     0
100
AcDbLine
 10
3616.714730914524
 20
1170.44621491688
 30
0.0
 11
3616.714730914524
 21
1166.467464353952
 31
0.0
  0
ELLIPSE
  5
618
330
5F6
100
AcDbEntity
  8
Layer 1
  6
Solid
 62
     7
370
     0
100
AcDbEllipse
 10
3620.642123269731
 20
1170.113897102208
 30
0.0
 11
3.917601396655333
 21
3.67643850058105
 31
0.0
210
0.0
220
0.0
230
1.0
 40
0.0753844206
 41
3.070966472499998
 42
3.212505945799998
  0
LINE
  5
619
330
5F6
100
AcDbEntity
  8
Layer 1
  6
Solid
 62
     7
370
     0
100
AcDbLine
 10
3599.407619126446
 20
1161.416233570949
 30
0.0
 11
3602.837743188062
 21
1159.433202538675
 31
0.0
  0
ELLIPSE
  5
61A
330
5F6
100
AcDbEntity
  8
Layer 1
  6
Solid
 62
     7
370
     0
100
AcDbEllipse
 10
3601.367690018798
 20
1165.573227325382
 30
0.0
 11
1.506974045280176
 21
-6.147505051669638
 31
0.0
210
0.0
220
0.0
230
1.0
 40
0.0756379742
 41
6.2119436684
 42
6.353483141699999
  0
ELLIPSE
  5
61B
330
5F6
100
AcDbEntity
  8
Layer 1
  6
Solid
 62
     7
370
     0
100
AcDbEllipse
 10
3694.413052841492
 20
1069.818567991805
 30
0.0
 11
89.32252573395651
 21
-92.26863336232323
 31
0.0
210
0.0
220
0.0
230
1.0
 40
0.3475846076
 41
3.076438490099998
 42
3.217977963399998
  0
ELLIPSE
  5
61C
330
5F6
100
AcDbEntity
  8
Layer 1
  6
Solid
 62
     7
370
     0
100
AcDbEllipse
 10
3607.347361422043
 20
1163.943328541444
 30
0.0
 11
0.0315158375856783
 21
0.0197038641374464
 31
0.0
210
0.0
220
0.0
230
1.0
 40
0.9925257976999995
 41
4.7516940175
 42
6.2438802701
  0
LINE
  5
61D
330
5F6
100
AcDbEntity
  8
Layer 1
  6
Solid
 62
     7
370
     0
100
AcDbLine
 10
3607.379621393305
 20
1163.961788031331
 30
0.0
 11
3605.401424074699
 21
1167.390099450321
 31
0.0
  0
ELLIPSE
  5
61E
330
5F6
100
AcDbEntity
  8
Layer 1
  6
Solid
 62
     7
370
     0
100
AcDbEllipse
 10
3603.831929995287
 20
1160.964316795483
 30
0.0
 11
1.541395984493973
 21
6.450345334590235
 31
0.0
210
0.0
220
0.0
230
1.0
 40
0.068894882
 41
6.2108154773
 42
6.3562492153
  0
ELLIPSE
  5
61F
330
5F6
100
AcDbEntity
  8
Layer 1
  6
Solid
 62
     7
370
     0
100
AcDbEllipse
 10
3727.235177075258
 20
1033.430975713721
 30
0.0
 11
124.7942707473978
 21
-131.7056308985826
 31
0.0
210
0.0
220
0.0
230
0.9999999999999998
 40
0.3274723458
 41
3.0799128891
 42
3.221452362399998
  0
ELLIPSE
  5
620
330
5F6
100
AcDbEntity
  8
Layer 1
  6
Solid
 62
     7
370
     0
100
AcDbEllipse
 10
3599.422123411365
 20
1161.441171118018
 30
0.0
 11
0.0150560188322335
 21
0.0246084336007981
 31
0.0
210
0.0
220
0.0
230
1.0
 40
0.9961782298000001
 41
1.548441386299999
 42
3.1639475941
  0
ELLIPSE
  5
621
330
5F6
100
AcDbEntity
  8
Layer 1
  6
Solid
 62
     7
370
     0
100
AcDbEllipse
 10
3623.470623339721
 20
1163.554849309832
 30
0.0
 11
8.869805492638548
 21
-2.117334475519928
 31
0.0
210
0.0
220
0.0
230
1.0
 40
0.068990245
 41
6.2105986619
 42
6.3558525573
  0
ELLIPSE
  5
622
330
5F6
100
AcDbEntity
  8
Layer 1
  6
Solid
 62
     7
370
     0
100
AcDbEllipse
 10
3501.123114901908
 20
1037.901556642362
 30
0.0
 11
128.67063615659
 21
126.7536106214555
 31
0.0
210
0.0
220
0.0
230
1.0
 40
0.3285961419
 41
6.215149393799999
 42
6.3566888671
  0
ELLIPSE
  5
623
330
5F6
100
AcDbEntity
  8
Layer 1
  6
Solid
 62
     7
370
     0
100
AcDbEllipse
 10
3626.374885832989
 20
1167.398604099533
 30
0.0
 11
0.0200907771105765
 21
-0.0121762553667081
 31
0.0
210
0.0
220
0.0
230
0.9999999999999998
 40
0.9832816623999999
 41
1.533660745699999
 42
3.1787282347
  0
LINE
  5
624
330
5F6
100
AcDbEntity
  8
Layer 1
  6
Solid
 62
     7
370
     0
100
AcDbLine
 10
3626.354364396824
 20
1167.410038519201
 30
0.0
 11
3624.364687008256
 21
1163.961183817122
 31
0.0
  0
ELLIPSE
  5
625
330
5F6
100
AcDbEntity
  8
Layer 1
  6
Solid
 62
     7
370
     0
100
AcDbEllipse
 10
3624.396772092168
 20
1163.943223877138
 30
0.0
 11
0.0190188232758775
 21
0.0315938598570532
 31
0.0
210
0.0
220
0.0
230
0.9999999999999998
 40
0.9970972484999995
 41
1.602272296299999
 42
3.1101166841
  0
ELLIPSE
  5
626
330
5F6
100
AcDbEntity
  8
Layer 1
  6
Solid
 62
     7
370
     0
100
AcDbEllipse
 10
3540.463502016898
 20
1066.385422859146
 30
0.0
 11
85.72132051039147
 21
96.1381667755182
 31
0.0
210
0.0
220
0.0
230
1.0
 40
0.3469568704999999
 41
6.192544621099998
 42
6.3340840944
  0
ELLIPSE
  5
627
330
5F6
100
AcDbEntity
  8
Layer 1
  6
Solid
 62
     7
370
     0
100
AcDbEllipse
 10
3628.879364698768
 20
1159.454271632284
 30
0.0
 11
0.0276392761102443
 21
0.0167051720714669
 31
0.0
210
0.0
220
0.0
230
1.0
 40
0.9866147767999999
 41
3.1689113486
 42
4.6850702854
  0
LINE
  5
628
330
5F6
100
AcDbEntity
  8
Layer 1
  6
Solid
 62
     7
370
     0
100
AcDbLine
 10
3628.895085143537
 20
1159.426556182381
 30
0.0
 11
3632.30647856469
 21
1161.398711358903
 31
0.0
  0
LINE
  5
629
330
5F6
100
AcDbEntity
  8
Layer 1
  6
Solid
 62
     7
370
     0
100
AcDbLine
 10
3600.385841929997
 20
1151.812248726951
 30
0.0
 11
3600.451188787906
 21
1152.608070261112
 31
0.0
  0
LINE
  5
62A
330
5F6
100
AcDbEntity
  8
Layer 1
  6
Solid
 62
     7
370
     0
100
AcDbLine
 10
3600.451188787906
 20
1152.608070261112
 30
0.0
 11
3600.556933156777
 21
1153.399582538783
 31
0.0
  0
LINE
  5
62B
330
5F6
100
AcDbEntity
  8
Layer 1
  6
Solid
 62
     7
370
     0
100
AcDbLine
 10
3600.556933156777
 20
1153.399582538783
 30
0.0
 11
3600.702902500886
 21
1154.184707942163
 31
0.0
  0
LINE
  5
62C
330
5F6
100
AcDbEntity
  8
Layer 1
  6
Solid
 62
     7
370
     0
100
AcDbLine
 10
3600.702902500886
 20
1154.184707942163
 30
0.0
 11
3600.888924284493
 21
1154.961368853435
 31
0.0
  0
LINE
  5
62D
330
5F6
100
AcDbEntity
  8
Layer 1
  6
Solid
 62
     7
370
     0
100
AcDbLine
 10
3600.888924284493
 20
1154.961368853435
 30
0.0
 11
3601.113287122891
 21
1155.722725682947
 31
0.0
  0
LINE
  5
62E
330
5F6
100
AcDbEntity
  8
Layer 1
  6
Solid
 62
     7
370
     0
100
AcDbLine
 10
3601.113287122891
 20
1155.722725682947
 30
0.0
 11
3601.376862489086
 21
1156.47163324518
 31
0.0
  0
LINE
  5
62F
330
5F6
100
AcDbEntity
  8
Layer 1
  6
Solid
 62
     7
370
     0
100
AcDbLine
 10
3601.376862489086
 20
1156.47163324518
 30
0.0
 11
3601.67699635109
 21
1157.200445058585
 31
0.0
  0
LINE
  5
630
330
5F6
100
AcDbEntity
  8
Layer 1
  6
Solid
 62
     7
370
     0
100
AcDbLine
 10
3601.67699635109
 20
1157.200445058585
 30
0.0
 11
3602.015407650303
 21
1157.912999590106
 31
0.0
  0
ELLIPSE
  5
631
330
5F6
100
AcDbEntity
  8
Layer 1
  6
Solid
 62
     7
370
     0
100
AcDbEllipse
 10
3601.975371249995
 20
1157.933024496297
 30
0.0
 11
0.0393721819723521
 21
-0.0213014116526073
 31
0.0
210
0.0
220
0.0
230
1.0
 40
0.9979210002
 41
0.0322133501
 42
1.538582976599998
  0
LINE
  5
632
330
5F6
100
AcDbEntity
  8
Layer 1
  6
Solid
 62
     7
370
     0
100
AcDbLine
 10
3601.997885438257
 20
1157.97160836833
 30
0.0
 11
3598.566552948224
 21
1159.953430972187
 31
0.0
  0
ELLIPSE
  5
633
330
5F6
100
AcDbEntity
  8
Layer 1
  6
Solid
 62
     7
370
     0
100
AcDbEllipse
 10
3599.932618287026
 20
1155.25648229514
 30
0.0
 11
1.393280193409467
 21
-4.702210785561518
 31
0.0
210
0.0
220
0.0
230
0.9999999999999998
 40
0.0695308573
 41
3.069393210499998
 42
3.2136090347
  0
ELLIPSE
  5
634
330
5F6
100
AcDbEntity
  8
Layer 1
  6
Solid
 62
     7
370
     0
100
AcDbEllipse
 10
3773.462397738652
 20
1105.96870408595
 30
0.0
 11
176.3818319403784
 21
-50.34749437577392
 31
0.0
210
0.0
220
0.0
230
0.9999999999999998
 40
0.3248720724999999
 41
3.0764501868
 42
3.217989660099998
  0
ELLIPSE
  5
635
330
5F6
100
AcDbEntity
  8
Layer 1
  6
Solid
 62
     7
370
     0
100
AcDbEllipse
 10
3596.367819116085
 20
1151.794790072384
 30
0.0
 11
0.0005734813965709
 21
0.0212033234031998
 31
0.0
210
0.0
220
0.0
230
0.9999999999999998
 40
0.9985401468
 41
1.543795605399999
 42
3.168593374999998
  0
LINE
  5
636
330
5F6
100
AcDbEntity
  8
Layer 1
  6
Solid
 62
     7
370
     0
100
AcDbLine
 10
3596.367817443518
 20
1151.773579017607
 30
0.0
 11
3600.344755363819
 21
1151.773579017607
 31
0.0
  0
ELLIPSE
  5
637
330
5F6
100
AcDbEntity
  8
Layer 1
  6
Solid
 62
     7
370
     0
100
AcDbEllipse
 10
3596.758139822205
 20
1155.640549951963
 30
0.0
 11
3.616167578826691
 21
-3.857331878925613
 31
0.0
210
0.0
220
0.0
230
0.9999999999999998
 40
0.0754567919
 41
6.212563791
 42
6.354103264299999
  0
LINE
  5
638
330
5F6
100
AcDbEntity
  8
Layer 1
  6
Solid
 62
     7
370
     0
100
AcDbLine
 10
3629.72829653705
 20
1157.918437517983
 30
0.0
 11
3629.964868672895
 21
1157.422146610414
 31
0.0
  0
LINE
  5
639
330
5F6
100
AcDbEntity
  8
Layer 1
  6
Solid
 62
     7
370
     0
100
AcDbLine
 10
3629.964868672895
 20
1157.422146610414
 30
0.0
 11
3630.183705523407
 21
1156.920243212795
 31
0.0
  0
LINE
  5
63A
330
5F6
100
AcDbEntity
  8
Layer 1
  6
Solid
 62
     7
370
     0
100
AcDbLine
 10
3630.183705523407
 20
1156.920243212795
 30
0.0
 11
3630.384677834626
 21
1156.412895128512
 31
0.0
  0
LINE
  5
63B
330
5F6
100
AcDbEntity
  8
Layer 1
  6
Solid
 62
     7
370
     0
100
AcDbLine
 10
3630.384677834626
 20
1156.412895128512
 30
0.0
 11
3630.567656352591
 21
1155.900270160948
 31
0.0
  0
LINE
  5
63C
330
5F6
100
AcDbEntity
  8
Layer 1
  6
Solid
 62
     7
370
     0
100
AcDbLine
 10
3630.567656352591
 20
1155.900270160948
 30
0.0
 11
3630.731648138987
 21
1155.385419943964
 31
0.0
  0
LINE
  5
63D
330
5F6
100
AcDbEntity
  8
Layer 1
  6
Solid
 62
     7
370
     0
100
AcDbLine
 10
3630.731648138987
 20
1155.385419943964
 30
0.0
 11
3630.877590134941
 21
1154.865682162563
 31
0.0
  0
LINE
  5
63E
330
5F6
100
AcDbEntity
  8
Layer 1
  6
Solid
 62
     7
370
     0
100
AcDbLine
 10
3630.877590134941
 20
1154.865682162563
 30
0.0
 11
3631.005355224161
 21
1154.341221844909
 31
0.0
  0
LINE
  5
63F
330
5F6
100
AcDbEntity
  8
Layer 1
  6
Solid
 62
     7
370
     0
100
AcDbLine
 10
3631.005355224161
 20
1154.341221844909
 30
0.0
 11
3631.114816290355
 21
1153.812204019188
 31
0.0
  0
LINE
  5
640
330
5F6
100
AcDbEntity
  8
Layer 1
  6
Solid
 62
     7
370
     0
100
AcDbLine
 10
3631.114816290355
 20
1153.812204019188
 30
0.0
 11
3631.200405569018
 21
1153.314152075195
 31
0.0
  0
LINE
  5
641
330
5F6
100
AcDbEntity
  8
Layer 1
  6
Solid
 62
     7
370
     0
100
AcDbLine
 10
3631.200405569018
 20
1153.314152075195
 30
0.0
 11
3631.269814135991
 21
1152.812403094257
 31
0.0
  0
LINE
  5
642
330
5F6
100
AcDbEntity
  8
Layer 1
  6
Solid
 62
     7
370
     0
100
AcDbLine
 10
3631.269814135991
 20
1152.812403094257
 30
0.0
 11
3631.322938432552
 21
1152.307091521026
 31
0.0
  0
LINE
  5
643
330
5F6
100
AcDbEntity
  8
Layer 1
  6
Solid
 62
     7
370
     0
100
AcDbLine
 10
3631.322938432552
 20
1152.307091521026
 30
0.0
 11
3631.359674899981
 21
1151.798351800155
 31
0.0
  0
ELLIPSE
  5
644
330
5F6
100
AcDbEntity
  8
Layer 1
  6
Solid
 62
     7
370
     0
100
AcDbEllipse
 10
3631.385654601353
 20
1151.799620612254
 30
0.0
 11
0.0006353499648289
 21
-0.0260338614421081
 31
0.0
210
0.0
220
0.0
230
1.0
 40
0.9988109398
 41
4.736759888899999
 42
6.2588143988
  0
LINE
  5
645
330
5F6
100
AcDbEntity
  8
Layer 1
  6
Solid
 62
     7
370
     0
100
AcDbLine
 10
3631.385656110946
 20
1151.773579017607
 30
0.0
 11
3635.369844601751
 21
1151.773579017607
 31
0.0
  0
ELLIPSE
  5
646
330
5F6
100
AcDbEntity
  8
Layer 1
  6
Solid
 62
     7
370
     0
100
AcDbEllipse
 10
3635.369875914197
 20
1151.801480725174
 30
0.0
 11
0.0284056168394148
 21
0.0008527927434123
 31
0.0
210
0.0
220
0.0
230
1.0
 40
0.9818013185999998
 41
4.6818200421
 42
6.313754245399999
  0
ELLIPSE
  5
647
330
5F6
100
AcDbEntity
  8
Layer 1
  6
Solid
 62
     7
370
     0
100
AcDbEllipse
 10
3458.761052530245
 20
1103.269679216611
 30
0.0
 11
175.8123566169489
 21
53.35510536034067
 31
0.0
210
0.0
220
0.0
230
1.0
 40
0.3241990936
 41
6.201615235299998
 42
6.3431547086
  0
ELLIPSE
  5
648
330
5F6
100
AcDbEntity
  8
Layer 1
  6
Solid
 62
     7
370
     0
100
AcDbEllipse
 10
3633.196397837789
 20
1159.932263108116
 30
0.0
 11
0.0239516406235447
 21
0.013275140321698
 31
0.0
210
0.0
220
0.0
230
1.0
 40
0.9980019999999999
 41
6.2596472024
 42
7.8775197389
  0
LINE
  5
649
330
5F6
100
AcDbEntity
  8
Layer 1
  6
Solid
 62
     7
370
     0
100
AcDbLine
 10
3633.182589167005
 20
1159.955847829021
 30
0.0
 11
3629.74400610647
 21
1157.970399939913
 31
0.0
  0
ELLIPSE
  5
64A
330
5F6
100
AcDbEntity
  8
Layer 1
  6
Solid
 62
     7
370
     0
100
AcDbEllipse
 10
3629.764117016089
 20
1157.93602902065
 30
0.0
 11
0.0351571993453469
 21
0.0188824791373957
 31
0.0
210
0.0
220
0.0
230
0.9999999999999998
 40
0.9978700769999999
 41
1.607245400399999
 42
3.10514358
  0
ELLIPSE
  5
64B
330
5F6
100
AcDbEntity
  8
Layer 1
  6
Solid
 62
     7
370
     0
100
AcDbEllipse
 10
3623.492201691192
 20
1153.086536492663
 30
0.0
 11
76.14769426799094
 21
33.6115211995694
 31
0.0
210
0.0
220
0.0
230
1.0
 40
0.00169489
 41
1.498486976999998
 42
1.640026450299999
  0
ELLIPSE
  5
64C
330
5F6
100
AcDbEntity
  8
Layer 1
  6
Solid
 62
     7
370
     0
100
AcDbEllipse
 10
3627.497537679293
 20
1156.312436151808
 30
0.0
 11
1.446551157628363
 21
-0.6628293639381475
 31
0.0
210
0.0
220
0.0
230
0.9999999999999998
 40
0.0744476514
 41
6.211086042399998
 42
6.3526255157
  0
LINE
  5
64D
330
5F6
100
AcDbEntity
  8
Layer 1
  6
Solid
 62
     7
370
     0
100
AcDbLine
 10
3628.944026494425
 20
1155.658676378218
 30
0.0
 11
3628.943422280218
 21
1155.659280592427
 31
0.0
  0
ELLIPSE
  5
64E
330
5F6
100
AcDbEntity
  8
Layer 1
  6
Solid
 62
     7
370
     0
100
AcDbEllipse
 10
3628.518055477438
 20
1154.82002705683
 30
0.0
 11
0.4217597978357505
 21
0.8438503794769282
 31
0.0
210
0.0
220
0.0
230
0.9999999999999998
 40
0.0769639275
 41
6.2103781297
 42
6.351917603099999
  0
ELLIPSE
  5
64F
330
5F6
100
AcDbEntity
  8
Layer 1
  6
Solid
 62
     7
370
     0
100
AcDbEllipse
 10
3622.065651944939
 20
1153.632746137141
 30
0.0
 11
80.99217757787029
 21
21.9308748430472
 31
0.0
210
0.0
220
0.0
230
0.9999999999999998
 40
0.0019797798
 41
1.485351226299999
 42
1.6268906996
  0
ELLIPSE
  5
650
330
5F6
100
AcDbEntity
  8
Layer 1
  6
Solid
 62
     7
370
     0
100
AcDbEllipse
 10
3617.462250516468
 20
1152.635010768855
 30
0.0
 11
0.0639969387462683
 21
0.0387528266391655
 31
0.0
210
0.0
220
0.0
230
1.0
 40
0.9919029673
 41
3.421979558
 42
4.432002075899998
  0
LINE
  5
651
330
5F6
100
AcDbEntity
  8
Layer 1
  6
Solid
 62
     7
370
     0
100
AcDbLine
 10
3617.411389896916
 20
1152.580204985945
 30
0.0
 11
3617.240481742467
 21
1152.72108890216
 31
0.0
  0
LINE
  5
652
330
5F6
100
AcDbEntity
  8
Layer 1
  6
Solid
 62
     7
370
     0
100
AcDbLine
 10
3617.240481742467
 20
1152.72108890216
 30
0.0
 11
3617.060863587364
 21
1152.843884868246
 31
0.0
  0
LINE
  5
653
330
5F6
100
AcDbEntity
  8
Layer 1
  6
Solid
 62
     7
370
     0
100
AcDbLine
 10
3617.060863587364
 20
1152.843884868246
 30
0.0
 11
3616.873668957448
 21
1152.948354247183
 31
0.0
  0
LINE
  5
654
330
5F6
100
AcDbEntity
  8
Layer 1
  6
Solid
 62
     7
370
     0
100
AcDbLine
 10
3616.873668957448
 20
1152.948354247183
 30
0.0
 11
3616.680031378591
 21
1153.034258401944
 31
0.0
  0
LINE
  5
655
330
5F6
100
AcDbEntity
  8
Layer 1
  6
Solid
 62
     7
370
     0
100
AcDbLine
 10
3616.680031378591
 20
1153.034258401944
 30
0.0
 11
3616.478224519916
 21
1153.102175548878
 31
0.0
  0
LINE
  5
656
330
5F6
100
AcDbEntity
  8
Layer 1
  6
Solid
 62
     7
370
     0
100
AcDbLine
 10
3616.478224519916
 20
1153.102175548878
 30
0.0
 11
3616.272138808621
 21
1153.150501667977
 31
0.0
  0
LINE
  5
657
330
5F6
100
AcDbEntity
  8
Layer 1
  6
Solid
 62
     7
370
     0
100
AcDbLine
 10
3616.272138808621
 20
1153.150501667977
 30
0.0
 11
3616.062956783447
 21
1153.178987803719
 31
0.0
  0
LINE
  5
658
330
5F6
100
AcDbEntity
  8
Layer 1
  6
Solid
 62
     7
370
     0
100
AcDbLine
 10
3616.062956783447
 20
1153.178987803719
 30
0.0
 11
3615.851860983144
 21
1153.187385000581
 31
0.0
  0
LINE
  5
659
330
5F6
100
AcDbEntity
  8
Layer 1
  6
Solid
 62
     7
370
     0
100
AcDbLine
 10
3615.851860983144
 20
1153.187385000581
 30
0.0
 11
3615.585587918238
 21
1153.169056056437
 31
0.0
  0
LINE
  5
65A
330
5F6
100
AcDbEntity
  8
Layer 1
  6
Solid
 62
     7
370
     0
100
AcDbLine
 10
3615.585587918238
 20
1153.169056056437
 30
0.0
 11
3615.320508700651
 21
1153.118089859836
 31
0.0
  0
LINE
  5
65B
330
5F6
100
AcDbEntity
  8
Layer 1
  6
Solid
 62
     7
370
     0
100
AcDbLine
 10
3615.320508700651
 20
1153.118089859836
 30
0.0
 11
3615.064700211333
 21
1153.036212830575
 31
0.0
  0
LINE
  5
65C
330
5F6
100
AcDbEntity
  8
Layer 1
  6
Solid
 62
     7
370
     0
100
AcDbLine
 10
3615.064700211333
 20
1153.036212830575
 30
0.0
 11
3614.814477228813
 21
1152.922190227953
 31
0.0
  0
LINE
  5
65D
330
5F6
100
AcDbEntity
  8
Layer 1
  6
Solid
 62
     7
370
     0
100
AcDbLine
 10
3614.814477228813
 20
1152.922190227953
 30
0.0
 11
3614.660063524772
 21
1152.83247601337
 31
0.0
  0
LINE
  5
65E
330
5F6
100
AcDbEntity
  8
Layer 1
  6
Solid
 62
     7
370
     0
100
AcDbLine
 10
3614.660063524772
 20
1152.83247601337
 30
0.0
 11
3614.514496067195
 21
1152.731357807551
 31
0.0
  0
LINE
  5
65F
330
5F6
100
AcDbEntity
  8
Layer 1
  6
Solid
 62
     7
370
     0
100
AcDbLine
 10
3614.514496067195
 20
1152.731357807551
 30
0.0
 11
3614.373715776927
 21
1152.615638824621
 31
0.0
  0
LINE
  5
660
330
5F6
100
AcDbEntity
  8
Layer 1
  6
Solid
 62
     7
370
     0
100
AcDbLine
 10
3614.373715776927
 20
1152.615638824621
 30
0.0
 11
3614.243325504779
 21
1152.4894572652
 31
0.0
  0
LINE
  5
661
330
5F6
100
AcDbEntity
  8
Layer 1
  6
Solid
 62
     7
370
     0
100
AcDbLine
 10
3614.243325504779
 20
1152.4894572652
 30
0.0
 11
3614.123313230969
 21
1152.35309803262
 31
0.0
  0
LINE
  5
662
330
5F6
100
AcDbEntity
  8
Layer 1
  6
Solid
 62
     7
370
     0
100
AcDbLine
 10
3614.123313230969
 20
1152.35309803262
 30
0.0
 11
3614.014734377447
 21
1152.207968684445
 31
0.0
  0
LINE
  5
663
330
5F6
100
AcDbEntity
  8
Layer 1
  6
Solid
 62
     7
370
     0
100
AcDbLine
 10
3614.014734377447
 20
1152.207968684445
 30
0.0
 11
3613.91806738238
 21
1152.054961926185
 31
0.0
  0
LINE
  5
664
330
5F6
100
AcDbEntity
  8
Layer 1
  6
Solid
 62
     7
370
     0
100
AcDbLine
 10
3613.91806738238
 20
1152.054961926185
 30
0.0
 11
3613.833790683925
 21
1151.894970463336
 31
0.0
  0
LINE
  5
665
330
5F6
100
AcDbEntity
  8
Layer 1
  6
Solid
 62
     7
370
     0
100
AcDbLine
 10
3613.833790683925
 20
1151.894970463336
 30
0.0
 11
3613.762727405627
 21
1151.729784295023
 31
0.0
  0
LINE
  5
666
330
5F6
100
AcDbEntity
  8
Layer 1
  6
Solid
 62
     7
370
     0
100
AcDbLine
 10
3613.762727405627
 20
1151.729784295023
 30
0.0
 11
3613.704867276843
 21
1151.559449261768
 31
0.0
  0
LINE
  5
667
330
5F6
100
AcDbEntity
  8
Layer 1
  6
Solid
 62
     7
370
     0
100
AcDbLine
 10
3613.704867276843
 20
1151.559449261768
 30
0.0
 11
3613.660681147308
 21
1151.384843910003
 31
0.0
  0
LINE
  5
668
330
5F6
100
AcDbEntity
  8
Layer 1
  6
Solid
 62
     7
370
     0
100
AcDbLine
 10
3613.660681147308
 20
1151.384843910003
 30
0.0
 11
3613.630639866747
 21
1151.206846786172
 31
0.0
  0
LINE
  5
669
330
5F6
100
AcDbEntity
  8
Layer 1
  6
Solid
 62
     7
370
     0
100
AcDbLine
 10
3613.630639866747
 20
1151.206846786172
 30
0.0
 11
3613.615296577066
 21
1151.028194262724
 31
0.0
  0
LINE
  5
66A
330
5F6
100
AcDbEntity
  8
Layer 1
  6
Solid
 62
     7
370
     0
100
AcDbLine
 10
3613.615296577066
 20
1151.028194262724
 30
0.0
 11
3613.614727785974
 21
1150.847931548844
 31
0.0
  0
LINE
  5
66B
330
5F6
100
AcDbEntity
  8
Layer 1
  6
Solid
 62
     7
370
     0
100
AcDbLine
 10
3613.614727785974
 20
1150.847931548844
 30
0.0
 11
3613.628650646319
 21
1150.67295130093
 31
0.0
  0
LINE
  5
66C
330
5F6
100
AcDbEntity
  8
Layer 1
  6
Solid
 62
     7
370
     0
100
AcDbLine
 10
3613.628650646319
 20
1150.67295130093
 30
0.0
 11
3613.657217844969
 21
1150.498031859448
 31
0.0
  0
LINE
  5
66D
330
5F6
100
AcDbEntity
  8
Layer 1
  6
Solid
 62
     7
370
     0
100
AcDbLine
 10
3613.657217844969
 20
1150.498031859448
 30
0.0
 11
3613.687617729973
 21
1150.370593625486
 31
0.0
  0
ELLIPSE
  5
66E
330
5F6
100
AcDbEntity
  8
Layer 1
  6
Solid
 62
     7
370
     0
100
AcDbEllipse
 10
3683.089474360122
 20
1206.375812824925
 30
0.0
 11
68.95856737444835
 21
56.88363260171825
 31
0.0
210
0.0
220
0.0
230
1.0
 40
0.1541690621
 41
3.0718997791
 42
3.2134392524
  0
LINE
  5
66F
330
5F6
100
AcDbEntity
  8
Layer 1
  6
Solid
 62
     7
370
     0
100
AcDbLine
 10
3614.938341141554
 20
1148.875767673674
 30
0.0
 11
3615.147763838673
 21
1148.790684885346
 31
0.0
  0
LINE
  5
670
330
5F6
100
AcDbEntity
  8
Layer 1
  6
Solid
 62
     7
370
     0
100
AcDbLine
 10
3615.147763838673
 20
1148.790684885346
 30
0.0
 11
3615.369062300303
 21
1148.728324884006
 31
0.0
  0
LINE
  5
671
330
5F6
100
AcDbEntity
  8
Layer 1
  6
Solid
 62
     7
370
     0
100
AcDbLine
 10
3615.369062300303
 20
1148.728324884006
 30
0.0
 11
3615.604401862178
 21
1148.688112258848
 31
0.0
  0
LINE
  5
672
330
5F6
100
AcDbEntity
  8
Layer 1
  6
Solid
 62
     7
370
     0
100
AcDbLine
 10
3615.604401862178
 20
1148.688112258848
 30
0.0
 11
3615.843907186533
 21
1148.672147485412
 31
0.0
  0
LINE
  5
673
330
5F6
100
AcDbEntity
  8
Layer 1
  6
Solid
 62
     7
370
     0
100
AcDbLine
 10
3615.843907186533
 20
1148.672147485412
 30
0.0
 11
3616.083373967823
 21
1148.680594157485
 31
0.0
  0
LINE
  5
674
330
5F6
100
AcDbEntity
  8
Layer 1
  6
Solid
 62
     7
370
     0
100
AcDbLine
 10
3616.083373967823
 20
1148.680594157485
 30
0.0
 11
3616.318557697928
 21
1148.71361651841
 31
0.0
  0
LINE
  5
675
330
5F6
100
AcDbEntity
  8
Layer 1
  6
Solid
 62
     7
370
     0
100
AcDbLine
 10
3616.318557697928
 20
1148.71361651841
 30
0.0
 11
3616.539554530304
 21
1148.769582694538
 31
0.0
  0
LINE
  5
676
330
5F6
100
AcDbEntity
  8
Layer 1
  6
Solid
 62
     7
370
     0
100
AcDbLine
 10
3616.539554530304
 20
1148.769582694538
 30
0.0
 11
3616.748566910199
 21
1148.8491822485
 31
0.0
  0
ELLIPSE
  5
677
330
5F6
100
AcDbEntity
  8
Layer 1
  6
Solid
 62
     7
370
     0
100
AcDbEllipse
 10
3505.799732875644
 20
1235.215561210512
 30
0.0
 11
111.8647501418958
 21
-85.66172781399862
 31
0.0
210
0.0
220
0.0
230
1.0
 40
0.1217242531
 41
6.218049548899998
 42
6.3595890222
  0
ELLIPSE
  5
678
330
5F6
100
AcDbEntity
  8
Layer 1
  6
Solid
 62
     7
370
     0
100
AcDbEllipse
 10
3620.916436520385
 20
1148.942835450817
 30
0.0
 11
2.772862112924551
 21
-1.928031572820349
 31
0.0
210
0.0
220
0.0
230
1.0
 40
0.1214575878
 41
3.068989810199998
 42
3.2105292835
  0
LINE
  5
679
330
5F6
100
AcDbEntity
  8
Layer 1
  6
Solid
 62
     7
370
     0
100
AcDbLine
 10
3596.347878374637
 20
1150.057610665487
 30
0.0
 11
3596.395710799237
 21
1149.304785339427
 31
0.0
  0
LINE
  5
67A
330
5F6
100
AcDbEntity
  8
Layer 1
  6
Solid
 62
     7
370
     0
100
AcDbLine
 10
3596.395710799237
 20
1149.304785339427
 30
0.0
 11
3596.472004390613
 21
1148.556123591316
 31
0.0
  0
LINE
  5
67B
330
5F6
100
AcDbEntity
  8
Layer 1
  6
Solid
 62
     7
370
     0
100
AcDbLine
 10
3596.472004390613
 20
1148.556123591316
 30
0.0
 11
3596.576630630738
 21
1147.812318410515
 31
0.0
  0
LINE
  5
67C
330
5F6
100
AcDbEntity
  8
Layer 1
  6
Solid
 62
     7
370
     0
100
AcDbLine
 10
3596.576630630738
 20
1147.812318410515
 30
0.0
 11
3596.709461001591
 21
1147.074062786358
 31
0.0
  0
LINE
  5
67D
330
5F6
100
AcDbEntity
  8
Layer 1
  6
Solid
 62
     7
370
     0
100
AcDbLine
 10
3596.709461001591
 20
1147.074062786358
 30
0.0
 11
3596.870366985152
 21
1146.342049708206
 31
0.0
  0
LINE
  5
67E
330
5F6
100
AcDbEntity
  8
Layer 1
  6
Solid
 62
     7
370
     0
100
AcDbLine
 10
3596.870366985152
 20
1146.342049708206
 30
0.0
 11
3597.059220063388
 21
1145.616972165401
 31
0.0
  0
LINE
  5
67F
330
5F6
100
AcDbEntity
  8
Layer 1
  6
Solid
 62
     7
370
     0
100
AcDbLine
 10
3597.059220063388
 20
1145.616972165401
 30
0.0
 11
3597.275891718277
 21
1144.899523147302
 31
0.0
  0
LINE
  5
680
330
5F6
100
AcDbEntity
  8
Layer 1
  6
Solid
 62
     7
370
     0
100
AcDbLine
 10
3597.275891718277
 20
1144.899523147302
 30
0.0
 11
3597.520253431788
 21
1144.190395643251
 31
0.0
  0
LINE
  5
681
330
5F6
100
AcDbEntity
  8
Layer 1
  6
Solid
 62
     7
370
     0
100
AcDbLine
 10
3597.520253431788
 20
1144.190395643251
 30
0.0
 11
3597.741822895147
 21
1143.614065543414
 31
0.0
  0
LINE
  5
682
330
5F6
100
AcDbEntity
  8
Layer 1
  6
Solid
 62
     7
370
     0
100
AcDbLine
 10
3597.741822895147
 20
1143.614065543414
 30
0.0
 11
3597.981953367466
 21
1143.044214714527
 31
0.0
  0
LINE
  5
683
330
5F6
100
AcDbEntity
  8
Layer 1
  6
Solid
 62
     7
370
     0
100
AcDbLine
 10
3597.981953367466
 20
1143.044214714527
 30
0.0
 11
3598.240573413335
 21
1142.481228347529
 31
0.0
  0
LINE
  5
684
330
5F6
100
AcDbEntity
  8
Layer 1
  6
Solid
 62
     7
370
     0
100
AcDbLine
 10
3598.240573413335
 20
1142.481228347529
 30
0.0
 11
3598.517611597336
 21
1141.925491633377
 31
0.0
  0
ELLIPSE
  5
685
330
5F6
100
AcDbEntity
  8
Layer 1
  6
Solid
 62
     7
370
     0
100
AcDbEllipse
 10
3598.5526380573
 20
1141.943845770463
 30
0.0
 11
0.0192737226950224
 21
-0.0350526152856582
 31
0.0
210
0.0
220
0.0
230
0.9999999999999998
 40
0.9885451381999999
 41
4.6925585848
 42
6.303015702799998
  0
LINE
  5
686
330
5F6
100
AcDbEntity
  8
Layer 1
  6
Solid
 62
     7
370
     0
100
AcDbLine
 10
3598.572595090308
 20
1141.909177849748
 30
0.0
 11
3602.002114937717
 21
1143.889792025188
 31
0.0
  0
ELLIPSE
  5
687
330
5F6
100
AcDbEntity
  8
Layer 1
  6
Solid
 62
     7
370
     0
100
AcDbEllipse
 10
3601.982787393819
 20
1143.923965606738
 30
0.0
 11
0.0183221962745429
 21
-0.0347232012459251
 31
0.0
210
0.0
220
0.0
230
1.0
 40
0.9939779738
 41
0.0293616398
 42
1.541434686999999
  0
ELLIPSE
  5
688
330
5F6
100
AcDbEntity
  8
Layer 1
  6
Solid
 62
     7
370
     0
100
AcDbEllipse
 10
3725.467246301207
 20
1184.389061992068
 30
0.0
 11
124.43076282722
 21
38.00371802119292
 31
0.0
210
0.0
220
0.0
230
0.9999999999999996
 40
0.3434257835999999
 41
3.058819429999998
 42
3.200358903299998
  0
ELLIPSE
  5
689
330
5F6
100
AcDbEntity
  8
Layer 1
  6
Solid
 62
     7
370
     0
100
AcDbEllipse
 10
3600.345933674484
 20
1150.046638879109
 30
0.0
 11
0.0375281970338676
 21
0.000954605200021
 31
0.0
210
0.0
220
0.0
230
1.0
 40
0.9843442549
 41
0.0258358314
 42
1.544960495399998
  0
LINE
  5
68A
330
5F6
100
AcDbEntity
  8
Layer 1
  6
Solid
 62
     7
370
     0
100
AcDbLine
 10
3600.345963792236
 20
1150.083591876452
 30
0.0
 11
3596.372651157185
 21
1150.083591876452
 31
0.0
  0
ELLIPSE
  5
68B
330
5F6
100
AcDbEntity
  8
Layer 1
  6
Solid
 62
     7
370
     0
100
AcDbEllipse
 10
3598.944915815935
 20
1147.600823600942
 30
0.0
 11
2.59142665293907
 21
-2.476277960091466
 31
0.0
210
0.0
220
0.0
230
0.9999999999999998
 40
0.0692297965
 41
3.069269982799998
 42
3.214065812699998
  0
LINE
  5
68C
330
5F6
100
AcDbEntity
  8
Layer 1
  6
Solid
 62
     0
370
     0
100
AcDbLine
 10
3614.987282492442
 20
1166.424565145149
 30
0.0
 11
3614.152953828692
 21
1166.35557371282
 31
0.0
  0
LINE
  5
68D
330
5F6
100
AcDbEntity
  8
Layer 1
  6
Solid
 62
     0
370
     0
100
AcDbLine
 10
3614.152953828692
 20
1166.35557371282
 30
0.0
 11
3613.329141148554
 21
1166.242011421688
 31
0.0
  0
LINE
  5
68E
330
5F6
100
AcDbEntity
  8
Layer 1
  6
Solid
 62
     0
370
     0
100
AcDbLine
 10
3613.329141148554
 20
1166.242011421688
 30
0.0
 11
3612.760470924926
 21
1166.136650787555
 31
0.0
  0
LINE
  5
68F
330
5F6
100
AcDbEntity
  8
Layer 1
  6
Solid
 62
     0
370
     0
100
AcDbLine
 10
3612.760470924926
 20
1166.136650787555
 30
0.0
 11
3612.197092120457
 21
1166.010066992971
 31
0.0
  0
LINE
  5
690
330
5F6
100
AcDbEntity
  8
Layer 1
  6
Solid
 62
     0
370
     0
100
AcDbLine
 10
3612.197092120457
 20
1166.010066992971
 30
0.0
 11
3611.633266171037
 21
1165.860807759989
 31
0.0
  0
LINE
  5
691
330
5F6
100
AcDbEntity
  8
Layer 1
  6
Solid
 62
     0
370
     0
100
AcDbLine
 10
3611.633266171037
 20
1165.860807759989
 30
0.0
 11
3611.074984822649
 21
1165.690293502479
 31
0.0
  0
LINE
  5
692
330
5F6
100
AcDbEntity
  8
Layer 1
  6
Solid
 62
     0
370
     0
100
AcDbLine
 10
3611.074984822649
 20
1165.690293502479
 30
0.0
 11
3610.522928611791
 21
1165.498956314356
 31
0.0
  0
LINE
  5
693
330
5F6
100
AcDbEntity
  8
Layer 1
  6
Solid
 62
     0
370
     0
100
AcDbLine
 10
3610.522928611791
 20
1165.498956314356
 30
0.0
 11
3609.976546983592
 21
1165.286826579309
 31
0.0
  0
LINE
  5
694
330
5F6
100
AcDbEntity
  8
Layer 1
  6
Solid
 62
     0
370
     0
100
AcDbLine
 10
3609.976546983592
 20
1165.286826579309
 30
0.0
 11
3609.430383086607
 21
1165.051613274156
 31
0.0
  0
LINE
  5
695
330
5F6
100
AcDbEntity
  8
Layer 1
  6
Solid
 62
     0
370
     0
100
AcDbLine
 10
3609.430383086607
 20
1165.051613274156
 30
0.0
 11
3608.890156914537
 21
1164.795603639052
 31
0.0
  0
ELLIPSE
  5
696
330
5F6
100
AcDbEntity
  8
Layer 1
  6
Solid
 62
     0
370
     0
100
AcDbEllipse
 10
3608.871744631719
 20
1164.832455735014
 30
0.0
 11
0.0365202303116215
 21
0.0195380142977627
 31
0.0
210
0.0
220
0.0
230
0.9999999999999998
 40
0.9946265837999996
 41
3.1693415043
 42
4.684640129699999
  0
LINE
  5
697
330
5F6
100
AcDbEntity
  8
Layer 1
  6
Solid
 62
     0
370
     0
100
AcDbLine
 10
3608.835777635774
 20
1164.811917422681
 30
0.0
 11
3606.85637188875
 21
1168.243854126922
 31
0.0
  0
ELLIPSE
  5
698
330
5F6
100
AcDbEntity
  8
Layer 1
  6
Solid
 62
     0
370
     0
100
AcDbEllipse
 10
3611.928060070257
 20
1166.789820751753
 30
0.0
 11
5.077597450271268
 21
-1.483210549837471
 31
0.0
210
0.0
220
0.0
230
1.0
 40
0.0688735791
 41
3.0685063968
 42
3.213980589999998
  0
ELLIPSE
  5
699
330
5F6
100
AcDbEntity
  8
Layer 1
  6
Solid
 62
     0
370
     0
100
AcDbEllipse
 10
3658.010959422405
 20
991.9691925127127
 30
0.0
 11
47.15425032510045
 21
-177.8672236498481
 31
0.0
210
0.0
220
0.0
230
1.0
 40
0.3234623806
 41
3.071471392399998
 42
3.213010865799998
  0
ELLIPSE
  5
69A
330
5F6
100
AcDbEntity
  8
Layer 1
  6
Solid
 62
     0
370
     0
100
AcDbEllipse
 10
3615.00418610423
 20
1170.443783673995
 30
0.0
 11
0.0247854138698071
 21
0.0003022162072062
 31
0.0
210
0.0
220
0.0
230
1.0
 40
0.9759071539
 41
6.271286331499998
 42
7.8658806097
  0
LINE
  5
69B
330
5F6
100
AcDbEntity
  8
Layer 1
  6
Solid
 62
     0
370
     0
100
AcDbLine
 10
3615.028973272828
 20
1170.443798060046
 30
0.0
 11
3615.028973272828
 21
1166.468672782369
 31
0.0
  0
ELLIPSE
  5
69C
330
5F6
100
AcDbEntity
  8
Layer 1
  6
Solid
 62
     0
370
     0
100
AcDbEllipse
 10
3610.859895234226
 20
1170.354374357189
 30
0.0
 11
4.158679669575107
 21
-3.917521949193691
 31
0.0
210
0.0
220
0.0
230
1.0
 40
0.0751164781
 41
6.2122886346
 42
6.353828107899999
  0
LINE
  5
69D
330
5F6
100
AcDbEntity
  8
Layer 1
  6
Solid
 62
     0
370
     0
100
AcDbLine
 10
3622.851734630188
 20
1164.794999424843
 30
0.0
 11
3622.135255197984
 21
1165.134008320795
 31
0.0
  0
LINE
  5
69E
330
5F6
100
AcDbEntity
  8
Layer 1
  6
Solid
 62
     0
370
     0
100
AcDbLine
 10
3622.135255197984
 20
1165.134008320795
 30
0.0
 11
3621.403912619245
 21
1165.434882075139
 31
0.0
  0
LINE
  5
69F
330
5F6
100
AcDbEntity
  8
Layer 1
  6
Solid
 62
     0
370
     0
100
AcDbLine
 10
3621.403912619245
 20
1165.434882075139
 30
0.0
 11
3620.65351326937
 21
1165.699199642408
 31
0.0
  0
LINE
  5
6A0
330
5F6
100
AcDbEntity
  8
Layer 1
  6
Solid
 62
     0
370
     0
100
AcDbLine
 10
3620.65351326937
 20
1165.699199642408
 30
0.0
 11
3619.891172457377
 21
1165.924229378153
 31
0.0
  0
LINE
  5
6A1
330
5F6
100
AcDbEntity
  8
Layer 1
  6
Solid
 62
     0
370
     0
100
AcDbLine
 10
3619.891172457377
 20
1165.924229378153
 30
0.0
 11
3619.118469301281
 21
1166.109686814161
 31
0.0
  0
LINE
  5
6A2
330
5F6
100
AcDbEntity
  8
Layer 1
  6
Solid
 62
     0
370
     0
100
AcDbLine
 10
3619.118469301281
 20
1166.109686814161
 30
0.0
 11
3618.336986390924
 21
1166.255286554547
 31
0.0
  0
LINE
  5
6A3
330
5F6
100
AcDbEntity
  8
Layer 1
  6
Solid
 62
     0
370
     0
100
AcDbLine
 10
3618.336986390924
 20
1166.255286554547
 30
0.0
 11
3617.548304608972
 21
1166.36074375559
 31
0.0
  0
LINE
  5
6A4
330
5F6
100
AcDbEntity
  8
Layer 1
  6
Solid
 62
     0
370
     0
100
AcDbLine
 10
3617.548304608972
 20
1166.36074375559
 30
0.0
 11
3616.754004838077
 21
1166.425773573566
 31
0.0
  0
ELLIPSE
  5
6A5
330
5F6
100
AcDbEntity
  8
Layer 1
  6
Solid
 62
     0
370
     0
100
AcDbEllipse
 10
3620.642123269731
 20
1170.113897102208
 30
0.0
 11
3.917601396655332
 21
3.676438500575009
 31
0.0
210
0.0
220
0.0
230
1.0
 40
0.0753844206
 41
3.070966472499998
 42
3.212505945799998
  0
LINE
  5
6A6
330
5F6
100
AcDbEntity
  8
Layer 1
  6
Solid
 62
     0
370
     0
100
AcDbLine
 10
3616.714730914524
 20
1166.467464353952
 30
0.0
 11
3616.714730914524
 21
1170.44621491688
 31
0.0
  0
ELLIPSE
  5
6A7
330
5F6
100
AcDbEntity
  8
Layer 1
  6
Solid
 62
     0
370
     0
100
AcDbEllipse
 10
3619.012274317965
 20
1168.113324498254
 30
0.0
 11
2.291648545668951
 21
-2.350401157846427
 31
0.0
210
0.0
220
0.0
230
1.0
 40
0.0699782025
 41
3.069896995799998
 42
3.213242076899998
  0
ELLIPSE
  5
6A8
330
5F6
100
AcDbEntity
  8
Layer 1
  6
Solid
 62
     0
370
     0
100
AcDbEllipse
 10
3569.767891128814
 20
992.0265928625196
 30
0.0
 11
51.55035983717593
 21
177.690741510984
 31
0.0
210
0.0
220
0.0
230
1.0
 40
0.3220777792000001
 41
6.2190527271
 42
6.360592200399999
  0
ELLIPSE
  5
6A9
330
5F6
100
AcDbEntity
  8
Layer 1
  6
Solid
 62
     0
370
     0
100
AcDbEllipse
 10
3624.866688313144
 20
1168.263491088698
 30
0.0
 11
0.02446813668088
 21
-0.013853623578709
 31
0.0
210
0.0
220
0.0
230
0.9999999999999998
 40
0.9921157603000001
 41
6.2688976485
 42
7.868269292599999
  0
LINE
  5
6AA
330
5F6
100
AcDbEntity
  8
Layer 1
  6
Solid
 62
     0
370
     0
100
AcDbLine
 10
3624.890957583853
 20
1168.249292054798
 30
0.0
 11
3622.908530765787
 21
1164.811917422681
 31
0.0
  0
ELLIPSE
  5
6AB
330
5F6
100
AcDbEntity
  8
Layer 1
  6
Solid
 62
     0
370
     0
100
AcDbEllipse
 10
3622.870972908525
 20
1164.832900604184
 30
0.0
 11
0.0379631469338056
 21
-0.0202411352363144
 31
0.0
210
0.0
220
0.0
230
1.0
 40
0.9879574284999996
 41
4.732281819899998
 42
6.263292467699998
  0
LINE
  5
6AC
330
5F6
100
AcDbEntity
  8
Layer 1
  6
Solid
 62
     0
370
     0
100
AcDbLine
 10
3602.837743188062
 20
1159.433202538675
 30
0.0
 11
3599.407619126446
 21
1161.416233570949
 31
0.0
  0
ELLIPSE
  5
6AD
330
5F6
100
AcDbEntity
  8
Layer 1
  6
Solid
 62
     0
370
     0
100
AcDbEllipse
 10
3599.422123411365
 20
1161.441171118018
 30
0.0
 11
0.0150560188261914
 21
0.0246084336068402
 31
0.0
210
0.0
220
0.0
230
1.0
 40
0.9961782298000001
 41
1.5484413862
 42
3.163947593999998
  0
ELLIPSE
  5
6AE
330
5F6
100
AcDbEntity
  8
Layer 1
  6
Solid
 62
     0
370
     0
100
AcDbEllipse
 10
3727.235177075258
 20
1033.430975713721
 30
0.0
 11
124.7942707474461
 21
-131.7056308986008
 31
0.0
210
0.0
220
0.0
230
1.0
 40
0.3274723458
 41
3.0799128891
 42
3.221452362399998
  0
ELLIPSE
  5
6AF
330
5F6
100
AcDbEntity
  8
Layer 1
  6
Solid
 62
     0
370
     0
100
AcDbEllipse
 10
3603.831929995287
 20
1160.964316795483
 30
0.0
 11
1.541395984493973
 21
6.450345334590235
 31
0.0
210
0.0
220
0.0
230
1.0
 40
0.068894882
 41
6.2108154773
 42
6.3562492153
  0
LINE
  5
6B0
330
5F6
100
AcDbEntity
  8
Layer 1
  6
Solid
 62
     0
370
     0
100
AcDbLine
 10
3605.401424074699
 20
1167.390099450321
 30
0.0
 11
3607.379621393305
 21
1163.961788031331
 31
0.0
  0
ELLIPSE
  5
6B1
330
5F6
100
AcDbEntity
  8
Layer 1
  6
Solid
 62
     0
370
     0
100
AcDbEllipse
 10
3607.347361422043
 20
1163.943328541444
 30
0.0
 11
0.0315158375856783
 21
0.0197038641374464
 31
0.0
210
0.0
220
0.0
230
1.0
 40
0.9925257976999995
 41
4.7516940175
 42
6.2438802701
  0
ELLIPSE
  5
6B2
330
5F6
100
AcDbEntity
  8
Layer 1
  6
Solid
 62
     0
370
     0
100
AcDbEllipse
 10
3694.413052841492
 20
1069.818567991805
 30
0.0
 11
89.32252573391421
 21
-92.26863336231721
 31
0.0
210
0.0
220
0.0
230
0.9999999999999998
 40
0.3475846076
 41
3.076438490099998
 42
3.217977963399998
  0
ELLIPSE
  5
6B3
330
5F6
100
AcDbEntity
  8
Layer 1
  6
Solid
 62
     0
370
     0
100
AcDbEllipse
 10
3601.367690018798
 20
1165.573227325382
 30
0.0
 11
1.506974045274134
 21
-6.147505051639424
 31
0.0
210
0.0
220
0.0
230
1.0
 40
0.0756379742
 41
6.2119436684
 42
6.353483141699999
  0
LINE
  5
6B4
330
5F6
100
AcDbEntity
  8
Layer 1
  6
Solid
 62
     0
370
     0
100
AcDbLine
 10
3632.30647856469
 20
1161.398711358903
 30
0.0
 11
3628.895085143537
 21
1159.426556182381
 31
0.0
  0
ELLIPSE
  5
6B5
330
5F6
100
AcDbEntity
  8
Layer 1
  6
Solid
 62
     0
370
     0
100
AcDbEllipse
 10
3628.879364698768
 20
1159.454271632284
 30
0.0
 11
0.0276392761102443
 21
0.0167051720714669
 31
0.0
210
0.0
220
0.0
230
1.0
 40
0.9866147767999999
 41
3.1689113486
 42
4.6850702854
  0
ELLIPSE
  5
6B6
330
5F6
100
AcDbEntity
  8
Layer 1
  6
Solid
 62
     0
370
     0
100
AcDbEllipse
 10
3540.463502016898
 20
1066.385422859146
 30
0.0
 11
85.72132051043979
 21
96.13816677559677
 31
0.0
210
0.0
220
0.0
230
1.0
 40
0.3469568704999999
 41
6.192544621099998
 42
6.3340840944
  0
ELLIPSE
  5
6B7
330
5F6
100
AcDbEntity
  8
Layer 1
  6
Solid
 62
     0
370
     0
100
AcDbEllipse
 10
3624.396772092168
 20
1163.943223877138
 30
0.0
 11
0.0190188232698353
 21
0.0315938598630953
 31
0.0
210
0.0
220
0.0
230
1.0
 40
0.9970972484999995
 41
1.602272296199999
 42
3.110116683999998
  0
LINE
  5
6B8
330
5F6
100
AcDbEntity
  8
Layer 1
  6
Solid
 62
     0
370
     0
100
AcDbLine
 10
3624.364687008256
 20
1163.961183817122
 30
0.0
 11
3626.354364396824
 21
1167.410038519201
 31
0.0
  0
ELLIPSE
  5
6B9
330
5F6
100
AcDbEntity
  8
Layer 1
  6
Solid
 62
     0
370
     0
100
AcDbEllipse
 10
3626.374885832989
 20
1167.398604099533
 30
0.0
 11
0.0200907771105765
 21
-0.0121762553667081
 31
0.0
210
0.0
220
0.0
230
0.9999999999999998
 40
0.9832816623999999
 41
1.533660745699999
 42
3.1787282347
  0
ELLIPSE
  5
6BA
330
5F6
100
AcDbEntity
  8
Layer 1
  6
Solid
 62
     0
370
     0
100
AcDbEllipse
 10
3501.123114901908
 20
1037.901556642362
 30
0.0
 11
128.6706361566504
 21
126.7536106214494
 31
0.0
210
0.0
220
0.0
230
0.9999999999999998
 40
0.3285961418999999
 41
6.215149393799999
 42
6.3566888671
  0
ELLIPSE
  5
6BB
330
5F6
100
AcDbEntity
  8
Layer 1
  6
Solid
 62
     0
370
     0
100
AcDbEllipse
 10
3623.470623339721
 20
1163.554849309832
 30
0.0
 11
8.869805492644591
 21
-2.117334475519928
 31
0.0
210
0.0
220
0.0
230
1.0
 40
0.068990245
 41
6.2105986619
 42
6.3558525573
  0
LINE
  5
6BC
330
5F6
100
AcDbEntity
  8
Layer 1
  6
Solid
 62
     0
370
     0
100
AcDbLine
 10
3602.015407650303
 20
1157.912999590106
 30
0.0
 11
3601.67699635109
 21
1157.200445058585
 31
0.0
  0
LINE
  5
6BD
330
5F6
100
AcDbEntity
  8
Layer 1
  6
Solid
 62
     0
370
     0
100
AcDbLine
 10
3601.67699635109
 20
1157.200445058585
 30
0.0
 11
3601.376862489086
 21
1156.47163324518
 31
0.0
  0
LINE
  5
6BE
330
5F6
100
AcDbEntity
  8
Layer 1
  6
Solid
 62
     0
370
     0
100
AcDbLine
 10
3601.376862489086
 20
1156.47163324518
 30
0.0
 11
3601.113287122891
 21
1155.722725682947
 31
0.0
  0
LINE
  5
6BF
330
5F6
100
AcDbEntity
  8
Layer 1
  6
Solid
 62
     0
370
     0
100
AcDbLine
 10
3601.113287122891
 20
1155.722725682947
 30
0.0
 11
3600.888924284493
 21
1154.961368853435
 31
0.0
  0
LINE
  5
6C0
330
5F6
100
AcDbEntity
  8
Layer 1
  6
Solid
 62
     0
370
     0
100
AcDbLine
 10
3600.888924284493
 20
1154.961368853435
 30
0.0
 11
3600.702902500886
 21
1154.184707942163
 31
0.0
  0
LINE
  5
6C1
330
5F6
100
AcDbEntity
  8
Layer 1
  6
Solid
 62
     0
370
     0
100
AcDbLine
 10
3600.702902500886
 20
1154.184707942163
 30
0.0
 11
3600.556933156777
 21
1153.399582538783
 31
0.0
  0
LINE
  5
6C2
330
5F6
100
AcDbEntity
  8
Layer 1
  6
Solid
 62
     0
370
     0
100
AcDbLine
 10
3600.556933156777
 20
1153.399582538783
 30
0.0
 11
3600.451188787906
 21
1152.608070261112
 31
0.0
  0
LINE
  5
6C3
330
5F6
100
AcDbEntity
  8
Layer 1
  6
Solid
 62
     0
370
     0
100
AcDbLine
 10
3600.451188787906
 20
1152.608070261112
 30
0.0
 11
3600.385841929997
 21
1151.812248726951
 31
0.0
  0
ELLIPSE
  5
6C4
330
5F6
100
AcDbEntity
  8
Layer 1
  6
Solid
 62
     0
370
     0
100
AcDbEllipse
 10
3596.758139822205
 20
1155.640549951963
 30
0.0
 11
3.61616757885086
 21
-3.857331878955823
 31
0.0
210
0.0
220
0.0
230
1.0
 40
0.0754567919
 41
6.212563791
 42
6.354103264299999
  0
LINE
  5
6C5
330
5F6
100
AcDbEntity
  8
Layer 1
  6
Solid
 62
     0
370
     0
100
AcDbLine
 10
3600.344755363819
 20
1151.773579017607
 30
0.0
 11
3596.367817443518
 21
1151.773579017607
 31
0.0
  0
ELLIPSE
  5
6C6
330
5F6
100
AcDbEntity
  8
Layer 1
  6
Solid
 62
     0
370
     0
100
AcDbEllipse
 10
3596.367819116085
 20
1151.794790072384
 30
0.0
 11
0.0005734813965709
 21
0.0212033234031998
 31
0.0
210
0.0
220
0.0
230
0.9999999999999998
 40
0.9985401468
 41
1.543795605399999
 42
3.168593374999998
  0
ELLIPSE
  5
6C7
330
5F6
100
AcDbEntity
  8
Layer 1
  6
Solid
 62
     0
370
     0
100
AcDbEllipse
 10
3773.462397738652
 20
1105.96870408595
 30
0.0
 11
176.3818319403663
 21
-50.34749437576182
 31
0.0
210
0.0
220
0.0
230
0.9999999999999998
 40
0.3248720725
 41
3.0764501868
 42
3.217989660099998
  0
ELLIPSE
  5
6C8
330
5F6
100
AcDbEntity
  8
Layer 1
  6
Solid
 62
     0
370
     0
100
AcDbEllipse
 10
3599.932618287026
 20
1155.25648229514
 30
0.0
 11
1.393280193403426
 21
-4.702210785549433
 31
0.0
210
0.0
220
0.0
230
1.0
 40
0.0695308573
 41
3.069393210499998
 42
3.2136090347
  0
LINE
  5
6C9
330
5F6
100
AcDbEntity
  8
Layer 1
  6
Solid
 62
     0
370
     0
100
AcDbLine
 10
3598.566552948224
 20
1159.953430972187
 30
0.0
 11
3601.997885438257
 21
1157.97160836833
 31
0.0
  0
ELLIPSE
  5
6CA
330
5F6
100
AcDbEntity
  8
Layer 1
  6
Solid
 62
     0
370
     0
100
AcDbEllipse
 10
3601.975371249995
 20
1157.933024496297
 30
0.0
 11
0.0393721819723521
 21
-0.0213014116586495
 31
0.0
210
0.0
220
0.0
230
1.0
 40
0.9979210002
 41
0.0322133503
 42
1.5385829768
  0
LINE
  5
6CB
330
5F6
100
AcDbEntity
  8
Layer 1
  6
Solid
 62
     0
370
     0
100
AcDbLine
 10
3631.359674899981
 20
1151.798351800155
 30
0.0
 11
3631.322938432552
 21
1152.307091521026
 31
0.0
  0
LINE
  5
6CC
330
5F6
100
AcDbEntity
  8
Layer 1
  6
Solid
 62
     0
370
     0
100
AcDbLine
 10
3631.322938432552
 20
1152.307091521026
 30
0.0
 11
3631.269814135991
 21
1152.812403094257
 31
0.0
  0
LINE
  5
6CD
330
5F6
100
AcDbEntity
  8
Layer 1
  6
Solid
 62
     0
370
     0
100
AcDbLine
 10
3631.269814135991
 20
1152.812403094257
 30
0.0
 11
3631.200405569018
 21
1153.314152075195
 31
0.0
  0
LINE
  5
6CE
330
5F6
100
AcDbEntity
  8
Layer 1
  6
Solid
 62
     0
370
     0
100
AcDbLine
 10
3631.200405569018
 20
1153.314152075195
 30
0.0
 11
3631.114816290355
 21
1153.812204019188
 31
0.0
  0
LINE
  5
6CF
330
5F6
100
AcDbEntity
  8
Layer 1
  6
Solid
 62
     0
370
     0
100
AcDbLine
 10
3631.114816290355
 20
1153.812204019188
 30
0.0
 11
3631.005355224161
 21
1154.341221844909
 31
0.0
  0
LINE
  5
6D0
330
5F6
100
AcDbEntity
  8
Layer 1
  6
Solid
 62
     0
370
     0
100
AcDbLine
 10
3631.005355224161
 20
1154.341221844909
 30
0.0
 11
3630.877590134941
 21
1154.865682162563
 31
0.0
  0
LINE
  5
6D1
330
5F6
100
AcDbEntity
  8
Layer 1
  6
Solid
 62
     0
370
     0
100
AcDbLine
 10
3630.877590134941
 20
1154.865682162563
 30
0.0
 11
3630.731648138987
 21
1155.385419943964
 31
0.0
  0
LINE
  5
6D2
330
5F6
100
AcDbEntity
  8
Layer 1
  6
Solid
 62
     0
370
     0
100
AcDbLine
 10
3630.731648138987
 20
1155.385419943964
 30
0.0
 11
3630.567656352591
 21
1155.900270160948
 31
0.0
  0
LINE
  5
6D3
330
5F6
100
AcDbEntity
  8
Layer 1
  6
Solid
 62
     0
370
     0
100
AcDbLine
 10
3630.567656352591
 20
1155.900270160948
 30
0.0
 11
3630.384677834626
 21
1156.412895128512
 31
0.0
  0
LINE
  5
6D4
330
5F6
100
AcDbEntity
  8
Layer 1
  6
Solid
 62
     0
370
     0
100
AcDbLine
 10
3630.384677834626
 20
1156.412895128512
 30
0.0
 11
3630.183705523407
 21
1156.920243212795
 31
0.0
  0
LINE
  5
6D5
330
5F6
100
AcDbEntity
  8
Layer 1
  6
Solid
 62
     0
370
     0
100
AcDbLine
 10
3630.183705523407
 20
1156.920243212795
 30
0.0
 11
3629.964868672895
 21
1157.422146610414
 31
0.0
  0
LINE
  5
6D6
330
5F6
100
AcDbEntity
  8
Layer 1
  6
Solid
 62
     0
370
     0
100
AcDbLine
 10
3629.964868672895
 20
1157.422146610414
 30
0.0
 11
3629.72829653705
 21
1157.918437517983
 31
0.0
  0
ELLIPSE
  5
6D7
330
5F6
100
AcDbEntity
  8
Layer 1
  6
Solid
 62
     0
370
     0
100
AcDbEllipse
 10
3629.764117016089
 20
1157.93602902065
 30
0.0
 11
0.0351571993453469
 21
0.0188824791373957
 31
0.0
210
0.0
220
0.0
230
0.9999999999999998
 40
0.9978700769999999
 41
1.607245400399999
 42
3.10514358
  0
LINE
  5
6D8
330
5F6
100
AcDbEntity
  8
Layer 1
  6
Solid
 62
     0
370
     0
100
AcDbLine
 10
3629.74400610647
 20
1157.970399939913
 30
0.0
 11
3633.182589167005
 21
1159.955847829021
 31
0.0
  0
ELLIPSE
  5
6D9
330
5F6
100
AcDbEntity
  8
Layer 1
  6
Solid
 62
     0
370
     0
100
AcDbEllipse
 10
3633.196397837789
 20
1159.932263108116
 30
0.0
 11
0.0239516406175026
 21
0.0132751403337823
 31
0.0
210
0.0
220
0.0
230
0.9999999999999998
 40
0.9980019999999999
 41
6.259647202
 42
7.8775197385
  0
ELLIPSE
  5
6DA
330
5F6
100
AcDbEntity
  8
Layer 1
  6
Solid
 62
     0
370
     0
100
AcDbEllipse
 10
3458.761052530245
 20
1103.269679216611
 30
0.0
 11
175.8123566169429
 21
53.35510536033464
 31
0.0
210
0.0
220
0.0
230
1.0
 40
0.3241990936
 41
6.201615235299998
 42
6.3431547086
  0
ELLIPSE
  5
6DB
330
5F6
100
AcDbEntity
  8
Layer 1
  6
Solid
 62
     0
370
     0
100
AcDbEllipse
 10
3635.369875914197
 20
1151.801480725174
 30
0.0
 11
0.0284056168394148
 21
0.0008527927434123
 31
0.0
210
0.0
220
0.0
230
1.0
 40
0.9818013185999998
 41
4.6818200421
 42
6.313754245399999
  0
LINE
  5
6DC
330
5F6
100
AcDbEntity
  8
Layer 1
  6
Solid
 62
     0
370
     0
100
AcDbLine
 10
3635.369844601751
 20
1151.773579017607
 30
0.0
 11
3631.385656110946
 21
1151.773579017607
 31
0.0
  0
ELLIPSE
  5
6DD
330
5F6
100
AcDbEntity
  8
Layer 1
  6
Solid
 62
     0
370
     0
100
AcDbEllipse
 10
3631.385654601353
 20
1151.799620612254
 30
0.0
 11
0.0006353499648289
 21
-0.0260338614421081
 31
0.0
210
0.0
220
0.0
230
1.0
 40
0.9988109398
 41
4.736759888899999
 42
6.2588143988
  0
ELLIPSE
  5
6DE
330
5F6
100
AcDbEntity
  8
Layer 1
  6
Solid
 62
     0
370
     0
100
AcDbEllipse
 10
3505.799732875644
 20
1235.215561210512
 30
0.0
 11
111.8647501427356
 21
-85.6617278146391
 31
0.0
210
0.0
220
0.0
230
1.0
 40
0.1217242531
 41
6.218049548899998
 42
6.3595890222
  0
LINE
  5
6DF
330
5F6
100
AcDbEntity
  8
Layer 1
  6
Solid
 62
     0
370
     0
100
AcDbLine
 10
3616.748566910199
 20
1148.8491822485
 30
0.0
 11
3616.539554530304
 21
1148.769582694538
 31
0.0
  0
LINE
  5
6E0
330
5F6
100
AcDbEntity
  8
Layer 1
  6
Solid
 62
     0
370
     0
100
AcDbLine
 10
3616.539554530304
 20
1148.769582694538
 30
0.0
 11
3616.318557697928
 21
1148.71361651841
 31
0.0
  0
LINE
  5
6E1
330
5F6
100
AcDbEntity
  8
Layer 1
  6
Solid
 62
     0
370
     0
100
AcDbLine
 10
3616.318557697928
 20
1148.71361651841
 30
0.0
 11
3616.083373967823
 21
1148.680594157485
 31
0.0
  0
LINE
  5
6E2
330
5F6
100
AcDbEntity
  8
Layer 1
  6
Solid
 62
     0
370
     0
100
AcDbLine
 10
3616.083373967823
 20
1148.680594157485
 30
0.0
 11
3615.843907186533
 21
1148.672147485412
 31
0.0
  0
LINE
  5
6E3
330
5F6
100
AcDbEntity
  8
Layer 1
  6
Solid
 62
     0
370
     0
100
AcDbLine
 10
3615.843907186533
 20
1148.672147485412
 30
0.0
 11
3615.604401862178
 21
1148.688112258848
 31
0.0
  0
LINE
  5
6E4
330
5F6
100
AcDbEntity
  8
Layer 1
  6
Solid
 62
     0
370
     0
100
AcDbLine
 10
3615.604401862178
 20
1148.688112258848
 30
0.0
 11
3615.369062300303
 21
1148.728324884006
 31
0.0
  0
LINE
  5
6E5
330
5F6
100
AcDbEntity
  8
Layer 1
  6
Solid
 62
     0
370
     0
100
AcDbLine
 10
3615.369062300303
 20
1148.728324884006
 30
0.0
 11
3615.147763838673
 21
1148.790684885346
 31
0.0
  0
LINE
  5
6E6
330
5F6
100
AcDbEntity
  8
Layer 1
  6
Solid
 62
     0
370
     0
100
AcDbLine
 10
3615.147763838673
 20
1148.790684885346
 30
0.0
 11
3614.938341141554
 21
1148.875767673674
 31
0.0
  0
ELLIPSE
  5
6E7
330
5F6
100
AcDbEntity
  8
Layer 1
  6
Solid
 62
     0
370
     0
100
AcDbEllipse
 10
3683.089474360122
 20
1206.375812824925
 30
0.0
 11
68.95856737444238
 21
56.88363260174242
 31
0.0
210
0.0
220
0.0
230
1.0
 40
0.1541690621
 41
3.0718997791
 42
3.2134392524
  0
LINE
  5
6E8
330
5F6
100
AcDbEntity
  8
Layer 1
  6
Solid
 62
     0
370
     0
100
AcDbLine
 10
3613.687617729973
 20
1150.370593625486
 30
0.0
 11
3613.657217844969
 21
1150.498031859448
 31
0.0
  0
LINE
  5
6E9
330
5F6
100
AcDbEntity
  8
Layer 1
  6
Solid
 62
     0
370
     0
100
AcDbLine
 10
3613.657217844969
 20
1150.498031859448
 30
0.0
 11
3613.628650646319
 21
1150.67295130093
 31
0.0
  0
LINE
  5
6EA
330
5F6
100
AcDbEntity
  8
Layer 1
  6
Solid
 62
     0
370
     0
100
AcDbLine
 10
3613.628650646319
 20
1150.67295130093
 30
0.0
 11
3613.614727785974
 21
1150.847931548844
 31
0.0
  0
LINE
  5
6EB
330
5F6
100
AcDbEntity
  8
Layer 1
  6
Solid
 62
     0
370
     0
100
AcDbLine
 10
3613.614727785974
 20
1150.847931548844
 30
0.0
 11
3613.615296577066
 21
1151.028194262724
 31
0.0
  0
LINE
  5
6EC
330
5F6
100
AcDbEntity
  8
Layer 1
  6
Solid
 62
     0
370
     0
100
AcDbLine
 10
3613.615296577066
 20
1151.028194262724
 30
0.0
 11
3613.630639866747
 21
1151.206846786172
 31
0.0
  0
LINE
  5
6ED
330
5F6
100
AcDbEntity
  8
Layer 1
  6
Solid
 62
     0
370
     0
100
AcDbLine
 10
3613.630639866747
 20
1151.206846786172
 30
0.0
 11
3613.660681147308
 21
1151.384843910003
 31
0.0
  0
LINE
  5
6EE
330
5F6
100
AcDbEntity
  8
Layer 1
  6
Solid
 62
     0
370
     0
100
AcDbLine
 10
3613.660681147308
 20
1151.384843910003
 30
0.0
 11
3613.704867276843
 21
1151.559449261768
 31
0.0
  0
LINE
  5
6EF
330
5F6
100
AcDbEntity
  8
Layer 1
  6
Solid
 62
     0
370
     0
100
AcDbLine
 10
3613.704867276843
 20
1151.559449261768
 30
0.0
 11
3613.762727405627
 21
1151.729784295023
 31
0.0
  0
LINE
  5
6F0
330
5F6
100
AcDbEntity
  8
Layer 1
  6
Solid
 62
     0
370
     0
100
AcDbLine
 10
3613.762727405627
 20
1151.729784295023
 30
0.0
 11
3613.833790683925
 21
1151.894970463336
 31
0.0
  0
LINE
  5
6F1
330
5F6
100
AcDbEntity
  8
Layer 1
  6
Solid
 62
     0
370
     0
100
AcDbLine
 10
3613.833790683925
 20
1151.894970463336
 30
0.0
 11
3613.91806738238
 21
1152.054961926185
 31
0.0
  0
LINE
  5
6F2
330
5F6
100
AcDbEntity
  8
Layer 1
  6
Solid
 62
     0
370
     0
100
AcDbLine
 10
3613.91806738238
 20
1152.054961926185
 30
0.0
 11
3614.014734377447
 21
1152.207968684445
 31
0.0
  0
LINE
  5
6F3
330
5F6
100
AcDbEntity
  8
Layer 1
  6
Solid
 62
     0
370
     0
100
AcDbLine
 10
3614.014734377447
 20
1152.207968684445
 30
0.0
 11
3614.123313230969
 21
1152.35309803262
 31
0.0
  0
LINE
  5
6F4
330
5F6
100
AcDbEntity
  8
Layer 1
  6
Solid
 62
     0
370
     0
100
AcDbLine
 10
3614.123313230969
 20
1152.35309803262
 30
0.0
 11
3614.243325504779
 21
1152.4894572652
 31
0.0
  0
LINE
  5
6F5
330
5F6
100
AcDbEntity
  8
Layer 1
  6
Solid
 62
     0
370
     0
100
AcDbLine
 10
3614.243325504779
 20
1152.4894572652
 30
0.0
 11
3614.373715776927
 21
1152.615638824621
 31
0.0
  0
LINE
  5
6F6
330
5F6
100
AcDbEntity
  8
Layer 1
  6
Solid
 62
     0
370
     0
100
AcDbLine
 10
3614.373715776927
 20
1152.615638824621
 30
0.0
 11
3614.514496067195
 21
1152.731357807551
 31
0.0
  0
LINE
  5
6F7
330
5F6
100
AcDbEntity
  8
Layer 1
  6
Solid
 62
     0
370
     0
100
AcDbLine
 10
3614.514496067195
 20
1152.731357807551
 30
0.0
 11
3614.660063524772
 21
1152.83247601337
 31
0.0
  0
LINE
  5
6F8
330
5F6
100
AcDbEntity
  8
Layer 1
  6
Solid
 62
     0
370
     0
100
AcDbLine
 10
3614.660063524772
 20
1152.83247601337
 30
0.0
 11
3614.814477228813
 21
1152.922190227953
 31
0.0
  0
LINE
  5
6F9
330
5F6
100
AcDbEntity
  8
Layer 1
  6
Solid
 62
     0
370
     0
100
AcDbLine
 10
3614.814477228813
 20
1152.922190227953
 30
0.0
 11
3615.064700211333
 21
1153.036212830575
 31
0.0
  0
LINE
  5
6FA
330
5F6
100
AcDbEntity
  8
Layer 1
  6
Solid
 62
     0
370
     0
100
AcDbLine
 10
3615.064700211333
 20
1153.036212830575
 30
0.0
 11
3615.320508700651
 21
1153.118089859836
 31
0.0
  0
LINE
  5
6FB
330
5F6
100
AcDbEntity
  8
Layer 1
  6
Solid
 62
     0
370
     0
100
AcDbLine
 10
3615.320508700651
 20
1153.118089859836
 30
0.0
 11
3615.585587918238
 21
1153.169056056437
 31
0.0
  0
LINE
  5
6FC
330
5F6
100
AcDbEntity
  8
Layer 1
  6
Solid
 62
     0
370
     0
100
AcDbLine
 10
3615.585587918238
 20
1153.169056056437
 30
0.0
 11
3615.851860983144
 21
1153.187385000581
 31
0.0
  0
LINE
  5
6FD
330
5F6
100
AcDbEntity
  8
Layer 1
  6
Solid
 62
     0
370
     0
100
AcDbLine
 10
3615.851860983144
 20
1153.187385000581
 30
0.0
 11
3616.062956783447
 21
1153.178987803719
 31
0.0
  0
LINE
  5
6FE
330
5F6
100
AcDbEntity
  8
Layer 1
  6
Solid
 62
     0
370
     0
100
AcDbLine
 10
3616.062956783447
 20
1153.178987803719
 30
0.0
 11
3616.272138808621
 21
1153.150501667977
 31
0.0
  0
LINE
  5
6FF
330
5F6
100
AcDbEntity
  8
Layer 1
  6
Solid
 62
     0
370
     0
100
AcDbLine
 10
3616.272138808621
 20
1153.150501667977
 30
0.0
 11
3616.478224519916
 21
1153.102175548878
 31
0.0
  0
LINE
  5
700
330
5F6
100
AcDbEntity
  8
Layer 1
  6
Solid
 62
     0
370
     0
100
AcDbLine
 10
3616.478224519916
 20
1153.102175548878
 30
0.0
 11
3616.680031378591
 21
1153.034258401944
 31
0.0
  0
LINE
  5
701
330
5F6
100
AcDbEntity
  8
Layer 1
  6
Solid
 62
     0
370
     0
100
AcDbLine
 10
3616.680031378591
 20
1153.034258401944
 30
0.0
 11
3616.873668957448
 21
1152.948354247183
 31
0.0
  0
LINE
  5
702
330
5F6
100
AcDbEntity
  8
Layer 1
  6
Solid
 62
     0
370
     0
100
AcDbLine
 10
3616.873668957448
 20
1152.948354247183
 30
0.0
 11
3617.060863587364
 21
1152.843884868246
 31
0.0
  0
LINE
  5
703
330
5F6
100
AcDbEntity
  8
Layer 1
  6
Solid
 62
     0
370
     0
100
AcDbLine
 10
3617.060863587364
 20
1152.843884868246
 30
0.0
 11
3617.240481742467
 21
1152.72108890216
 31
0.0
  0
LINE
  5
704
330
5F6
100
AcDbEntity
  8
Layer 1
  6
Solid
 62
     0
370
     0
100
AcDbLine
 10
3617.240481742467
 20
1152.72108890216
 30
0.0
 11
3617.411389896916
 21
1152.580204985945
 31
0.0
  0
ELLIPSE
  5
705
330
5F6
100
AcDbEntity
  8
Layer 1
  6
Solid
 62
     0
370
     0
100
AcDbEllipse
 10
3617.462250516468
 20
1152.635010768855
 30
0.0
 11
0.0639969387523104
 21
0.0387528266331233
 31
0.0
210
0.0
220
0.0
230
0.9999999999999998
 40
0.9919029673
 41
3.421979558
 42
4.432002075999998
  0
ELLIPSE
  5
706
330
5F6
100
AcDbEntity
  8
Layer 1
  6
Solid
 62
     0
370
     0
100
AcDbEllipse
 10
3622.065651944939
 20
1153.632746137141
 30
0.0
 11
80.99217757813613
 21
21.9308748431197
 31
0.0
210
0.0
220
0.0
230
1.0
 40
0.0019797798
 41
1.485351226299999
 42
1.6268906996
  0
ELLIPSE
  5
707
330
5F6
100
AcDbEntity
  8
Layer 1
  6
Solid
 62
     0
370
     0
100
AcDbEllipse
 10
3628.518055477438
 20
1154.82002705683
 30
0.0
 11
0.4217597978357503
 21
0.8438503794648443
 31
0.0
210
0.0
220
0.0
230
1.0
 40
0.0769639275
 41
6.2103781297
 42
6.351917603099999
  0
LINE
  5
708
330
5F6
100
AcDbEntity
  8
Layer 1
  6
Solid
 62
     0
370
     0
100
AcDbLine
 10
3628.943422280218
 20
1155.659280592427
 30
0.0
 11
3628.944026494425
 21
1155.658676378218
 31
0.0
  0
ELLIPSE
  5
709
330
5F6
100
AcDbEntity
  8
Layer 1
  6
Solid
 62
     0
370
     0
100
AcDbEllipse
 10
3627.497537679293
 20
1156.312436151808
 30
0.0
 11
1.446551157682744
 21
-0.6628293639623157
 31
0.0
210
0.0
220
0.0
230
0.9999999999999996
 40
0.0744476513
 41
6.211086042399998
 42
6.3526255157
  0
ELLIPSE
  5
70A
330
5F6
100
AcDbEntity
  8
Layer 1
  6
Solid
 62
     0
370
     0
100
AcDbEllipse
 10
3623.492201691192
 20
1153.086536492663
 30
0.0
 11
76.14769426799094
 21
33.6115211995694
 31
0.0
210
0.0
220
0.0
230
1.0
 40
0.00169489
 41
1.498486976999998
 42
1.640026450299999
  0
ELLIPSE
  5
70B
330
5F6
100
AcDbEntity
  8
Layer 1
  6
Solid
 62
     0
370
     0
100
AcDbEllipse
 10
3620.916436520385
 20
1148.942835450817
 30
0.0
 11
2.772862112924551
 21
-1.928031572820349
 31
0.0
210
0.0
220
0.0
230
1.0
 40
0.1214575878
 41
3.068989810199998
 42
3.2105292835
  0
LINE
  5
70C
330
5F6
100
AcDbEntity
  8
Layer 1
  6
Solid
 62
     0
370
     0
100
AcDbLine
 10
3598.517611597336
 20
1141.925491633377
 30
0.0
 11
3598.240573413335
 21
1142.481228347529
 31
0.0
  0
LINE
  5
70D
330
5F6
100
AcDbEntity
  8
Layer 1
  6
Solid
 62
     0
370
     0
100
AcDbLine
 10
3598.240573413335
 20
1142.481228347529
 30
0.0
 11
3597.981953367466
 21
1143.044214714527
 31
0.0
  0
LINE
  5
70E
330
5F6
100
AcDbEntity
  8
Layer 1
  6
Solid
 62
     0
370
     0
100
AcDbLine
 10
3597.981953367466
 20
1143.044214714527
 30
0.0
 11
3597.741822895147
 21
1143.614065543414
 31
0.0
  0
LINE
  5
70F
330
5F6
100
AcDbEntity
  8
Layer 1
  6
Solid
 62
     0
370
     0
100
AcDbLine
 10
3597.741822895147
 20
1143.614065543414
 30
0.0
 11
3597.520253431788
 21
1144.190395643251
 31
0.0
  0
LINE
  5
710
330
5F6
100
AcDbEntity
  8
Layer 1
  6
Solid
 62
     0
370
     0
100
AcDbLine
 10
3597.520253431788
 20
1144.190395643251
 30
0.0
 11
3597.275891718277
 21
1144.899523147302
 31
0.0
  0
LINE
  5
711
330
5F6
100
AcDbEntity
  8
Layer 1
  6
Solid
 62
     0
370
     0
100
AcDbLine
 10
3597.275891718277
 20
1144.899523147302
 30
0.0
 11
3597.059220063388
 21
1145.616972165401
 31
0.0
  0
LINE
  5
712
330
5F6
100
AcDbEntity
  8
Layer 1
  6
Solid
 62
     0
370
     0
100
AcDbLine
 10
3597.059220063388
 20
1145.616972165401
 30
0.0
 11
3596.870366985152
 21
1146.342049708206
 31
0.0
  0
LINE
  5
713
330
5F6
100
AcDbEntity
  8
Layer 1
  6
Solid
 62
     0
370
     0
100
AcDbLine
 10
3596.870366985152
 20
1146.342049708206
 30
0.0
 11
3596.709461001591
 21
1147.074062786358
 31
0.0
  0
LINE
  5
714
330
5F6
100
AcDbEntity
  8
Layer 1
  6
Solid
 62
     0
370
     0
100
AcDbLine
 10
3596.709461001591
 20
1147.074062786358
 30
0.0
 11
3596.576630630738
 21
1147.812318410515
 31
0.0
  0
LINE
  5
715
330
5F6
100
AcDbEntity
  8
Layer 1
  6
Solid
 62
     0
370
     0
100
AcDbLine
 10
3596.576630630738
 20
1147.812318410515
 30
0.0
 11
3596.472004390613
 21
1148.556123591316
 31
0.0
  0
LINE
  5
716
330
5F6
100
AcDbEntity
  8
Layer 1
  6
Solid
 62
     0
370
     0
100
AcDbLine
 10
3596.472004390613
 20
1148.556123591316
 30
0.0
 11
3596.395710799237
 21
1149.304785339427
 31
0.0
  0
LINE
  5
717
330
5F6
100
AcDbEntity
  8
Layer 1
  6
Solid
 62
     0
370
     0
100
AcDbLine
 10
3596.395710799237
 20
1149.304785339427
 30
0.0
 11
3596.347878374637
 21
1150.057610665487
 31
0.0
  0
ELLIPSE
  5
718
330
5F6
100
AcDbEntity
  8
Layer 1
  6
Solid
 62
     0
370
     0
100
AcDbEllipse
 10
3598.944915815935
 20
1147.600823600942
 30
0.0
 11
2.591426652902817
 21
-2.476277960061255
 31
0.0
210
0.0
220
0.0
230
0.9999999999999998
 40
0.0692297965
 41
3.069269982799998
 42
3.214065812699998
  0
LINE
  5
719
330
5F6
100
AcDbEntity
  8
Layer 1
  6
Solid
 62
     0
370
     0
100
AcDbLine
 10
3596.372651157185
 20
1150.083591876452
 30
0.0
 11
3600.345963792236
 21
1150.083591876452
 31
0.0
  0
ELLIPSE
  5
71A
330
5F6
100
AcDbEntity
  8
Layer 1
  6
Solid
 62
     0
370
     0
100
AcDbEllipse
 10
3600.345933674484
 20
1150.046638879109
 30
0.0
 11
0.0375281970338676
 21
0.000954605200021
 31
0.0
210
0.0
220
0.0
230
1.0
 40
0.9843442549
 41
0.0258358314
 42
1.544960495399998
  0
ELLIPSE
  5
71B
330
5F6
100
AcDbEntity
  8
Layer 1
  6
Solid
 62
     0
370
     0
100
AcDbEllipse
 10
3725.467246301207
 20
1184.389061992068
 30
0.0
 11
124.43076282722
 21
38.00371802119292
 31
0.0
210
0.0
220
0.0
230
0.9999999999999996
 40
0.3434257835999999
 41
3.058819429999998
 42
3.200358903299998
  0
ELLIPSE
  5
71C
330
5F6
100
AcDbEntity
  8
Layer 1
  6
Solid
 62
     0
370
     0
100
AcDbEllipse
 10
3601.982787393819
 20
1143.923965606738
 30
0.0
 11
0.0183221962745429
 21
-0.0347232012459251
 31
0.0
210
0.0
220
0.0
230
1.0
 40
0.9939779738
 41
0.0293616398
 42
1.541434686899999
  0
LINE
  5
71D
330
5F6
100
AcDbEntity
  8
Layer 1
  6
Solid
 62
     0
370
     0
100
AcDbLine
 10
3602.002114937717
 20
1143.889792025188
 30
0.0
 11
3598.572595090308
 21
1141.909177849748
 31
0.0
  0
ELLIPSE
  5
71E
330
5F6
100
AcDbEntity
  8
Layer 1
  6
Solid
 62
     0
370
     0
100
AcDbEllipse
 10
3598.5526380573
 20
1141.943845770463
 30
0.0
 11
0.0192737226950224
 21
-0.0350526152856582
 31
0.0
210
0.0
220
0.0
230
0.9999999999999998
 40
0.9885451381999999
 41
4.6925585848
 42
6.303015702799998
  0
LINE
  5
71F
330
5F6
100
AcDbEntity
  8
Layer 1
  6
Solid
 62
     7
370
     0
100
AcDbLine
 10
3635.395825812715
 20
1150.057610665487
 30
0.0
 11
3635.347993388116
 21
1149.304785339427
 31
0.0
  0
LINE
  5
720
330
5F6
100
AcDbEntity
  8
Layer 1
  6
Solid
 62
     7
370
     0
100
AcDbLine
 10
3635.347993388116
 20
1149.304785339427
 30
0.0
 11
3635.271699796739
 21
1148.556123591316
 31
0.0
  0
LINE
  5
721
330
5F6
100
AcDbEntity
  8
Layer 1
  6
Solid
 62
     7
370
     0
100
AcDbLine
 10
3635.271699796739
 20
1148.556123591316
 30
0.0
 11
3635.167073556614
 21
1147.812318410515
 31
0.0
  0
LINE
  5
722
330
5F6
100
AcDbEntity
  8
Layer 1
  6
Solid
 62
     7
370
     0
100
AcDbLine
 10
3635.167073556614
 20
1147.812318410515
 30
0.0
 11
3635.03424318576
 21
1147.074062786358
 31
0.0
  0
LINE
  5
723
330
5F6
100
AcDbEntity
  8
Layer 1
  6
Solid
 62
     7
370
     0
100
AcDbLine
 10
3635.03424318576
 20
1147.074062786358
 30
0.0
 11
3634.873337202201
 21
1146.342049708206
 31
0.0
  0
LINE
  5
724
330
5F6
100
AcDbEntity
  8
Layer 1
  6
Solid
 62
     7
370
     0
100
AcDbLine
 10
3634.873337202201
 20
1146.342049708206
 30
0.0
 11
3634.684484123964
 21
1145.616972165401
 31
0.0
  0
LINE
  5
725
330
5F6
100
AcDbEntity
  8
Layer 1
  6
Solid
 62
     7
370
     0
100
AcDbLine
 10
3634.684484123964
 20
1145.616972165401
 30
0.0
 11
3634.467812469075
 21
1144.899523147302
 31
0.0
  0
LINE
  5
726
330
5F6
100
AcDbEntity
  8
Layer 1
  6
Solid
 62
     7
370
     0
100
AcDbLine
 10
3634.467812469075
 20
1144.899523147302
 30
0.0
 11
3634.223450755565
 21
1144.190395643251
 31
0.0
  0
LINE
  5
727
330
5F6
100
AcDbEntity
  8
Layer 1
  6
Solid
 62
     7
370
     0
100
AcDbLine
 10
3634.223450755565
 20
1144.190395643251
 30
0.0
 11
3634.001881292206
 21
1143.614065543414
 31
0.0
  0
LINE
  5
728
330
5F6
100
AcDbEntity
  8
Layer 1
  6
Solid
 62
     7
370
     0
100
AcDbLine
 10
3634.001881292206
 20
1143.614065543414
 30
0.0
 11
3633.761750819888
 21
1143.044214714527
 31
0.0
  0
LINE
  5
729
330
5F6
100
AcDbEntity
  8
Layer 1
  6
Solid
 62
     7
370
     0
100
AcDbLine
 10
3633.761750819888
 20
1143.044214714527
 30
0.0
 11
3633.503130774017
 21
1142.481228347529
 31
0.0
  0
LINE
  5
72A
330
5F6
100
AcDbEntity
  8
Layer 1
  6
Solid
 62
     7
370
     0
100
AcDbLine
 10
3633.503130774017
 20
1142.481228347529
 30
0.0
 11
3633.226092590017
 21
1141.925491633377
 31
0.0
  0
ELLIPSE
  5
72B
330
5F6
100
AcDbEntity
  8
Layer 1
  6
Solid
 62
     7
370
     0
100
AcDbEllipse
 10
3633.191066130052
 20
1141.943845770463
 30
0.0
 11
-0.0192737226950224
 21
-0.0350526152856582
 31
0.0
210
0.0
220
0.0
230
-0.9999999999999998
 40
0.9885451381999999
 41
4.6925585848
 42
6.303015702799998
  0
LINE
  5
72C
330
5F6
100
AcDbEntity
  8
Layer 1
  6
Solid
 62
     7
370
     0
100
AcDbLine
 10
3633.171109097044
 20
1141.909177849748
 30
0.0
 11
3629.741589249637
 21
1143.889792025188
 31
0.0
  0
ELLIPSE
  5
72D
330
5F6
100
AcDbEntity
  8
Layer 1
  6
Solid
 62
     7
370
     0
100
AcDbEllipse
 10
3629.760916793534
 20
1143.923965606738
 30
0.0
 11
-0.0183221962745429
 21
-0.0347232012459251
 31
0.0
210
0.0
220
0.0
230
-1.0
 40
0.9939779738
 41
0.0293616398
 42
1.541434686999999
  0
ELLIPSE
  5
72E
330
5F6
100
AcDbEntity
  8
Layer 1
  6
Solid
 62
     7
370
     0
100
AcDbEllipse
 10
3506.276457886146
 20
1184.389061992068
 30
0.0
 11
-124.43076282722
 21
38.00371802119292
 31
0.0
210
0.0
220
0.0
230
-0.9999999999999996
 40
0.3434257835999999
 41
3.058819429999998
 42
3.200358903299998
  0
ELLIPSE
  5
72F
330
5F6
100
AcDbEntity
  8
Layer 1
  6
Solid
 62
     7
370
     0
100
AcDbEllipse
 10
3631.397770512869
 20
1150.046638879109
 30
0.0
 11
-0.0375281970338676
 21
0.000954605200021
 31
0.0
210
0.0
220
0.0
230
-1.0
 40
0.9843442549
 41
0.0258358314
 42
1.544960495399998
  0
LINE
  5
730
330
5F6
100
AcDbEntity
  8
Layer 1
  6
Solid
 62
     7
370
     0
100
AcDbLine
 10
3631.397740395116
 20
1150.083591876452
 30
0.0
 11
3635.371053030168
 21
1150.083591876452
 31
0.0
  0
ELLIPSE
  5
731
330
5F6
100
AcDbEntity
  8
Layer 1
  6
Solid
 62
     7
370
     0
100
AcDbEllipse
 10
3632.798788371417
 20
1147.600823600942
 30
0.0
 11
-2.59142665293907
 21
-2.476277960091466
 31
0.0
210
0.0
220
0.0
230
-0.9999999999999998
 40
0.0692297965
 41
3.069269982799998
 42
3.214065812699998
  0
LINE
  5
732
330
5F6
100
AcDbEntity
  8
Layer 1
  6
Solid
 62
     0
370
     0
100
AcDbLine
 10
3633.226092590017
 20
1141.925491633377
 30
0.0
 11
3633.503130774017
 21
1142.481228347529
 31
0.0
  0
LINE
  5
733
330
5F6
100
AcDbEntity
  8
Layer 1
  6
Solid
 62
     0
370
     0
100
AcDbLine
 10
3633.503130774017
 20
1142.481228347529
 30
0.0
 11
3633.761750819888
 21
1143.044214714527
 31
0.0
  0
LINE
  5
734
330
5F6
100
AcDbEntity
  8
Layer 1
  6
Solid
 62
     0
370
     0
100
AcDbLine
 10
3633.761750819888
 20
1143.044214714527
 30
0.0
 11
3634.001881292206
 21
1143.614065543414
 31
0.0
  0
LINE
  5
735
330
5F6
100
AcDbEntity
  8
Layer 1
  6
Solid
 62
     0
370
     0
100
AcDbLine
 10
3634.001881292206
 20
1143.614065543414
 30
0.0
 11
3634.223450755565
 21
1144.190395643251
 31
0.0
  0
LINE
  5
736
330
5F6
100
AcDbEntity
  8
Layer 1
  6
Solid
 62
     0
370
     0
100
AcDbLine
 10
3634.223450755565
 20
1144.190395643251
 30
0.0
 11
3634.467812469075
 21
1144.899523147302
 31
0.0
  0
LINE
  5
737
330
5F6
100
AcDbEntity
  8
Layer 1
  6
Solid
 62
     0
370
     0
100
AcDbLine
 10
3634.467812469075
 20
1144.899523147302
 30
0.0
 11
3634.684484123964
 21
1145.616972165401
 31
0.0
  0
LINE
  5
738
330
5F6
100
AcDbEntity
  8
Layer 1
  6
Solid
 62
     0
370
     0
100
AcDbLine
 10
3634.684484123964
 20
1145.616972165401
 30
0.0
 11
3634.873337202201
 21
1146.342049708206
 31
0.0
  0
LINE
  5
739
330
5F6
100
AcDbEntity
  8
Layer 1
  6
Solid
 62
     0
370
     0
100
AcDbLine
 10
3634.873337202201
 20
1146.342049708206
 30
0.0
 11
3635.03424318576
 21
1147.074062786358
 31
0.0
  0
LINE
  5
73A
330
5F6
100
AcDbEntity
  8
Layer 1
  6
Solid
 62
     0
370
     0
100
AcDbLine
 10
3635.03424318576
 20
1147.074062786358
 30
0.0
 11
3635.167073556614
 21
1147.812318410515
 31
0.0
  0
LINE
  5
73B
330
5F6
100
AcDbEntity
  8
Layer 1
  6
Solid
 62
     0
370
     0
100
AcDbLine
 10
3635.167073556614
 20
1147.812318410515
 30
0.0
 11
3635.271699796739
 21
1148.556123591316
 31
0.0
  0
LINE
  5
73C
330
5F6
100
AcDbEntity
  8
Layer 1
  6
Solid
 62
     0
370
     0
100
AcDbLine
 10
3635.271699796739
 20
1148.556123591316
 30
0.0
 11
3635.347993388116
 21
1149.304785339427
 31
0.0
  0
LINE
  5
73D
330
5F6
100
AcDbEntity
  8
Layer 1
  6
Solid
 62
     0
370
     0
100
AcDbLine
 10
3635.347993388116
 20
1149.304785339427
 30
0.0
 11
3635.395825812715
 21
1150.057610665487
 31
0.0
  0
ELLIPSE
  5
73E
330
5F6
100
AcDbEntity
  8
Layer 1
  6
Solid
 62
     0
370
     0
100
AcDbEllipse
 10
3632.798788371417
 20
1147.600823600942
 30
0.0
 11
-2.591426652902818
 21
-2.476277960061256
 31
0.0
210
0.0
220
0.0
230
-1.0
 40
0.0692297965
 41
3.069269982799998
 42
3.214065812699998
  0
LINE
  5
73F
330
5F6
100
AcDbEntity
  8
Layer 1
  6
Solid
 62
     0
370
     0
100
AcDbLine
 10
3635.371053030168
 20
1150.083591876452
 30
0.0
 11
3631.397740395116
 21
1150.083591876452
 31
0.0
  0
ELLIPSE
  5
740
330
5F6
100
AcDbEntity
  8
Layer 1
  6
Solid
 62
     0
370
     0
100
AcDbEllipse
 10
3631.397770512869
 20
1150.046638879109
 30
0.0
 11
-0.0375281970338676
 21
0.000954605200021
 31
0.0
210
0.0
220
0.0
230
-1.0
 40
0.9843442549
 41
0.0258358314
 42
1.544960495399998
  0
ELLIPSE
  5
741
330
5F6
100
AcDbEntity
  8
Layer 1
  6
Solid
 62
     0
370
     0
100
AcDbEllipse
 10
3506.276457886146
 20
1184.389061992068
 30
0.0
 11
-124.43076282722
 21
38.00371802119292
 31
0.0
210
0.0
220
0.0
230
-0.9999999999999996
 40
0.3434257835999999
 41
3.058819429999998
 42
3.200358903299998
  0
ELLIPSE
  5
742
330
5F6
100
AcDbEntity
  8
Layer 1
  6
Solid
 62
     0
370
     0
100
AcDbEllipse
 10
3629.760916793534
 20
1143.923965606738
 30
0.0
 11
-0.0183221962745429
 21
-0.0347232012459251
 31
0.0
210
0.0
220
0.0
230
-1.0
 40
0.9939779738
 41
0.0293616398
 42
1.541434686899999
  0
LINE
  5
743
330
5F6
100
AcDbEntity
  8
Layer 1
  6
Solid
 62
     0
370
     0
100
AcDbLine
 10
3629.741589249637
 20
1143.889792025188
 30
0.0
 11
3633.171109097044
 21
1141.909177849748
 31
0.0
  0
ELLIPSE
  5
744
330
5F6
100
AcDbEntity
  8
Layer 1
  6
Solid
 62
     0
370
     0
100
AcDbEllipse
 10
3633.191066130052
 20
1141.943845770463
 30
0.0
 11
-0.0192737226950224
 21
-0.0350526152856582
 31
0.0
210
0.0
220
0.0
230
-0.9999999999999998
 40
0.9885451381999999
 41
4.6925585848
 42
6.303015702799998
  0
ENDBLK
  5
5F8
330
5F6
100
AcDbEntity
  8
0
100
AcDbBlockEnd
  0
BLOCK
  5
230B
330
22B7
100
AcDbEntity
  8
0
100
AcDbBlockBegin
  2
A$Cd3698986
 70
     0
 10
0.0
 20
0.0
 30
0.0
  3
A$Cd3698986
  1

  0
CIRCLE
  5
22B8
330
22B7
100
AcDbEntity
  8
0
  6
Continuous
100
AcDbCircle
 10
323.5772579682102
 20
211.5486672806751
 30
0.0
 40
1.5
  0
CIRCLE
  5
22B9
330
22B7
100
AcDbEntity
  8
0
  6
Continuous
100
AcDbCircle
 10
353.5772579682089
 20
211.5486672806751
 30
0.0
 40
1.5
  0
LWPOLYLINE
  5
22BA
330
22B7
100
AcDbEntity
  8
0
100
AcDbPolyline
 90
        8
 70
     1
 43
0.0
 10
358.0772579682121
 20
121.0486672806751
 42
0.4142135623730951
 10
362.577257968212
 20
125.5486672806751
 10
362.5772579682102
 20
210.5486672806751
 42
0.4142135623730951
 10
358.0772579682089
 20
215.0486672806751
 10
319.0772579682102
 20
215.0486672806751
 42
0.4142135623730951
 10
314.5772579682102
 20
210.5486672806751
 10
314.5772579682102
 20
125.5486672806751
 42
0.41421356237308
 10
319.077257968212
 20
121.0486672806751
  0
LWPOLYLINE
  5
22BB
330
22B7
100
AcDbEntity
  8
0
 62
     1
370
     0
100
AcDbPolyline
 90
       12
 70
     1
 43
0.0
 10
340.1233126199522
 20
195.9832357814041
 10
354.8398079952599
 20
178.0501616931062
 42
-0.4142135623730958
 10
354.5624987923093
 20
175.2353615925742
 10
353.7894714664371
 20
174.6009888681792
 42
-0.4142135623730937
 10
350.9746713659042
 20
174.8782980711314
 10
340.1233126199522
 20
188.1014341091013
 42
0.4729810491406656
 10
337.0312033164673
 20
188.1014341091013
 10
326.1798445705149
 20
174.8782980711314
 42
-0.4142135623730935
 10
323.3650444699833
 20
174.6009888681792
 10
322.5920171441126
 20
175.2353615925742
 42
-0.4142135623730975
 10
322.3147079411601
 20
178.0501616931062
 10
337.0312033164673
 20
195.9832357814041
 42
-0.4729810491406644
  0
LWPOLYLINE
  5
22BC
330
22B7
100
AcDbEntity
  8
0
 62
     1
370
     0
100
AcDbPolyline
 90
        8
 70
     1
 43
0.0
 10
338.0772579682102
 20
153.6792748547173
 10
339.0772579682102
 20
153.6792748547173
 42
0.4142135623730951
 10
341.0772579682102
 20
155.6792748547173
 10
341.0772579682102
 20
180.4180597066333
 42
0.4142135623730951
 10
339.0772579682102
 20
182.4180597066333
 10
338.0772579682102
 20
182.4180597066333
 42
0.4142135623730951
 10
336.0772579682102
 20
180.4180597066333
 10
336.0772579682102
 20
155.6792748547173
 42
0.4142135623730951
  0
LWPOLYLINE
  5
22BD
330
22B7
100
AcDbEntity
  8
0
 62
     1
370
     0
100
AcDbPolyline
 90
       12
 70
     1
 43
0.0
 10
340.1233126199522
 20
140.1140987799465
 10
354.8398079952599
 20
158.0471728682441
 42
0.4142135623730958
 10
354.5624987923093
 20
160.8619729687773
 10
353.7894714664371
 20
161.4963456931723
 42
0.4142135623730937
 10
350.9746713659042
 20
161.2190364902192
 10
340.1233126199522
 20
147.9959004522493
 42
-0.4729810491406656
 10
337.0312033164673
 20
147.9959004522493
 10
326.1798445705149
 20
161.2190364902192
 42
0.4142135623730935
 10
323.3650444699833
 20
161.4963456931723
 10
322.5920171441126
 20
160.8619729687773
 42
0.4142135623730975
 10
322.3147079411601
 20
158.0471728682441
 10
337.0312033164673
 20
140.1140987799465
 42
0.4729810491406644
  0
CIRCLE
  5
22BE
330
22B7
100
AcDbEntity
  8
0
  6
Continuous
100
AcDbCircle
 10
414.9416845920131
 20
211.5486672806751
 30
0.0
 40
1.5
  0
CIRCLE
  5
22BF
330
22B7
100
AcDbEntity
  8
0
  6
Continuous
100
AcDbCircle
 10
444.9416845920122
 20
211.5486672806751
 30
0.0
 40
1.5
  0
LWPOLYLINE
  5
22C0
330
22B7
100
AcDbEntity
  8
0
100
AcDbPolyline
 90
        8
 70
     1
 43
0.0
 10
449.441684592015
 20
121.0486672806751
 42
0.4142135623730951
 10
453.941684592015
 20
125.5486672806751
 10
453.9416845920132
 20
210.5486672806751
 42
0.4142135623730951
 10
449.4416845920122
 20
215.0486672806751
 10
410.4416845920131
 20
215.0486672806751
 42
0.4142135623730951
 10
405.9416845920131
 20
210.5486672806751
 10
405.941684592014
 20
125.5486672806751
 42
0.41421356237308
 10
410.4416845920159
 20
121.0486672806751
  0
LWPOLYLINE
  5
22C1
330
22B7
100
AcDbEntity
  8
0
 62
     1
370
     0
100
AcDbPolyline
 90
       12
 70
     1
 43
0.0
 10
431.487739243756
 20
179.5353168337433
 10
432.4842895311149
 20
178.1742601496962
 42
0.4193035509803229
 10
435.3073192512551
 20
177.7628332495462
 10
435.9408749264953
 20
178.2438166295583
 42
0.4142135623730836
 10
436.3244883390511
 20
181.0461086824512
 10
431.487739243756
 20
187.4171185060463
 42
0.4729810491406635
 10
428.3956299402707
 20
187.4171185060463
 10
423.5588808449761
 20
181.0461086824512
 42
0.4142135623730835
 10
423.9424942575332
 20
178.2438166295583
 10
424.5760499327734
 20
177.7628332495462
 42
0.4193035509803202
 10
427.3990796529119
 20
178.1742601496962
 10
428.3956299402707
 20
179.5353168337433
 42
-0.4729810491406635
  0
LWPOLYLINE
  5
22C2
330
22B7
100
AcDbEntity
  8
0
 62
     1
370
     0
100
AcDbPolyline
 90
       12
 70
     1
 43
0.0
 10
428.3956299402707
 20
155.6362585247564
 10
427.3990796529119
 20
156.9973152088032
 42
0.4193035509803229
 10
424.5760499327734
 20
157.4087421089534
 10
423.9424942575332
 20
156.9277587289423
 42
0.4142135623730833
 10
423.5588808449761
 20
154.1254666760492
 10
428.3956299402707
 20
147.7544568524531
 42
0.4729810491406635
 10
431.487739243756
 20
147.7544568524531
 10
436.3244883390511
 20
154.1254666760492
 42
0.4142135623730836
 10
435.9408749264953
 20
156.9277587289423
 10
435.3073192512551
 20
157.4087421089534
 42
0.4193035509803229
 10
432.4842895311149
 20
156.9973152088032
 10
431.487739243756
 20
155.6362585247564
 42
-0.4729810491406635
  0
LWPOLYLINE
  5
22C3
330
22B7
100
AcDbEntity
  8
0
 62
     1
370
     0
100
AcDbPolyline
 90
       12
 70
     1
 43
0.0
 10
441.8912137465071
 20
166.0397330275093
 10
440.5301570624601
 20
165.0431827401503
 42
0.4193035509803187
 10
440.1187301623099
 20
162.2201530200113
 10
440.5997135423222
 20
161.5865973447703
 42
0.4142135623730849
 10
443.402005595215
 20
161.2029839322142
 10
449.7730154188102
 20
166.0397330275093
 42
0.4729810491406693
 10
449.7730154188102
 20
169.1318423309944
 10
443.402005595215
 20
173.9685914262904
 42
0.4142135623730871
 10
440.5997135423222
 20
173.5849780137341
 10
440.1187301623099
 20
172.9514223384931
 42
0.4193035509803166
 10
440.5301570624601
 20
170.1283926183535
 10
441.8912137465071
 20
169.1318423309944
 42
-0.4729810491406693
  0
LWPOLYLINE
  5
22C4
330
22B7
100
AcDbEntity
  8
0
 62
     1
370
     0
100
AcDbPolyline
 90
       12
 70
     1
 43
0.0
 10
417.9921554375223
 20
169.1318423309944
 10
419.3532121215671
 20
170.1283926183535
 42
0.4193035509803107
 10
419.7646390217173
 20
172.9514223384931
 10
419.2836556417068
 20
173.5849780137341
 42
0.4142135623730937
 10
416.4813635888131
 20
173.9685914262904
 10
410.1103537652188
 20
169.1318423309944
 42
0.4729810491406635
 10
410.1103537652188
 20
166.0397330275093
 10
416.4813635888131
 20
161.2029839322142
 42
0.4142135623730887
 10
419.2836556417068
 20
161.5865973447703
 10
419.7646390217173
 20
162.2201530200113
 42
0.4193035509803141
 10
419.3532121215671
 20
165.0431827401503
 10
417.9921554375223
 20
166.0397330275093
 42
-0.4729810491406635
  0
CIRCLE
  5
22C5
330
22B7
100
AcDbEntity
  8
0
  6
Continuous
100
AcDbCircle
 10
247.830174659232
 20
211.5483379175773
 30
0.0
 40
1.5
  0
CIRCLE
  5
22C6
330
22B7
100
AcDbEntity
  8
0
  6
Continuous
100
AcDbCircle
 10
277.8301746592315
 20
211.5483379175773
 30
0.0
 40
1.5
  0
CIRCLE
  5
22C7
330
22B7
100
AcDbEntity
  8
0
  6
Continuous
100
AcDbCircle
 10
167.689745660175
 20
211.5483379175773
 30
0.0
 40
1.5
  0
CIRCLE
  5
22C8
330
22B7
100
AcDbEntity
  8
0
  6
Continuous
100
AcDbCircle
 10
197.6897456601732
 20
211.5483379175773
 30
0.0
 40
1.5
  0
CIRCLE
  5
22C9
330
22B7
100
AcDbEntity
  8
0
  6
Continuous
100
AcDbCircle
 10
96.14130471954513
 20
211.5483379175773
 30
0.0
 40
1.5
  0
CIRCLE
  5
22CA
330
22B7
100
AcDbEntity
  8
0
  6
Continuous
100
AcDbCircle
 10
126.1413047195451
 20
211.5483379175773
 30
0.0
 40
1.5
  0
CIRCLE
  5
22CB
330
22B7
100
AcDbEntity
  8
0
  6
Continuous
100
AcDbCircle
 10
9.0
 20
211.5483379175773
 30
0.0
 40
1.5
  0
CIRCLE
  5
22CC
330
22B7
100
AcDbEntity
  8
0
  6
Continuous
100
AcDbCircle
 10
38.99999999999909
 20
211.5483379175773
 30
0.0
 40
1.5
  0
ARC
  5
22CD
330
22B7
100
AcDbEntity
  8
0
 62
     5
100
AcDbCircle
 10
24.00000000000091
 20
177.6648849000914
 30
0.0
 40
12.97444015528526
100
AcDbArc
 50
0.0
 51
90.0
  0
ARC
  5
22CE
330
22B7
100
AcDbEntity
  8
0
 62
     5
100
AcDbCircle
 10
24.00000000000091
 20
177.6648849000914
 30
0.0
 40
12.47444015528526
100
AcDbArc
 50
0.0
 51
90.0
  0
ARC
  5
22CF
330
22B7
100
AcDbEntity
  8
0
 62
     5
100
AcDbCircle
 10
24.00000000000091
 20
158.4317909350641
 30
0.0
 40
12.97444015528526
100
AcDbArc
 50
180.0
 51
0.0
  0
ARC
  5
22D0
330
22B7
100
AcDbEntity
  8
0
 62
     5
100
AcDbCircle
 10
24.00000000000091
 20
158.4317909350641
 30
0.0
 40
12.47444015528526
100
AcDbArc
 50
180.0
 51
0.0
  0
LINE
  5
22D1
330
22B7
100
AcDbEntity
  8
0
 62
     5
100
AcDbLine
 10
11.0255598447161
 20
172.0483379175773
 30
0.0
 11
11.0255598447161
 21
158.4317909350641
 31
0.0
  0
LINE
  5
22D2
330
22B7
100
AcDbEntity
  8
0
 62
     5
100
AcDbLine
 10
11.52555984471746
 20
172.0483379175773
 30
0.0
 11
11.52555984471746
 21
158.4317909350641
 31
0.0
  0
LINE
  5
22D3
330
22B7
100
AcDbEntity
  8
0
 62
     5
100
AcDbLine
 10
36.97444015528708
 20
177.6648849000914
 30
0.0
 11
36.97444015528708
 21
158.4317909350641
 31
0.0
  0
LINE
  5
22D4
330
22B7
100
AcDbEntity
  8
0
 62
     5
100
AcDbLine
 10
36.47444015528618
 20
177.6648849000914
 30
0.0
 11
36.47444015528618
 21
158.4317909350641
 31
0.0
  0
LINE
  5
22D5
330
22B7
100
AcDbEntity
  8
0
 62
     5
100
AcDbLine
 10
24.00000000000091
 20
172.0483379175773
 30
0.0
 11
36.97444015528708
 21
172.0483379175773
 31
0.0
  0
LINE
  5
22D6
330
22B7
100
AcDbEntity
  8
0
 62
     5
100
AcDbLine
 10
24.00000000000091
 20
172.5483379175773
 30
0.0
 11
36.97444015528708
 21
172.5483379175773
 31
0.0
  0
ARC
  5
22D7
330
22B7
100
AcDbEntity
  8
0
 62
     5
100
AcDbCircle
 10
111.1413047195469
 20
177.6648849000914
 30
0.0
 40
12.97444015528526
100
AcDbArc
 50
90.0
 51
180.0
  0
ARC
  5
22D8
330
22B7
100
AcDbEntity
  8
0
 62
     5
100
AcDbCircle
 10
111.1413047195469
 20
177.6648849000914
 30
0.0
 40
12.47444015528526
100
AcDbArc
 50
90.0
 51
180.0
  0
ARC
  5
22D9
330
22B7
100
AcDbEntity
  8
0
 62
     5
100
AcDbCircle
 10
111.1413047195469
 20
158.4317909350641
 30
0.0
 40
12.97444015528526
100
AcDbArc
 50
180.0
 51
0.0
  0
ARC
  5
22DA
330
22B7
100
AcDbEntity
  8
0
 62
     5
100
AcDbCircle
 10
111.1413047195469
 20
158.4317909350641
 30
0.0
 40
12.47444015528526
100
AcDbArc
 50
180.0
 51
0.0
  0
LINE
  5
22DB
330
22B7
100
AcDbEntity
  8
0
 62
     5
100
AcDbLine
 10
98.16686456426124
 20
177.6648849000914
 30
0.0
 11
98.16686456426124
 21
158.4317909350641
 31
0.0
  0
LINE
  5
22DC
330
22B7
100
AcDbEntity
  8
0
 62
     5
100
AcDbLine
 10
98.66686456426123
 20
177.6648849000914
 30
0.0
 11
98.66686456426123
 21
158.4317909350641
 31
0.0
  0
LINE
  5
22DD
330
22B7
100
AcDbEntity
  8
0
 62
     5
100
AcDbLine
 10
124.1157448748331
 20
172.0483379175773
 30
0.0
 11
124.1157448748331
 21
158.4317909350641
 31
0.0
  0
LINE
  5
22DE
330
22B7
100
AcDbEntity
  8
0
 62
     5
100
AcDbLine
 10
123.6157448748331
 20
172.0483379175773
 30
0.0
 11
123.6157448748331
 21
158.4317909350641
 31
0.0
  0
LINE
  5
22DF
330
22B7
100
AcDbEntity
  8
0
 62
     5
100
AcDbLine
 10
98.16686456426124
 20
172.0483379175773
 30
0.0
 11
111.1413047195469
 21
172.0483379175773
 31
0.0
  0
LINE
  5
22E0
330
22B7
100
AcDbEntity
  8
0
 62
     5
100
AcDbLine
 10
98.16686456426124
 20
172.5483379175773
 30
0.0
 11
111.1413047195469
 21
172.5483379175773
 31
0.0
  0
LWPOLYLINE
  5
22E1
330
22B7
100
AcDbEntity
  8
0
 62
     1
100
AcDbPolyline
 90
        4
 70
     1
 43
0.0
 10
24.00000000000091
 20
190.639325055376
 10
24.00000000000091
 20
172.0483379175773
 10
11.0255598447161
 20
172.0483379175773
 10
11.0255598447161
 20
177.6648849000914
 42
-0.4142135623730951
  0
LWPOLYLINE
  5
22E2
330
22B7
100
AcDbEntity
  8
0
 62
     1
100
AcDbPolyline
 90
        4
 70
     1
 43
0.0
 10
111.1413047195469
 20
190.639325055376
 10
111.1413047195469
 20
172.0483379175773
 10
124.1157448748304
 20
172.0483379175773
 10
124.1157448748304
 20
177.6648849000914
 42
0.4142135623730951
  0
LWPOLYLINE
  5
22E3
330
22B7
100
AcDbEntity
  8
0
 62
     1
370
     0
100
AcDbPolyline
 90
       38
 70
     1
 43
0.0
 10
262.6078301960693
 20
182.5928184228114
 10
251.297963360712
 20
182.5928184228114
 10
251.297963360712
 20
152.5946995167432
 10
255.2660168825759
 20
152.5946995167432
 10
255.2660168825759
 20
164.7914354572171
 10
263.3026967114183
 20
164.7914354572171
 10
264.6101429179312
 20
164.8371503595433
 10
265.8170163393279
 20
164.9468661251244
 10
266.9416029365379
 20
165.1205827539613
 10
267.9747597290961
 20
165.3491572655894
 10
268.9073437365378
 20
165.6508756209382
 10
270.5165082984013
 20
166.4280289604744
 10
271.1748028918901
 20
166.9034639446602
 10
271.7508106611913
 20
167.4520427725672
 10
272.3451043914242
 20
168.1651952488471
 10
272.9028261997973
 20
168.9972064711733
 10
273.3691182035177
 20
169.8840755762892
 10
273.7256944416581
 20
170.8166595837324
 10
273.9725549142172
 20
171.8041014739663
 10
274.127985582124
 20
172.8372582665254
 10
274.1828434649142
 20
173.9161299614095
 10
274.1828434649142
 20
173.9892738051301
 10
274.1188426016592
 20
175.0590025195492
 10
273.9451259728207
 20
176.0830163316432
 10
273.670836558867
 20
177.0704582218764
 10
273.2776883988672
 20
178.0121852097843
 10
272.9211121607272
 20
178.6704798032731
 10
272.3176754500278
 20
179.5390629474591
 10
271.6410948956113
 20
180.2887873456004
 10
270.8639415560742
 20
180.9196529976932
 10
270.1873610016551
 20
181.3310871186231
 10
269.2822059356095
 20
181.7425212395542
 10
268.2673351039798
 20
182.0716685362983
 10
267.1701774481653
 20
182.3093860283911
 10
266.8867450537473
 20
182.3551009307173
 10
266.0455908509562
 20
182.4556737158332
 10
265.0490059802564
 20
182.5379605400203
 10
263.8969904416508
 20
182.5745324618804
  0
LWPOLYLINE
  5
22E4
330
22B7
100
AcDbEntity
  8
0
 62
     1
370
     0
100
AcDbPolyline
 90
       25
 70
     1
 43
0.0
 10
255.2660168825759
 20
168.3297688972193
 10
255.2660168825759
 20
179.0544849828084
 10
262.9369774928132
 20
179.0544849828084
 10
263.7324167932793
 20
179.0453420023432
 10
264.9667191560702
 20
178.9996271000173
 10
265.9358750853739
 20
178.9173402758301
 10
266.6398845811882
 20
178.7893385493191
 10
266.6764565030494
 20
178.7710525883895
 10
267.6273264714218
 20
178.3870474088542
 10
268.4593376937483
 20
177.8018966590864
 10
269.154204209096
 20
177.0247433195511
 10
269.3187778574693
 20
176.7687398665273
 10
269.7484979393289
 20
175.8727277809453
 10
270.0045013923541
 20
174.8852858907123
 10
270.0867882165403
 20
173.7972712153623
 10
270.0776452360742
 20
173.3309792116413
 10
269.9313575486321
 20
172.2521075167574
 10
269.6113532323534
 20
171.3012375483843
 10
269.1267752677013
 20
170.4783693065233
 10
268.4776236546768
 20
169.7652168302434
 10
268.0936184751422
 20
169.4726414553602
 10
267.3621800379333
 20
169.0612073344291
 10
266.4935968937462
 20
168.7412030181501
 10
265.469583081654
 20
168.5126285065223
 10
263.0192643169999
 20
168.3297688972193
  0
LWPOLYLINE
  5
22E5
330
22B7
100
AcDbEntity
  8
0
 62
     1
370
     0
100
AcDbPolyline
 90
       51
 70
     1
 43
0.0
 10
191.0602242268824
 20
179.3287743967621
 10
190.3104998287449
 20
180.0144979316462
 10
189.707063118044
 20
180.4899329158322
 10
188.8567659347882
 20
181.0293687632743
 10
187.9424678882774
 20
181.4956607669962
 10
186.9641689785071
 20
181.8705229660661
 10
185.9127262250185
 20
182.1630983409502
 10
185.821296420368
 20
182.1813843018803
 10
185.025857119901
 20
182.3276719893224
 10
184.1024160929251
 20
182.4465307353694
 10
183.050973339436
 20
182.5288175595551
 10
181.8715288594339
 20
182.5745324618804
 10
180.5732256333881
 20
182.5928184228114
 10
170.2508006882653
 20
182.5928184228114
 10
170.2508006882653
 20
152.5946995167442
 10
181.066946578504
 20
152.5946995167442
 10
181.8166709766442
 20
152.6038424972093
 10
182.9229716129253
 20
152.65870038
 10
183.9652713859473
 20
152.7592731651161
 10
184.9618562566461
 20
152.9147038330231
 10
185.8944402640882
 20
153.1067064227911
 10
186.6990225450186
 20
153.3261379539533
 10
187.7047503961839
 20
153.6918571725584
 10
188.6281914231608
 20
154.1215772544194
 10
189.4693456259515
 20
154.6244411800014
 10
190.0270674343228
 20
155.0267323204661
 10
191.4990872892094
 20
156.4621802534914
 10
192.1939538045581
 20
157.3399063781421
 10
192.5231011013043
 20
157.8336273232594
 10
193.0168220464188
 20
158.6656385455851
 10
193.4648280892102
 20
159.5890795725624
 10
193.867119229677
 20
160.6039504041914
 10
194.2328384482798
 20
161.7011080600061
 10
194.4522699794443
 20
162.4965473604713
 10
194.6625585301422
 20
163.4565603093092
 10
194.8271321785132
 20
164.4622881604732
 10
194.9368479440941
 20
165.5137309139622
 10
195.0099917878174
 20
166.6200315502422
 10
195.0282777487473
 20
167.7537611279172
 10
195.0099917878174
 20
168.8600617641962
 10
194.9368479440941
 20
169.9572194200113
 10
194.817989198048
 20
171.0178051539653
 10
194.653415549677
 20
172.0418189660581
 10
194.4431269989782
 20
173.0292608562922
 10
194.1779805654901
 20
173.9801308246653
 10
193.867119229677
 20
174.9035718516431
 10
193.83969028828
 20
174.9675727148981
 10
193.4099702064191
 20
175.9641575855973
 10
192.9162492613031
 20
176.8967415930394
 10
192.3676704333957
 20
177.7653247372261
 10
191.7459477617662
 20
178.5699070181572
  0
LWPOLYLINE
  5
22E6
330
22B7
100
AcDbEntity
  8
0
 62
     1
370
     0
100
AcDbPolyline
 90
       40
 70
     1
 43
0.0
 10
174.218854210128
 20
156.1330329567463
 10
174.218854210128
 20
179.0544849828084
 10
180.5092247701309
 20
179.0544849828084
 10
181.8258139571103
 20
179.0270560414121
 10
183.0235443980414
 20
178.9539121976925
 10
184.047558210133
 20
178.8350534516453
 10
184.9252843347849
 20
178.661336822807
 10
185.64757979153
 20
178.4419052916453
 10
186.4978769747868
 20
178.0304711707142
 10
187.3024592557172
 20
177.4910353232721
 10
188.0613266343243
 20
176.8144547688532
 10
188.7561931496707
 20
176.0007295074574
 10
189.4053447626952
 20
175.0590025195492
 10
189.5059175478131
 20
174.9035718516431
 10
189.8807797468835
 20
174.1355614925721
 10
190.209927043626
 20
173.2944072897812
 10
190.4750734771155
 20
172.3618232823382
 10
190.6762190473473
 20
171.3560954311754
 10
190.8225067347898
 20
170.2589377753602
 10
190.9139365394412
 20
169.0794932953602
 10
190.9413654808372
 20
167.8177619911732
 10
190.9322225003711
 20
167.1046095148933
 10
190.8773646175809
 20
165.9617369567533
 10
190.7767918324639
 20
164.892008242333
 10
190.6213611645562
 20
163.8771374107055
 10
190.4202155943244
 20
162.9262674423323
 10
190.1642121412992
 20
162.0485413176802
 10
190.063639356184
 20
161.7468229623314
 10
189.6339192743253
 20
160.7136661697711
 10
189.1401983292071
 20
159.7810821623302
 10
188.582476520834
 20
158.9582139204692
 10
187.9607538492064
 20
158.2450614441893
 10
187.9516108687421
 20
158.2359184637241
 10
187.2110294510662
 20
157.6233387725601
 10
186.315017365484
 20
157.1021888860493
 10
185.2818605729253
 20
156.6907547651183
 10
184.8795694324603
 20
156.5718960190711
 10
184.0018433078094
 20
156.3798934293042
 10
182.996115456644
 20
156.2427487223283
 10
180.6189405357131
 20
156.1330329567463
  0
LWPOLYLINE
  5
22E7
330
22B7
100
AcDbEntity
  8
0
100
AcDbPolyline
 90
        8
 70
     1
 43
0.0
 10
43.50000000000091
 20
121.0483379175773
 42
0.4142135623730951
 10
48.00000000000091
 20
125.5483379175773
 10
48.0
 20
210.5483379175773
 42
0.4142135623730951
 10
43.49999999999909
 20
215.0483379175773
 10
4.49999999999909
 20
215.0483379175773
 42
0.4142135623730951
 10
0.0
 20
210.5483379175773
 10
0.0
 20
125.5483379175773
 42
0.41421356237308
 10
4.500000000002273
 20
121.0483379175773
  0
LWPOLYLINE
  5
22E8
330
22B7
100
AcDbEntity
  8
0
100
AcDbPolyline
 90
        8
 70
     1
 43
0.0
 10
87.1413047195474
 20
125.5483379175773
 42
0.41421356237308
 10
91.64130471954695
 20
121.0483379175773
 10
130.6413047195465
 20
121.0483379175773
 42
0.4142135623730951
 10
135.1413047195469
 20
125.5483379175773
 10
135.1413047195451
 20
210.5483379175773
 42
0.4142135623730951
 10
130.6413047195437
 20
215.0483379175773
 10
91.64130471954512
 20
215.0483379175773
 42
0.4142135623730951
 10
87.14130471954513
 20
210.5483379175773
  0
LWPOLYLINE
  5
22E9
330
22B7
100
AcDbEntity
  8
0
100
AcDbPolyline
 90
        8
 70
     1
 43
0.0
 10
158.689745660175
 20
125.5483379175773
 42
0.4142135623730951
 10
163.189745660175
 20
121.0483379175773
 10
202.1897456601764
 20
121.0483379175773
 42
0.4142135623730951
 10
206.6897456601764
 20
125.5483379175773
 10
206.6897456601746
 20
210.5483379175773
 42
0.4142135623730951
 10
202.1897456601746
 20
215.0483379175773
 10
163.189745660175
 20
215.0483379175773
 42
0.4142135623730951
 10
158.6897456601746
 20
210.5483379175773
  0
LWPOLYLINE
  5
22EA
330
22B7
100
AcDbEntity
  8
0
100
AcDbPolyline
 90
        8
 70
     1
 43
0.0
 10
238.8301746592333
 20
125.5483379175773
 42
0.41421356237308
 10
243.3301746592333
 20
121.0483379175773
 10
282.3301746592319
 20
121.0483379175773
 42
0.4142135623730951
 10
286.8301746592333
 20
125.5483379175773
 10
286.8301746592315
 20
210.5483379175773
 42
0.4142135623730951
 10
282.3301746592315
 20
215.0483379175773
 10
243.3301746592301
 20
215.0483379175773
 42
0.4142135623730951
 10
238.8301746592315
 20
210.5483379175773
  0
CIRCLE
  5
22EB
330
22B7
100
AcDbEntity
  8
0
  6
Continuous
100
AcDbCircle
 10
489.8916756663952
 20
211.5486672806751
 30
0.0
 40
1.5
  0
CIRCLE
  5
22EC
330
22B7
100
AcDbEntity
  8
0
  6
Continuous
100
AcDbCircle
 10
519.8916756663939
 20
211.5486672806751
 30
0.0
 40
1.5
  0
LWPOLYLINE
  5
22ED
330
22B7
100
AcDbEntity
  8
0
100
AcDbPolyline
 90
        8
 70
     1
 43
0.0
 10
524.3916756663971
 20
121.0486672806751
 42
0.4142135623730951
 10
528.891675666397
 20
125.5486672806751
 10
528.8916756663952
 20
210.5486672806751
 42
0.4142135623730951
 10
524.3916756663939
 20
215.0486672806751
 10
485.3916756663952
 20
215.0486672806751
 42
0.4142135623730951
 10
480.8916756663952
 20
210.5486672806751
 10
480.8916756663961
 20
125.5486672806751
 42
0.41421356237308
 10
485.391675666398
 20
121.0486672806751
  0
LWPOLYLINE
  5
22EE
330
22B7
100
AcDbEntity
  8
0
 62
     1
370
     0
100
AcDbPolyline
 90
        4
 70
     1
 43
0.0
 10
505.8916756663934
 20
183.5682656074943
 10
505.8916756663939
 20
187.5955269072062
 42
-0.1059895128735049
 10
513.8167030200115
 20
185.4677260381545
 10
511.7995457809093
 20
181.9820539008342
 42
0.0993042079364434
  0
LWPOLYLINE
  5
22EF
330
22B7
100
AcDbEntity
  8
0
 62
     1
370
     0
100
AcDbPolyline
 90
        4
 70
     1
 43
0.0
 10
513.5305842598723
 20
180.9803025422864
 10
515.5477414989763
 20
184.4659746796053
 42
-0.1043848880983103
 10
521.2735795252624
 20
178.7590803081043
 10
517.794611233638
 20
176.730382893005
 42
0.0977017439660475
  0
LWPOLYLINE
  5
22F0
330
22B7
100
AcDbEntity
  8
0
 62
     1
370
     0
100
AcDbPolyline
 90
        4
 70
     1
 43
0.0
 10
520.4112739932138
 20
169.0486672806751
 42
0.1001409294026145
 10
518.8020936213574
 20
175.0026736470854
 10
522.281061912979
 20
177.0313710621863
 42
-0.1068273761263324
 10
524.4385352929253
 20
169.0486672806741
  0
LWPOLYLINE
  5
22F1
330
22B7
100
AcDbEntity
  8
0
 62
     1
370
     0
100
AcDbPolyline
 90
        4
 70
     1
 43
0.0
 10
520.4112739932138
 20
167.0486672806742
 42
-0.1039252944356955
 10
518.6963552195593
 20
160.8870505176632
 10
522.2653126749414
 20
159.0355402786533
 42
0.107269970622747
 10
524.4385352929253
 20
167.0486672806751
  0
LWPOLYLINE
  5
22F2
330
22B7
100
AcDbEntity
  8
0
 62
     1
370
     0
100
AcDbPolyline
 90
        4
 70
     1
 43
0.0
 10
503.8916756663939
 20
183.5682656074943
 10
503.8916756663939
 20
187.5955269072062
 42
0.10598951287349
 10
495.9666483127753
 20
185.4677260381531
 10
497.9838055518789
 20
181.9820539008342
 42
-0.0993042079363251
  0
LWPOLYLINE
  5
22F3
330
22B7
100
AcDbEntity
  8
0
 62
     1
370
     0
100
AcDbPolyline
 90
        4
 70
     1
 43
0.0
 10
489.3720773395743
 20
167.0486672806742
 42
0.1039252944356889
 10
491.0869961132293
 20
160.8870505176632
 10
487.5180386578472
 20
159.0355402786533
 42
-0.1072699706227326
 10
485.3448160398629
 20
167.0486672806742
  0
LWPOLYLINE
  5
22F4
330
22B7
100
AcDbEntity
  8
0
 62
     1
370
     0
100
AcDbPolyline
 90
        4
 70
     1
 43
0.0
 10
488.5097718075271
 20
178.7590803081061
 10
491.9887400991501
 20
176.730382893005
 42
-0.0977017439659465
 10
496.2527670729173
 20
180.9803025422864
 10
494.2356098338122
 20
184.4659746796053
 42
0.1043848880983111
  0
LWPOLYLINE
  5
22F5
330
22B7
100
AcDbEntity
  8
0
 62
     1
370
     0
100
AcDbPolyline
 90
        4
 70
     1
 43
0.0
 10
485.3448160398629
 20
169.0486672806751
 42
-0.10682737612632
 10
487.5022894198082
 20
177.0313710621863
 10
490.9812577114312
 20
175.0026736470854
 42
0.1001409294025806
 10
489.3720773395743
 20
169.0486672806751
  0
LWPOLYLINE
  5
22F6
330
22B7
100
AcDbEntity
  8
0
 62
     1
370
     0
100
AcDbPolyline
 90
        3
 70
     1
 43
0.0
 10
506.2045345654401
 20
170.3988825207304
 10
517.8865092776264
 20
172.8542539444861
 10
507.4177814281833
 20
167.1181298855895
 42
-2.709382844936516
  0
CIRCLE
  5
22F7
330
22B7
100
AcDbEntity
  8
0
  6
Continuous
100
AcDbCircle
 10
153.0917903759018
 20
90.50000000000023
 30
0.0
 40
1.5
  0
CIRCLE
  5
22F8
330
22B7
100
AcDbEntity
  8
0
  6
Continuous
100
AcDbCircle
 10
183.0917903759018
 20
90.50000000000023
 30
0.0
 40
1.5
  0
CIRCLE
  5
22F9
330
22B7
100
AcDbEntity
  8
0
  6
Continuous
100
AcDbCircle
 10
105.0917903759018
 20
90.50000000000023
 30
0.0
 40
1.5
  0
CIRCLE
  5
22FA
330
22B7
100
AcDbEntity
  8
0
  6
Continuous
100
AcDbCircle
 10
135.0917903759013
 20
90.50000000000023
 30
0.0
 40
1.5
  0
LWPOLYLINE
  5
22FB
330
22B7
100
AcDbEntity
  8
0
 62
     1
100
AcDbPolyline
 90
        3
 70
     1
 43
0.0
 10
153.2947841789269
 20
36.59397438983524
 10
182.8887965728722
 20
36.59397438983524
 10
168.0917903758991
 20
59.40602561016817
  0
LWPOLYLINE
  5
22FC
330
22B7
100
AcDbEntity
  8
0
 62
     1
100
AcDbPolyline
 90
        3
 70
     1
 43
0.0
 10
105.2947841789269
 20
57.40602561016817
 10
134.8887965728722
 20
57.40602561016726
 10
120.0917903758991
 20
34.59397438983524
  0
CIRCLE
  5
22FD
330
22B7
100
AcDbEntity
  8
0
  6
Continuous
100
AcDbCircle
 10
57.09179037590229
 20
90.50000000000023
 30
0.0
 40
1.5
  0
CIRCLE
  5
22FE
330
22B7
100
AcDbEntity
  8
0
  6
Continuous
100
AcDbCircle
 10
87.0917903759023
 20
90.50000000000023
 30
0.0
 40
1.5
  0
LWPOLYLINE
  5
22FF
330
22B7
100
AcDbEntity
  8
0
 62
     1
100
AcDbPolyline
 90
        3
 70
     1
 43
0.0
 10
61.68576476573798
 20
32.20299380302231
 10
61.68576476573798
 20
61.79700619696814
 10
84.49781598607115
 20
46.99999999999431
  0
CIRCLE
  5
2300
330
22B7
100
AcDbEntity
  8
0
  6
Continuous
100
AcDbCircle
 10
9.091790375902291
 20
90.50000000000023
 30
0.0
 40
1.5
  0
CIRCLE
  5
2301
330
22B7
100
AcDbEntity
  8
0
  6
Continuous
100
AcDbCircle
 10
39.0917903759032
 20
90.50000000000023
 30
0.0
 40
1.5
  0
LWPOLYLINE
  5
2302
330
22B7
100
AcDbEntity
  8
0
 62
     1
100
AcDbPolyline
 90
        3
 70
     1
 43
0.0
 10
34.49781598607115
 20
61.79700619697837
 10
34.49781598607024
 20
32.20299380303322
 10
11.68576476573798
 20
47.00000000000613
  0
LWPOLYLINE
  5
2303
330
22B7
100
AcDbEntity
  8
0
100
AcDbPolyline
 90
        8
 70
     1
 43
0.0
 10
43.59179037590092
 20
94.00000000000137
 10
4.591790375902291
 20
94.00000000000137
 42
0.4142135623730951
 10
0.0917903759009278
 20
89.50000000000022
 10
0.091790375904111
 20
4.500000000000227
 42
0.4142135623730657
 10
4.59179037590411
 20
0.0000000000002274
 10
43.5917903759041
 20
0.0000000000002274
 42
0.4142135623730951
 10
48.0917903759032
 20
4.500000000000227
 10
48.09179037590093
 20
89.50000000000022
 42
0.4142135623730951
  0
LWPOLYLINE
  5
2304
330
22B7
100
AcDbEntity
  8
0
100
AcDbPolyline
 90
        8
 70
     0
 43
0.0
 10
48.0917903759032
 20
4.500000000000227
 42
0.4142135623730784
 10
52.59179037590411
 20
0.0000000000002274
 10
91.59179037590456
 20
0.0000000000002274
 42
0.4142135623730951
 10
96.09179037590321
 20
4.500000000000227
 10
96.09179037590138
 20
89.50000000000022
 42
0.4142135623730951
 10
91.59179037590138
 20
94.00000000000137
 10
52.59179037590229
 20
94.00000000000137
 42
0.4142135623730951
 10
48.09179037590093
 20
89.50000000000022
  0
LWPOLYLINE
  5
2305
330
22B7
100
AcDbEntity
  8
0
100
AcDbPolyline
 90
        8
 70
     0
 43
0.0
 10
96.09179037590321
 20
4.500000000000227
 42
0.4142135623730951
 10
100.5917903759045
 20
0.0000000000002274
 10
139.591790375905
 20
0.0000000000002274
 42
0.4142135623730951
 10
144.0917903759045
 20
4.500000000000227
 10
144.0917903759018
 20
89.50000000000022
 42
0.4142135623730951
 10
139.5917903759014
 20
94.00000000000137
 10
100.5917903759018
 20
94.00000000000137
 42
0.4142135623730951
 10
96.09179037590138
 20
89.50000000000022
  0
LWPOLYLINE
  5
2306
330
22B7
100
AcDbEntity
  8
0
100
AcDbPolyline
 90
        4
 70
     0
 43
0.0
 10
144.0917903759045
 20
4.500000000000227
 42
0.4142135623730784
 10
148.5917903759045
 20
0.0000000000002274
 10
187.5917903759045
 20
0.0000000000002274
 42
0.4142135623730951
 10
192.0917903759045
 20
4.500000000000227
  0
LWPOLYLINE
  5
2307
330
22B7
100
AcDbEntity
  8
0
100
AcDbPolyline
 90
        4
 70
     0
 43
0.0
 10
192.0917903759018
 20
89.50000000000022
 42
0.4142135623730951
 10
187.5917903759014
 20
94.00000000000137
 10
148.5917903759018
 20
94.00000000000137
 42
0.4142135623730802
 10
144.0917903759018
 20
89.50000000000022
  0
LINE
  5
2308
330
22B7
100
AcDbEntity
  8
0
100
AcDbLine
 10
192.0917903759018
 20
89.50000000000022
 30
0.0
 11
192.0917903759045
 21
4.500000000000227
 31
0.0
  0
ENDBLK
  5
230C
330
22B7
100
AcDbEntity
  8
0
100
AcDbBlockEnd
  0
ENDSEC
  0
SECTION
  2
ENTITIES
  0
CIRCLE
  5
2B5
330
1F
100
AcDbEntity
  8
0
  6
Continuous
100
AcDbCircle
 10
2983.613713035811
 20
1466.660701064369
 30
0.0
 40
1.5
  0
CIRCLE
  5
2B6
330
1F
100
AcDbEntity
  8
0
  6
Continuous
100
AcDbCircle
 10
3013.61371303581
 20
1466.660701064369
 30
0.0
 40
1.5
  0
LWPOLYLINE
  5
2B7
330
1F
100
AcDbEntity
  8
0
100
AcDbPolyline
 90
        8
 70
     1
 43
0.0
 10
3018.113713035813
 20
1376.160701064369
 42
0.4142135623730951
 10
3022.613713035813
 20
1380.660701064369
 10
3022.613713035811
 20
1465.660701064369
 42
0.4142135623730951
 10
3018.11371303581
 20
1470.160701064369
 10
2979.113713035811
 20
1470.160701064369
 42
0.4142135623730951
 10
2974.613713035811
 20
1465.660701064369
 10
2974.613713035811
 20
1380.660701064369
 42
0.41421356237308
 10
2979.113713035813
 20
1376.160701064369
  0
LWPOLYLINE
  5
2B8
330
1F
100
AcDbEntity
  8
0
 62
     1
370
     0
100
AcDbPolyline
 90
       12
 70
     1
 43
0.0
 10
3000.159767687553
 20
1451.095269565098
 10
3014.876263062861
 20
1433.1621954768
 42
-0.4142135623730958
 10
3014.59895385991
 20
1430.347395376268
 10
3013.825926534038
 20
1429.713022651873
 42
-0.4142135623730937
 10
3011.011126433505
 20
1429.990331854825
 10
3000.159767687553
 20
1443.213467892795
 42
0.4729810491406656
 10
2997.067658384068
 20
1443.213467892795
 10
2986.216299638116
 20
1429.990331854825
 42
-0.4142135623730935
 10
2983.401499537584
 20
1429.713022651873
 10
2982.628472211713
 20
1430.347395376268
 42
-0.4142135623730975
 10
2982.351163008761
 20
1433.1621954768
 10
2997.067658384068
 20
1451.095269565098
 42
-0.4729810491406644
  0
LWPOLYLINE
  5
2B9
330
1F
100
AcDbEntity
  8
0
 62
     1
370
     0
100
AcDbPolyline
 90
        8
 70
     1
 43
0.0
 10
2998.113713035811
 20
1408.791308638411
 10
2999.113713035811
 20
1408.791308638411
 42
0.4142135623730951
 10
3001.113713035811
 20
1410.791308638411
 10
3001.113713035811
 20
1435.530093490327
 42
0.4142135623730951
 10
2999.113713035811
 20
1437.530093490327
 10
2998.113713035811
 20
1437.530093490327
 42
0.4142135623730951
 10
2996.113713035811
 20
1435.530093490327
 10
2996.113713035811
 20
1410.791308638411
 42
0.4142135623730951
  0
LWPOLYLINE
  5
2BA
330
1F
100
AcDbEntity
  8
0
 62
     1
370
     0
100
AcDbPolyline
 90
       12
 70
     1
 43
0.0
 10
3000.159767687553
 20
1395.22613256364
 10
3014.876263062861
 20
1413.159206651938
 42
0.4142135623730958
 10
3014.59895385991
 20
1415.974006752471
 10
3013.825926534038
 20
1416.608379476866
 42
0.4142135623730937
 10
3011.011126433505
 20
1416.331070273913
 10
3000.159767687553
 20
1403.107934235943
 42
-0.4729810491406656
 10
2997.067658384068
 20
1403.107934235943
 10
2986.216299638116
 20
1416.331070273913
 42
0.4142135623730935
 10
2983.401499537584
 20
1416.608379476866
 10
2982.628472211713
 20
1415.974006752471
 42
0.4142135623730975
 10
2982.351163008761
 20
1413.159206651938
 10
2997.067658384068
 20
1395.22613256364
 42
0.4729810491406644
  0
CIRCLE
  5
2BB
330
1F
100
AcDbEntity
  8
0
  6
Continuous
100
AcDbCircle
 10
3074.978139659614
 20
1466.660701064369
 30
0.0
 40
1.5
  0
CIRCLE
  5
2BC
330
1F
100
AcDbEntity
  8
0
  6
Continuous
100
AcDbCircle
 10
3104.978139659613
 20
1466.660701064369
 30
0.0
 40
1.5
  0
LWPOLYLINE
  5
2BD
330
1F
100
AcDbEntity
  8
0
100
AcDbPolyline
 90
        8
 70
     1
 43
0.0
 10
3109.478139659616
 20
1376.160701064369
 42
0.4142135623730951
 10
3113.978139659616
 20
1380.660701064369
 10
3113.978139659614
 20
1465.660701064369
 42
0.4142135623730951
 10
3109.478139659613
 20
1470.160701064369
 10
3070.478139659614
 20
1470.160701064369
 42
0.4142135623730951
 10
3065.978139659614
 20
1465.660701064369
 10
3065.978139659615
 20
1380.660701064369
 42
0.41421356237308
 10
3070.478139659617
 20
1376.160701064369
  0
LWPOLYLINE
  5
2BE
330
1F
100
AcDbEntity
  8
0
 62
     1
370
     0
100
AcDbPolyline
 90
       12
 70
     1
 43
0.0
 10
3091.524194311357
 20
1434.647350617437
 10
3092.520744598716
 20
1433.28629393339
 42
0.4193035509803229
 10
3095.343774318856
 20
1432.87486703324
 10
3095.977329994096
 20
1433.355850413252
 42
0.4142135623730836
 10
3096.360943406652
 20
1436.158142466145
 10
3091.524194311357
 20
1442.52915228974
 42
0.4729810491406635
 10
3088.432085007872
 20
1442.52915228974
 10
3083.595335912577
 20
1436.158142466145
 42
0.4142135623730835
 10
3083.978949325134
 20
1433.355850413252
 10
3084.612505000374
 20
1432.87486703324
 42
0.4193035509803202
 10
3087.435534720513
 20
1433.28629393339
 10
3088.432085007872
 20
1434.647350617437
 42
-0.4729810491406635
  0
LWPOLYLINE
  5
2BF
330
1F
100
AcDbEntity
  8
0
 62
     1
370
     0
100
AcDbPolyline
 90
       12
 70
     1
 43
0.0
 10
3088.432085007872
 20
1410.74829230845
 10
3087.435534720513
 20
1412.109348992497
 42
0.4193035509803229
 10
3084.612505000374
 20
1412.520775892647
 10
3083.978949325134
 20
1412.039792512636
 42
0.4142135623730833
 10
3083.595335912577
 20
1409.237500459743
 10
3088.432085007872
 20
1402.866490636147
 42
0.4729810491406635
 10
3091.524194311357
 20
1402.866490636147
 10
3096.360943406652
 20
1409.237500459743
 42
0.4142135623730836
 10
3095.977329994096
 20
1412.039792512636
 10
3095.343774318856
 20
1412.520775892647
 42
0.4193035509803229
 10
3092.520744598716
 20
1412.109348992497
 10
3091.524194311357
 20
1410.74829230845
 42
-0.4729810491406635
  0
LWPOLYLINE
  5
2C0
330
1F
100
AcDbEntity
  8
0
 62
     1
370
     0
100
AcDbPolyline
 90
       12
 70
     1
 43
0.0
 10
3101.927668814108
 20
1421.151766811203
 10
3100.566612130061
 20
1420.155216523844
 42
0.4193035509803187
 10
3100.155185229911
 20
1417.332186803705
 10
3100.636168609923
 20
1416.698631128464
 42
0.4142135623730849
 10
3103.438460662816
 20
1416.315017715908
 10
3109.809470486411
 20
1421.151766811203
 42
0.4729810491406693
 10
3109.809470486411
 20
1424.243876114688
 10
3103.438460662816
 20
1429.080625209984
 42
0.4142135623730871
 10
3100.636168609923
 20
1428.697011797428
 10
3100.155185229911
 20
1428.063456122187
 42
0.4193035509803166
 10
3100.566612130061
 20
1425.240426402047
 10
3101.927668814108
 20
1424.243876114688
 42
-0.4729810491406693
  0
LWPOLYLINE
  5
2C1
330
1F
100
AcDbEntity
  8
0
 62
     1
370
     0
100
AcDbPolyline
 90
       12
 70
     1
 43
0.0
 10
3078.028610505123
 20
1424.243876114688
 10
3079.389667189168
 20
1425.240426402047
 42
0.4193035509803107
 10
3079.801094089318
 20
1428.063456122187
 10
3079.320110709308
 20
1428.697011797428
 42
0.4142135623730937
 10
3076.517818656414
 20
1429.080625209984
 10
3070.14680883282
 20
1424.243876114688
 42
0.4729810491406635
 10
3070.14680883282
 20
1421.151766811203
 10
3076.517818656414
 20
1416.315017715908
 42
0.4142135623730887
 10
3079.320110709308
 20
1416.698631128464
 10
3079.801094089318
 20
1417.332186803705
 42
0.4193035509803141
 10
3079.389667189168
 20
1420.155216523844
 10
3078.028610505123
 20
1421.151766811203
 42
-0.4729810491406635
  0
CIRCLE
  5
2EE
330
1F
100
AcDbEntity
  8
0
  6
Continuous
100
AcDbCircle
 10
2907.866629726833
 20
1466.660371701271
 30
0.0
 40
1.5
  0
CIRCLE
  5
2EF
330
1F
100
AcDbEntity
  8
0
  6
Continuous
100
AcDbCircle
 10
2937.866629726832
 20
1466.660371701271
 30
0.0
 40
1.5
  0
CIRCLE
  5
2F0
330
1F
100
AcDbEntity
  8
0
  6
Continuous
100
AcDbCircle
 10
2827.726200727776
 20
1466.660371701271
 30
0.0
 40
1.5
  0
CIRCLE
  5
2F1
330
1F
100
AcDbEntity
  8
0
  6
Continuous
100
AcDbCircle
 10
2857.726200727774
 20
1466.660371701271
 30
0.0
 40
1.5
  0
CIRCLE
  5
2F2
330
1F
100
AcDbEntity
  8
0
  6
Continuous
100
AcDbCircle
 10
2756.177759787146
 20
1466.660371701271
 30
0.0
 40
1.5
  0
CIRCLE
  5
2F3
330
1F
100
AcDbEntity
  8
0
  6
Continuous
100
AcDbCircle
 10
2786.177759787146
 20
1466.660371701271
 30
0.0
 40
1.5
  0
CIRCLE
  5
2F4
330
1F
100
AcDbEntity
  8
0
  6
Continuous
100
AcDbCircle
 10
2669.036455067601
 20
1466.660371701271
 30
0.0
 40
1.5
  0
CIRCLE
  5
2F5
330
1F
100
AcDbEntity
  8
0
  6
Continuous
100
AcDbCircle
 10
2699.0364550676
 20
1466.660371701271
 30
0.0
 40
1.5
  0
ARC
  5
2F6
330
1F
100
AcDbEntity
  8
0
 62
     5
100
AcDbCircle
 10
2684.036455067602
 20
1432.776918683785
 30
0.0
 40
12.97444015528526
100
AcDbArc
 50
0.0
 51
90.0
  0
ARC
  5
2F7
330
1F
100
AcDbEntity
  8
0
 62
     5
100
AcDbCircle
 10
2684.036455067602
 20
1432.776918683785
 30
0.0
 40
12.47444015528526
100
AcDbArc
 50
0.0
 51
90.0
  0
ARC
  5
2F8
330
1F
100
AcDbEntity
  8
0
 62
     5
100
AcDbCircle
 10
2684.036455067602
 20
1413.543824718758
 30
0.0
 40
12.97444015528526
100
AcDbArc
 50
180.0
 51
0.0
  0
ARC
  5
2F9
330
1F
100
AcDbEntity
  8
0
 62
     5
100
AcDbCircle
 10
2684.036455067602
 20
1413.543824718758
 30
0.0
 40
12.47444015528526
100
AcDbArc
 50
180.0
 51
0.0
  0
LINE
  5
2FA
330
1F
100
AcDbEntity
  8
0
 62
     5
100
AcDbLine
 10
2671.062014912317
 20
1427.160371701271
 30
0.0
 11
2671.062014912317
 21
1413.543824718758
 31
0.0
  0
LINE
  5
2FB
330
1F
100
AcDbEntity
  8
0
 62
     5
100
AcDbLine
 10
2671.562014912318
 20
1427.160371701271
 30
0.0
 11
2671.562014912318
 21
1413.543824718758
 31
0.0
  0
LINE
  5
2FC
330
1F
100
AcDbEntity
  8
0
 62
     5
100
AcDbLine
 10
2697.010895222888
 20
1432.776918683785
 30
0.0
 11
2697.010895222888
 21
1413.543824718758
 31
0.0
  0
LINE
  5
2FD
330
1F
100
AcDbEntity
  8
0
 62
     5
100
AcDbLine
 10
2696.510895222887
 20
1432.776918683785
 30
0.0
 11
2696.510895222887
 21
1413.543824718758
 31
0.0
  0
LINE
  5
2FE
330
1F
100
AcDbEntity
  8
0
 62
     5
100
AcDbLine
 10
2684.036455067602
 20
1427.160371701271
 30
0.0
 11
2697.010895222888
 21
1427.160371701271
 31
0.0
  0
LINE
  5
2FF
330
1F
100
AcDbEntity
  8
0
 62
     5
100
AcDbLine
 10
2684.036455067602
 20
1427.660371701271
 30
0.0
 11
2697.010895222888
 21
1427.660371701271
 31
0.0
  0
ARC
  5
300
330
1F
100
AcDbEntity
  8
0
 62
     5
100
AcDbCircle
 10
2771.177759787148
 20
1432.776918683785
 30
0.0
 40
12.97444015528526
100
AcDbArc
 50
90.0
 51
180.0
  0
ARC
  5
301
330
1F
100
AcDbEntity
  8
0
 62
     5
100
AcDbCircle
 10
2771.177759787148
 20
1432.776918683785
 30
0.0
 40
12.47444015528526
100
AcDbArc
 50
90.0
 51
180.0
  0
ARC
  5
302
330
1F
100
AcDbEntity
  8
0
 62
     5
100
AcDbCircle
 10
2771.177759787148
 20
1413.543824718758
 30
0.0
 40
12.97444015528526
100
AcDbArc
 50
180.0
 51
0.0
  0
ARC
  5
303
330
1F
100
AcDbEntity
  8
0
 62
     5
100
AcDbCircle
 10
2771.177759787148
 20
1413.543824718758
 30
0.0
 40
12.47444015528526
100
AcDbArc
 50
180.0
 51
0.0
  0
LINE
  5
304
330
1F
100
AcDbEntity
  8
0
 62
     5
100
AcDbLine
 10
2758.203319631862
 20
1432.776918683785
 30
0.0
 11
2758.203319631862
 21
1413.543824718758
 31
0.0
  0
LINE
  5
305
330
1F
100
AcDbEntity
  8
0
 62
     5
100
AcDbLine
 10
2758.703319631862
 20
1432.776918683785
 30
0.0
 11
2758.703319631862
 21
1413.543824718758
 31
0.0
  0
LINE
  5
306
330
1F
100
AcDbEntity
  8
0
 62
     5
100
AcDbLine
 10
2784.152199942434
 20
1427.160371701271
 30
0.0
 11
2784.152199942434
 21
1413.543824718758
 31
0.0
  0
LINE
  5
307
330
1F
100
AcDbEntity
  8
0
 62
     5
100
AcDbLine
 10
2783.652199942434
 20
1427.160371701271
 30
0.0
 11
2783.652199942434
 21
1413.543824718758
 31
0.0
  0
LINE
  5
308
330
1F
100
AcDbEntity
  8
0
 62
     5
100
AcDbLine
 10
2758.203319631862
 20
1427.160371701271
 30
0.0
 11
2771.177759787148
 21
1427.160371701271
 31
0.0
  0
LINE
  5
309
330
1F
100
AcDbEntity
  8
0
 62
     5
100
AcDbLine
 10
2758.203319631862
 20
1427.660371701271
 30
0.0
 11
2771.177759787148
 21
1427.660371701271
 31
0.0
  0
LWPOLYLINE
  5
30A
330
1F
100
AcDbEntity
  8
0
 62
     1
100
AcDbPolyline
 90
        4
 70
     1
 43
0.0
 10
2684.036455067602
 20
1445.75135883907
 10
2684.036455067602
 20
1427.160371701271
 10
2671.062014912317
 20
1427.160371701271
 10
2671.062014912317
 20
1432.776918683785
 42
-0.4142135623730951
  0
LWPOLYLINE
  5
30B
330
1F
100
AcDbEntity
  8
0
 62
     1
100
AcDbPolyline
 90
        4
 70
     1
 43
0.0
 10
2771.177759787148
 20
1445.75135883907
 10
2771.177759787148
 20
1427.160371701271
 10
2784.152199942431
 20
1427.160371701271
 10
2784.152199942431
 20
1432.776918683785
 42
0.4142135623730951
  0
LWPOLYLINE
  5
30C
330
1F
100
AcDbEntity
  8
0
 62
     1
370
     0
100
AcDbPolyline
 90
       38
 70
     1
 43
0.0
 10
2922.64428526367
 20
1437.704852206505
 10
2911.334418428313
 20
1437.704852206505
 10
2911.334418428313
 20
1407.706733300437
 10
2915.302471950177
 20
1407.706733300437
 10
2915.302471950177
 20
1419.903469240911
 10
2923.339151779019
 20
1419.903469240911
 10
2924.646597985532
 20
1419.949184143237
 10
2925.853471406929
 20
1420.058899908818
 10
2926.978058004139
 20
1420.232616537655
 10
2928.011214796697
 20
1420.461191049283
 10
2928.943798804139
 20
1420.762909404632
 10
2930.552963366002
 20
1421.540062744168
 10
2931.211257959491
 20
1422.015497728354
 10
2931.787265728792
 20
1422.564076556261
 10
2932.381559459025
 20
1423.277229032541
 10
2932.939281267398
 20
1424.109240254867
 10
2933.405573271119
 20
1424.996109359983
 10
2933.762149509259
 20
1425.928693367426
 10
2934.009009981818
 20
1426.91613525766
 10
2934.164440649725
 20
1427.949292050219
 10
2934.219298532515
 20
1429.028163745103
 10
2934.219298532515
 20
1429.101307588824
 10
2934.15529766926
 20
1430.171036303243
 10
2933.981581040422
 20
1431.195050115337
 10
2933.707291626468
 20
1432.18249200557
 10
2933.314143466468
 20
1433.124218993478
 10
2932.957567228328
 20
1433.782513586967
 10
2932.354130517629
 20
1434.651096731153
 10
2931.677549963212
 20
1435.400821129294
 10
2930.900396623675
 20
1436.031686781387
 10
2930.223816069256
 20
1436.443120902317
 10
2929.318661003211
 20
1436.854555023248
 10
2928.303790171581
 20
1437.183702319992
 10
2927.206632515766
 20
1437.421419812085
 10
2926.923200121348
 20
1437.467134714411
 10
2926.082045918557
 20
1437.567707499527
 10
2925.085461047857
 20
1437.649994323714
 10
2923.933445509252
 20
1437.686566245574
  0
LWPOLYLINE
  5
30D
330
1F
100
AcDbEntity
  8
0
 62
     1
370
     0
100
AcDbPolyline
 90
       25
 70
     1
 43
0.0
 10
2915.302471950177
 20
1423.441802680913
 10
2915.302471950177
 20
1434.166518766502
 10
2922.973432560414
 20
1434.166518766502
 10
2923.76887186088
 20
1434.157375786037
 10
2925.003174223671
 20
1434.111660883711
 10
2925.972330152975
 20
1434.029374059524
 10
2926.676339648789
 20
1433.901372333013
 10
2926.71291157065
 20
1433.883086372083
 10
2927.663781539023
 20
1433.499081192548
 10
2928.495792761349
 20
1432.91393044278
 10
2929.190659276697
 20
1432.136777103245
 10
2929.35523292507
 20
1431.880773650221
 10
2929.78495300693
 20
1430.984761564639
 10
2930.040956459955
 20
1429.997319674406
 10
2930.123243284141
 20
1428.909304999056
 10
2930.114100303675
 20
1428.443012995335
 10
2929.967812616233
 20
1427.364141300451
 10
2929.647808299954
 20
1426.413271332078
 10
2929.163230335302
 20
1425.590403090217
 10
2928.514078722278
 20
1424.877250613937
 10
2928.130073542743
 20
1424.584675239054
 10
2927.398635105534
 20
1424.173241118123
 10
2926.530051961347
 20
1423.853236801844
 10
2925.506038149255
 20
1423.624662290216
 10
2923.055719384601
 20
1423.441802680913
  0
LWPOLYLINE
  5
30E
330
1F
100
AcDbEntity
  8
0
 62
     1
370
     0
100
AcDbPolyline
 90
       51
 70
     1
 43
0.0
 10
2851.096679294483
 20
1434.440808180456
 10
2850.346954896346
 20
1435.12653171534
 10
2849.743518185645
 20
1435.601966699526
 10
2848.893221002389
 20
1436.141402546968
 10
2847.978922955878
 20
1436.60769455069
 10
2847.000624046108
 20
1436.98255674976
 10
2845.94918129262
 20
1437.275132124644
 10
2845.857751487969
 20
1437.293418085574
 10
2845.062312187502
 20
1437.439705773016
 10
2844.138871160526
 20
1437.558564519063
 10
2843.087428407037
 20
1437.640851343249
 10
2841.907983927035
 20
1437.686566245574
 10
2840.609680700989
 20
1437.704852206505
 10
2830.287255755866
 20
1437.704852206505
 10
2830.287255755866
 20
1407.706733300438
 10
2841.103401646105
 20
1407.706733300438
 10
2841.853126044245
 20
1407.715876280903
 10
2842.959426680526
 20
1407.770734163694
 10
2844.001726453548
 20
1407.87130694881
 10
2844.998311324247
 20
1408.026737616717
 10
2845.930895331689
 20
1408.218740206485
 10
2846.73547761262
 20
1408.438171737647
 10
2847.741205463785
 20
1408.803890956252
 10
2848.664646490762
 20
1409.233611038113
 10
2849.505800693552
 20
1409.736474963695
 10
2850.063522501924
 20
1410.13876610416
 10
2851.53554235681
 20
1411.574214037185
 10
2852.230408872159
 20
1412.451940161836
 10
2852.559556168905
 20
1412.945661106953
 10
2853.05327711402
 20
1413.777672329279
 10
2853.501283156811
 20
1414.701113356256
 10
2853.903574297278
 20
1415.715984187885
 10
2854.269293515881
 20
1416.8131418437
 10
2854.488725047045
 20
1417.608581144165
 10
2854.699013597743
 20
1418.568594093003
 10
2854.863587246114
 20
1419.574321944167
 10
2854.973303011695
 20
1420.625764697656
 10
2855.046446855418
 20
1421.732065333936
 10
2855.064732816348
 20
1422.865794911611
 10
2855.046446855418
 20
1423.97209554789
 10
2854.973303011695
 20
1425.069253203705
 10
2854.854444265649
 20
1426.129838937659
 10
2854.689870617278
 20
1427.153852749752
 10
2854.479582066579
 20
1428.141294639986
 10
2854.214435633091
 20
1429.092164608359
 10
2853.903574297278
 20
1430.015605635337
 10
2853.876145355881
 20
1430.079606498592
 10
2853.44642527402
 20
1431.076191369291
 10
2852.952704328904
 20
1432.008775376733
 10
2852.404125500997
 20
1432.87735852092
 10
2851.782402829367
 20
1433.681940801851
  0
LWPOLYLINE
  5
30F
330
1F
100
AcDbEntity
  8
0
 62
     1
370
     0
100
AcDbPolyline
 90
       40
 70
     1
 43
0.0
 10
2834.255309277729
 20
1411.24506674044
 10
2834.255309277729
 20
1434.166518766502
 10
2840.545679837732
 20
1434.166518766502
 10
2841.862269024711
 20
1434.139089825106
 10
2843.059999465642
 20
1434.065945981386
 10
2844.084013277734
 20
1433.947087235339
 10
2844.961739402386
 20
1433.773370606501
 10
2845.684034859131
 20
1433.553939075339
 10
2846.534332042388
 20
1433.142504954408
 10
2847.338914323318
 20
1432.603069106966
 10
2848.097781701925
 20
1431.926488552547
 10
2848.792648217272
 20
1431.112763291151
 10
2849.441799830296
 20
1430.171036303243
 10
2849.542372615414
 20
1430.015605635337
 10
2849.917234814484
 20
1429.247595276266
 10
2850.246382111227
 20
1428.406441073475
 10
2850.511528544716
 20
1427.473857066032
 10
2850.712674114948
 20
1426.468129214869
 10
2850.858961802391
 20
1425.370971559054
 10
2850.950391607042
 20
1424.191527079054
 10
2850.977820548438
 20
1422.929795774867
 10
2850.968677567972
 20
1422.216643298587
 10
2850.913819685182
 20
1421.073770740447
 10
2850.813246900065
 20
1420.004042026027
 10
2850.657816232157
 20
1418.989171194399
 10
2850.456670661925
 20
1418.038301226026
 10
2850.2006672089
 20
1417.160575101374
 10
2850.100094423785
 20
1416.858856746025
 10
2849.670374341926
 20
1415.825699953465
 10
2849.176653396808
 20
1414.893115946024
 10
2848.618931588435
 20
1414.070247704163
 10
2847.997208916807
 20
1413.357095227883
 10
2847.988065936343
 20
1413.347952247418
 10
2847.247484518667
 20
1412.735372556254
 10
2846.351472433085
 20
1412.214222669743
 10
2845.318315640526
 20
1411.802788548812
 10
2844.916024500061
 20
1411.683929802765
 10
2844.03829837541
 20
1411.491927212998
 10
2843.032570524245
 20
1411.354782506022
 10
2840.655395603314
 20
1411.24506674044
  0
LWPOLYLINE
  5
310
330
1F
100
AcDbEntity
  8
0
100
AcDbPolyline
 90
        8
 70
     1
 43
0.0
 10
2703.536455067602
 20
1376.160371701271
 42
0.4142135623730951
 10
2708.036455067602
 20
1380.660371701271
 10
2708.036455067601
 20
1465.660371701271
 42
0.4142135623730951
 10
2703.5364550676
 20
1470.160371701271
 10
2664.5364550676
 20
1470.160371701271
 42
0.4142135623730951
 10
2660.036455067601
 20
1465.660371701271
 10
2660.036455067601
 20
1380.660371701271
 42
0.41421356237308
 10
2664.536455067603
 20
1376.160371701271
  0
LWPOLYLINE
  5
311
330
1F
100
AcDbEntity
  8
0
100
AcDbPolyline
 90
        8
 70
     1
 43
0.0
 10
2747.177759787148
 20
1380.660371701271
 42
0.41421356237308
 10
2751.677759787148
 20
1376.160371701271
 10
2790.677759787147
 20
1376.160371701271
 42
0.4142135623730951
 10
2795.177759787148
 20
1380.660371701271
 10
2795.177759787146
 20
1465.660371701271
 42
0.4142135623730951
 10
2790.677759787145
 20
1470.160371701271
 10
2751.677759787146
 20
1470.160371701271
 42
0.4142135623730951
 10
2747.177759787146
 20
1465.660371701271
  0
LWPOLYLINE
  5
312
330
1F
100
AcDbEntity
  8
0
100
AcDbPolyline
 90
        8
 70
     1
 43
0.0
 10
2818.726200727776
 20
1380.660371701271
 42
0.4142135623730951
 10
2823.226200727776
 20
1376.160371701271
 10
2862.226200727777
 20
1376.160371701271
 42
0.4142135623730951
 10
2866.726200727777
 20
1380.660371701271
 10
2866.726200727775
 20
1465.660371701271
 42
0.4142135623730951
 10
2862.226200727775
 20
1470.160371701271
 10
2823.226200727776
 20
1470.160371701271
 42
0.4142135623730951
 10
2818.726200727775
 20
1465.660371701271
  0
LWPOLYLINE
  5
313
330
1F
100
AcDbEntity
  8
0
100
AcDbPolyline
 90
        8
 70
     1
 43
0.0
 10
2898.866629726834
 20
1380.660371701271
 42
0.41421356237308
 10
2903.366629726834
 20
1376.160371701271
 10
2942.366629726833
 20
1376.160371701271
 42
0.4142135623730951
 10
2946.866629726834
 20
1380.660371701271
 10
2946.866629726832
 20
1465.660371701271
 42
0.4142135623730951
 10
2942.366629726832
 20
1470.160371701271
 10
2903.366629726831
 20
1470.160371701271
 42
0.4142135623730951
 10
2898.866629726832
 20
1465.660371701271
  0
POLYLINE
  5
1523
330
1F
100
AcDbEntity
  8
0
 62
     6
370
     0
100
AcDb2dPolyline
 66
     1
 10
0.0
 20
0.0
 30
0.0
 70
     1
  0
VERTEX
  5
1524
330
1523
100
AcDbEntity
  8
0
 62
     6
370
     0
100
AcDbVertex
100
AcDb2dVertex
 10
2726.447054550277
 20
1572.824606690647
 30
0.0
  0
VERTEX
  5
1525
330
1523
100
AcDbEntity
  8
0
 62
     6
370
     0
100
AcDbVertex
100
AcDb2dVertex
 10
2725.384509559649
 20
1572.824606690647
 30
0.0
  0
VERTEX
  5
1526
330
1523
100
AcDbEntity
  8
0
 62
     6
370
     0
100
AcDbVertex
100
AcDb2dVertex
 10
2725.384509559649
 20
1564.813017461313
 30
0.0
  0
VERTEX
  5
1527
330
1523
100
AcDbEntity
  8
0
 62
     6
370
     0
100
AcDbVertex
100
AcDb2dVertex
 10
2730.3784710156
 20
1564.813017461313
 30
0.0
  0
VERTEX
  5
1528
330
1523
100
AcDbEntity
  8
0
 62
     6
370
     0
100
AcDbVertex
100
AcDb2dVertex
 10
2730.3784710156
 20
1565.769307952878
 30
0.0
  0
VERTEX
  5
1529
330
1523
100
AcDbEntity
  8
0
 62
     6
370
     0
100
AcDbVertex
100
AcDb2dVertex
 10
2726.447054550277
 20
1565.769307952878
 30
0.0
  0
SEQEND
  5
152A
330
1523
100
AcDbEntity
  8
0
 62
     6
370
     0
  0
POLYLINE
  5
152B
330
1F
100
AcDbEntity
  8
0
 62
     6
370
     0
100
AcDb2dPolyline
 66
     1
 10
0.0
 20
0.0
 30
0.0
 70
     1
  0
VERTEX
  5
152C
330
152B
100
AcDbEntity
  8
0
 62
     6
370
     0
100
AcDbVertex
100
AcDb2dVertex
 10
2736.264970263678
 20
1565.53554805494
 30
0.0
  0
VERTEX
  5
152D
330
152B
100
AcDbEntity
  8
0
 62
     6
370
     0
100
AcDbVertex
100
AcDb2dVertex
 10
2735.287428872301
 20
1565.53554805494
 30
0.0
  0
VERTEX
  5
152E
330
152B
100
AcDbEntity
  8
0
 62
     6
370
     0
100
AcDbVertex
100
AcDb2dVertex
 10
2735.499937870426
 20
1564.813017461313
 30
0.0
  0
VERTEX
  5
152F
330
152B
100
AcDbEntity
  8
0
 62
     6
370
     0
100
AcDbVertex
100
AcDb2dVertex
 10
2736.519981061429
 20
1564.813017461313
 30
0.0
  0
VERTEX
  5
1530
330
152B
100
AcDbEntity
  8
0
 62
     6
370
     0
100
AcDbVertex
100
AcDb2dVertex
 10
2736.264970263678
 20
1565.514297155127
 30
0.0
  0
SEQEND
  5
1531
330
152B
100
AcDbEntity
  8
0
 62
     6
370
     0
  0
POLYLINE
  5
1532
330
1F
100
AcDbEntity
  8
0
 62
     6
370
     0
100
AcDb2dPolyline
 66
     1
 10
0.0
 20
0.0
 30
0.0
 70
     1
  0
VERTEX
  5
1533
330
1532
100
AcDbEntity
  8
0
 62
     6
370
     0
100
AcDbVertex
100
AcDb2dVertex
 10
2732.588564596106
 20
1568.021903333009
 30
0.0
  0
VERTEX
  5
1534
330
1532
100
AcDbEntity
  8
0
 62
     6
370
     0
100
AcDbVertex
100
AcDb2dVertex
 10
2731.887284902291
 20
1567.681888936008
 30
0.0
  0
VERTEX
  5
1535
330
1532
100
AcDbEntity
  8
0
 62
     6
370
     0
100
AcDbVertex
100
AcDb2dVertex
 10
2731.37726330679
 20
1567.129365540882
 30
0.0
  0
VERTEX
  5
1536
330
1532
100
AcDbEntity
  8
0
 62
     6
370
     0
100
AcDbVertex
100
AcDb2dVertex
 10
2731.186005208477
 20
1566.343082247817
 30
0.0
  0
VERTEX
  5
1537
330
1532
100
AcDbEntity
  8
0
 62
     6
370
     0
100
AcDbVertex
100
AcDb2dVertex
 10
2731.271008807727
 20
1565.811809752503
 30
0.0
  0
VERTEX
  5
1538
330
1532
100
AcDbEntity
  8
0
 62
     6
370
     0
100
AcDbVertex
100
AcDb2dVertex
 10
2731.696026803979
 20
1565.153031858314
 30
0.0
  0
VERTEX
  5
1539
330
1532
100
AcDbEntity
  8
0
 62
     6
370
     0
100
AcDbVertex
100
AcDb2dVertex
 10
2733.396098788983
 20
1565.45054445569
 30
0.0
  0
VERTEX
  5
153A
330
1532
100
AcDbEntity
  8
0
 62
     6
370
     0
100
AcDbVertex
100
AcDb2dVertex
 10
2733.268593390107
 20
1565.471795355502
 30
0.0
  0
VERTEX
  5
153B
330
1532
100
AcDbEntity
  8
0
 62
     6
370
     0
100
AcDbVertex
100
AcDb2dVertex
 10
2732.524811896668
 20
1565.726806153253
 30
0.0
  0
VERTEX
  5
153C
330
1532
100
AcDbEntity
  8
0
 62
     6
370
     0
100
AcDbVertex
100
AcDb2dVertex
 10
2732.227299299292
 20
1566.385584047442
 30
0.0
  0
VERTEX
  5
153D
330
1532
100
AcDbEntity
  8
0
 62
     6
370
     0
100
AcDbVertex
100
AcDb2dVertex
 10
2732.37605559798
 20
1566.853103843319
 30
0.0
  0
VERTEX
  5
153E
330
1532
100
AcDbEntity
  8
0
 62
     6
370
     0
100
AcDbVertex
100
AcDb2dVertex
 10
2732.758571794606
 20
1567.171867340507
 30
0.0
  0
VERTEX
  5
153F
330
1532
100
AcDbEntity
  8
0
 62
     6
370
     0
100
AcDbVertex
100
AcDb2dVertex
 10
2732.779822694419
 20
1567.171867340507
 30
0.0
  0
VERTEX
  5
1540
330
1532
100
AcDbEntity
  8
0
 62
     6
370
     0
100
AcDbVertex
100
AcDb2dVertex
 10
2733.608607787108
 20
1567.36312543882
 30
0.0
  0
VERTEX
  5
1541
330
1532
100
AcDbEntity
  8
0
 62
     6
370
     0
100
AcDbVertex
100
AcDb2dVertex
 10
2734.543647378861
 20
1567.53313263732
 30
0.0
  0
VERTEX
  5
1542
330
1532
100
AcDbEntity
  8
0
 62
     6
370
     0
100
AcDbVertex
100
AcDb2dVertex
 10
2735.223676172863
 20
1567.724390735634
 30
0.0
  0
SEQEND
  5
1543
330
1532
100
AcDbEntity
  8
0
 62
     6
370
     0
  0
POLYLINE
  5
1544
330
1F
100
AcDbEntity
  8
0
 62
     6
370
     0
100
AcDb2dPolyline
 66
     1
 10
0.0
 20
0.0
 30
0.0
 70
     1
  0
VERTEX
  5
1545
330
1544
100
AcDbEntity
  8
0
 62
     6
370
     0
100
AcDbVertex
100
AcDb2dVertex
 10
2731.781030403228
 20
1569.955735215952
 30
0.0
  0
VERTEX
  5
1546
330
1544
100
AcDbEntity
  8
0
 62
     6
370
     0
100
AcDbVertex
100
AcDb2dVertex
 10
2731.653525004353
 20
1569.764477117639
 30
0.0
  0
VERTEX
  5
1547
330
1544
100
AcDbEntity
  8
0
 62
     6
370
     0
100
AcDbVertex
100
AcDb2dVertex
 10
2731.356012406978
 20
1568.956942924762
 30
0.0
  0
VERTEX
  5
1548
330
1544
100
AcDbEntity
  8
0
 62
     6
370
     0
100
AcDbVertex
100
AcDb2dVertex
 10
2732.312302898542
 20
1568.829437525887
 30
0.0
  0
VERTEX
  5
1549
330
1544
100
AcDbEntity
  8
0
 62
     6
370
     0
100
AcDbVertex
100
AcDb2dVertex
 10
2732.37605559798
 20
1569.041946524012
 30
0.0
  0
VERTEX
  5
154A
330
1544
100
AcDbEntity
  8
0
 62
     6
370
     0
100
AcDbVertex
100
AcDb2dVertex
 10
2732.801073594231
 20
1569.700724418201
 30
0.0
  0
VERTEX
  5
154B
330
1544
100
AcDbEntity
  8
0
 62
     6
370
     0
100
AcDbVertex
100
AcDb2dVertex
 10
2732.971080792732
 20
1569.785728017452
 30
0.0
  0
VERTEX
  5
154C
330
1544
100
AcDbEntity
  8
0
 62
     6
370
     0
100
AcDbVertex
100
AcDb2dVertex
 10
2733.821116785235
 20
1569.93448431614
 30
0.0
  0
SEQEND
  5
154D
330
1544
100
AcDbEntity
  8
0
 62
     6
370
     0
  0
POLYLINE
  5
154E
330
1F
100
AcDbEntity
  8
0
 62
     6
370
     0
100
AcDb2dPolyline
 66
     1
 10
0.0
 20
0.0
 30
0.0
 70
     1
  0
VERTEX
  5
154F
330
154E
100
AcDbEntity
  8
0
 62
     6
370
     0
100
AcDbVertex
100
AcDb2dVertex
 10
2733.969873083923
 20
1570.742018509017
 30
0.0
  0
VERTEX
  5
1550
330
154E
100
AcDbEntity
  8
0
 62
     6
370
     0
100
AcDbVertex
100
AcDb2dVertex
 10
2733.417349688795
 20
1570.720767609204
 30
0.0
  0
VERTEX
  5
1551
330
154E
100
AcDbEntity
  8
0
 62
     6
370
     0
100
AcDbVertex
100
AcDb2dVertex
 10
2732.652317295543
 20
1570.550760410704
 30
0.0
  0
VERTEX
  5
1552
330
154E
100
AcDbEntity
  8
0
 62
     6
370
     0
100
AcDbVertex
100
AcDb2dVertex
 10
2732.418557397605
 20
1570.444505911641
 30
0.0
  0
VERTEX
  5
1553
330
154E
100
AcDbEntity
  8
0
 62
     6
370
     0
100
AcDbVertex
100
AcDb2dVertex
 10
2731.781030403228
 20
1569.955735215952
 30
0.0
  0
VERTEX
  5
1554
330
154E
100
AcDbEntity
  8
0
 62
     6
370
     0
100
AcDbVertex
100
AcDb2dVertex
 10
2733.821116785235
 20
1569.93448431614
 30
0.0
  0
VERTEX
  5
1555
330
154E
100
AcDbEntity
  8
0
 62
     6
370
     0
100
AcDbVertex
100
AcDb2dVertex
 10
2734.246134781485
 20
1569.891982516514
 30
0.0
  0
VERTEX
  5
1556
330
154E
100
AcDbEntity
  8
0
 62
     6
370
     0
100
AcDbVertex
100
AcDb2dVertex
 10
2734.9474144753
 20
1569.594469919138
 30
0.0
  0
VERTEX
  5
1557
330
154E
100
AcDbEntity
  8
0
 62
     6
370
     0
100
AcDbVertex
100
AcDb2dVertex
 10
2735.011167174738
 20
1569.530717219701
 30
0.0
  0
VERTEX
  5
1558
330
154E
100
AcDbEntity
  8
0
 62
     6
370
     0
100
AcDbVertex
100
AcDb2dVertex
 10
2735.223676172863
 20
1568.744433926636
 30
0.0
  0
VERTEX
  5
1559
330
154E
100
AcDbEntity
  8
0
 62
     6
370
     0
100
AcDbVertex
100
AcDb2dVertex
 10
2735.223676172863
 20
1568.489423128886
 30
0.0
  0
VERTEX
  5
155A
330
154E
100
AcDbEntity
  8
0
 62
     6
370
     0
100
AcDbVertex
100
AcDb2dVertex
 10
2735.138672573612
 20
1568.468172229073
 30
0.0
  0
VERTEX
  5
155B
330
154E
100
AcDbEntity
  8
0
 62
     6
370
     0
100
AcDbVertex
100
AcDb2dVertex
 10
2734.437392879798
 20
1568.298165030573
 30
0.0
  0
VERTEX
  5
155C
330
154E
100
AcDbEntity
  8
0
 62
     6
370
     0
100
AcDbVertex
100
AcDb2dVertex
 10
2733.459851488421
 20
1568.170659631697
 30
0.0
  0
VERTEX
  5
155D
330
154E
100
AcDbEntity
  8
0
 62
     6
370
     0
100
AcDbVertex
100
AcDb2dVertex
 10
2733.396098788983
 20
1568.149408731884
 30
0.0
  0
VERTEX
  5
155E
330
154E
100
AcDbEntity
  8
0
 62
     6
370
     0
100
AcDbVertex
100
AcDb2dVertex
 10
2732.588564596106
 20
1568.021903333009
 30
0.0
  0
VERTEX
  5
155F
330
154E
100
AcDbEntity
  8
0
 62
     6
370
     0
100
AcDbVertex
100
AcDb2dVertex
 10
2735.223676172863
 20
1567.724390735634
 30
0.0
  0
VERTEX
  5
1560
330
154E
100
AcDbEntity
  8
0
 62
     6
370
     0
100
AcDbVertex
100
AcDb2dVertex
 10
2735.223676172863
 20
1567.36312543882
 30
0.0
  0
VERTEX
  5
1561
330
154E
100
AcDbEntity
  8
0
 62
     6
370
     0
100
AcDbVertex
100
AcDb2dVertex
 10
2735.20242527305
 20
1567.150616440694
 30
0.0
  0
VERTEX
  5
1562
330
154E
100
AcDbEntity
  8
0
 62
     6
370
     0
100
AcDbVertex
100
AcDb2dVertex
 10
2735.053668974362
 20
1566.385584047442
 30
0.0
  0
VERTEX
  5
1563
330
154E
100
AcDbEntity
  8
0
 62
     6
370
     0
100
AcDbVertex
100
AcDb2dVertex
 10
2734.989916274924
 20
1566.27932954838
 30
0.0
  0
VERTEX
  5
1564
330
154E
100
AcDbEntity
  8
0
 62
     6
370
     0
100
AcDbVertex
100
AcDb2dVertex
 10
2734.416141979986
 20
1565.705555253441
 30
0.0
  0
VERTEX
  5
1565
330
154E
100
AcDbEntity
  8
0
 62
     6
370
     0
100
AcDbVertex
100
AcDb2dVertex
 10
2734.20363298186
 20
1565.62055165419
 30
0.0
  0
VERTEX
  5
1566
330
154E
100
AcDbEntity
  8
0
 62
     6
370
     0
100
AcDbVertex
100
AcDb2dVertex
 10
2733.396098788983
 20
1565.45054445569
 30
0.0
  0
VERTEX
  5
1567
330
154E
100
AcDbEntity
  8
0
 62
     6
370
     0
100
AcDbVertex
100
AcDb2dVertex
 10
2731.696026803979
 20
1565.153031858314
 30
0.0
  0
VERTEX
  5
1568
330
154E
100
AcDbEntity
  8
0
 62
     6
370
     0
100
AcDbVertex
100
AcDb2dVertex
 10
2732.291051998731
 20
1564.813017461313
 30
0.0
  0
VERTEX
  5
1569
330
154E
100
AcDbEntity
  8
0
 62
     6
370
     0
100
AcDbVertex
100
AcDb2dVertex
 10
2733.162338891045
 20
1564.685512062438
 30
0.0
  0
VERTEX
  5
156A
330
154E
100
AcDbEntity
  8
0
 62
     6
370
     0
100
AcDbVertex
100
AcDb2dVertex
 10
2733.438600588608
 20
1564.70676296225
 30
0.0
  0
VERTEX
  5
156B
330
154E
100
AcDbEntity
  8
0
 62
     6
370
     0
100
AcDbVertex
100
AcDb2dVertex
 10
2734.246134781485
 20
1564.876770160751
 30
0.0
  0
VERTEX
  5
156C
330
154E
100
AcDbEntity
  8
0
 62
     6
370
     0
100
AcDbVertex
100
AcDb2dVertex
 10
2734.586149178487
 20
1565.025526459439
 30
0.0
  0
VERTEX
  5
156D
330
154E
100
AcDbEntity
  8
0
 62
     6
370
     0
100
AcDbVertex
100
AcDb2dVertex
 10
2735.287428872301
 20
1565.53554805494
 30
0.0
  0
VERTEX
  5
156E
330
154E
100
AcDbEntity
  8
0
 62
     6
370
     0
100
AcDbVertex
100
AcDb2dVertex
 10
2736.264970263678
 20
1565.53554805494
 30
0.0
  0
VERTEX
  5
156F
330
154E
100
AcDbEntity
  8
0
 62
     6
370
     0
100
AcDbVertex
100
AcDb2dVertex
 10
2736.222468464053
 20
1566.151824149504
 30
0.0
  0
VERTEX
  5
1570
330
154E
100
AcDbEntity
  8
0
 62
     6
370
     0
100
AcDbVertex
100
AcDb2dVertex
 10
2736.201217564242
 20
1567.256870939757
 30
0.0
  0
VERTEX
  5
1571
330
154E
100
AcDbEntity
  8
0
 62
     6
370
     0
100
AcDbVertex
100
AcDb2dVertex
 10
2736.201217564242
 20
1568.553175828323
 30
0.0
  0
VERTEX
  5
1572
330
154E
100
AcDbEntity
  8
0
 62
     6
370
     0
100
AcDbVertex
100
AcDb2dVertex
 10
2736.201217564242
 20
1568.659430327386
 30
0.0
  0
VERTEX
  5
1573
330
154E
100
AcDbEntity
  8
0
 62
     6
370
     0
100
AcDbVertex
100
AcDb2dVertex
 10
2736.158715764616
 20
1569.466964520263
 30
0.0
  0
VERTEX
  5
1574
330
154E
100
AcDbEntity
  8
0
 62
     6
370
     0
100
AcDbVertex
100
AcDb2dVertex
 10
2735.86120316724
 20
1570.125742414452
 30
0.0
  0
VERTEX
  5
1575
330
154E
100
AcDbEntity
  8
0
 62
     6
370
     0
100
AcDbVertex
100
AcDb2dVertex
 10
2735.159923473425
 20
1570.572011310516
 30
0.0
  0
VERTEX
  5
1576
330
154E
100
AcDbEntity
  8
0
 62
     6
370
     0
100
AcDbVertex
100
AcDb2dVertex
 10
2734.841159976237
 20
1570.657014909766
 30
0.0
  0
SEQEND
  5
1577
330
154E
100
AcDbEntity
  8
0
 62
     6
370
     0
  0
POLYLINE
  5
1578
330
1F
100
AcDbEntity
  8
0
 62
     6
370
     0
100
AcDb2dPolyline
 66
     1
 10
0.0
 20
0.0
 30
0.0
 70
     1
  0
VERTEX
  5
1579
330
1578
100
AcDbEntity
  8
0
 62
     6
370
     0
100
AcDbVertex
100
AcDb2dVertex
 10
2737.582526052057
 20
1563.516712572747
 30
0.0
  0
VERTEX
  5
157A
330
1578
100
AcDbEntity
  8
0
 62
     6
370
     0
100
AcDbVertex
100
AcDb2dVertex
 10
2737.68878055112
 20
1562.581672980994
 30
0.0
  0
VERTEX
  5
157B
330
1578
100
AcDbEntity
  8
0
 62
     6
370
     0
100
AcDbVertex
100
AcDb2dVertex
 10
2738.326307545496
 20
1562.475418481932
 30
0.0
  0
VERTEX
  5
157C
330
1578
100
AcDbEntity
  8
0
 62
     6
370
     0
100
AcDbVertex
100
AcDb2dVertex
 10
2738.347558445309
 20
1562.475418481932
 30
0.0
  0
VERTEX
  5
157D
330
1578
100
AcDbEntity
  8
0
 62
     6
370
     0
100
AcDbVertex
100
AcDb2dVertex
 10
2739.133841738373
 20
1562.687927480057
 30
0.0
  0
VERTEX
  5
157E
330
1578
100
AcDbEntity
  8
0
 62
     6
370
     0
100
AcDbVertex
100
AcDb2dVertex
 10
2739.197594437811
 20
1562.751680179495
 30
0.0
  0
VERTEX
  5
157F
330
1578
100
AcDbEntity
  8
0
 62
     6
370
     0
100
AcDbVertex
100
AcDb2dVertex
 10
2739.728866933126
 20
1563.410458073684
 30
0.0
  0
VERTEX
  5
1580
330
1578
100
AcDbEntity
  8
0
 62
     6
370
     0
100
AcDbVertex
100
AcDb2dVertex
 10
2738.135049447183
 20
1563.431708973497
 30
0.0
  0
SEQEND
  5
1581
330
1578
100
AcDbEntity
  8
0
 62
     6
370
     0
  0
POLYLINE
  5
1582
330
1F
100
AcDbEntity
  8
0
 62
     6
370
     0
100
AcDb2dPolyline
 66
     1
 10
0.0
 20
0.0
 30
0.0
 70
     1
  0
VERTEX
  5
1583
330
1582
100
AcDbEntity
  8
0
 62
     6
370
     0
100
AcDbVertex
100
AcDb2dVertex
 10
2738.220053046434
 20
1570.614513110142
 30
0.0
  0
VERTEX
  5
1584
330
1582
100
AcDbEntity
  8
0
 62
     6
370
     0
100
AcDbVertex
100
AcDb2dVertex
 10
2737.178758955618
 20
1570.614513110142
 30
0.0
  0
VERTEX
  5
1585
330
1582
100
AcDbEntity
  8
0
 62
     6
370
     0
100
AcDbVertex
100
AcDb2dVertex
 10
2739.367601636312
 20
1564.813017461313
 30
0.0
  0
VERTEX
  5
1586
330
1582
100
AcDbEntity
  8
0
 62
     6
370
     0
100
AcDbVertex
100
AcDb2dVertex
 10
2739.856372332
 20
1565.918064251566
 30
0.0
  0
VERTEX
  5
1587
330
1582
100
AcDbEntity
  8
0
 62
     6
370
     0
100
AcDbVertex
100
AcDb2dVertex
 10
2739.686365133501
 20
1566.470587646693
 30
0.0
  0
VERTEX
  5
1588
330
1582
100
AcDbEntity
  8
0
 62
     6
370
     0
100
AcDbVertex
100
AcDb2dVertex
 10
2739.43135433575
 20
1567.256870939757
 30
0.0
  0
SEQEND
  5
1589
330
1582
100
AcDbEntity
  8
0
 62
     6
370
     0
  0
POLYLINE
  5
158A
330
1F
100
AcDbEntity
  8
0
 62
     6
370
     0
100
AcDb2dPolyline
 66
     1
 10
0.0
 20
0.0
 30
0.0
 70
     1
  0
VERTEX
  5
158B
330
158A
100
AcDbEntity
  8
0
 62
     6
370
     0
100
AcDbVertex
100
AcDb2dVertex
 10
2742.470233008945
 20
1570.614513110142
 30
0.0
  0
VERTEX
  5
158C
330
158A
100
AcDbEntity
  8
0
 62
     6
370
     0
100
AcDbVertex
100
AcDb2dVertex
 10
2741.492691617569
 20
1570.614513110142
 30
0.0
  0
VERTEX
  5
158D
330
158A
100
AcDbEntity
  8
0
 62
     6
370
     0
100
AcDbVertex
100
AcDb2dVertex
 10
2740.260139428439
 20
1567.235620039945
 30
0.0
  0
VERTEX
  5
158E
330
158A
100
AcDbEntity
  8
0
 62
     6
370
     0
100
AcDbVertex
100
AcDb2dVertex
 10
2740.090132229939
 20
1566.725598444443
 30
0.0
  0
VERTEX
  5
158F
330
158A
100
AcDbEntity
  8
0
 62
     6
370
     0
100
AcDbVertex
100
AcDb2dVertex
 10
2739.856372332
 20
1565.918064251566
 30
0.0
  0
VERTEX
  5
1590
330
158A
100
AcDbEntity
  8
0
 62
     6
370
     0
100
AcDbVertex
100
AcDb2dVertex
 10
2739.367601636312
 20
1564.813017461313
 30
0.0
  0
VERTEX
  5
1591
330
158A
100
AcDbEntity
  8
0
 62
     6
370
     0
100
AcDbVertex
100
AcDb2dVertex
 10
2739.282598037061
 20
1564.579257563375
 30
0.0
  0
VERTEX
  5
1592
330
158A
100
AcDbEntity
  8
0
 62
     6
370
     0
100
AcDbVertex
100
AcDb2dVertex
 10
2738.985085439685
 20
1563.835476069935
 30
0.0
  0
VERTEX
  5
1593
330
158A
100
AcDbEntity
  8
0
 62
     6
370
     0
100
AcDbVertex
100
AcDb2dVertex
 10
2738.666321942498
 20
1563.53796347256
 30
0.0
  0
VERTEX
  5
1594
330
158A
100
AcDbEntity
  8
0
 62
     6
370
     0
100
AcDbVertex
100
AcDb2dVertex
 10
2738.135049447183
 20
1563.431708973497
 30
0.0
  0
VERTEX
  5
1595
330
158A
100
AcDbEntity
  8
0
 62
     6
370
     0
100
AcDbVertex
100
AcDb2dVertex
 10
2739.728866933126
 20
1563.410458073684
 30
0.0
  0
VERTEX
  5
1596
330
158A
100
AcDbEntity
  8
0
 62
     6
370
     0
100
AcDbVertex
100
AcDb2dVertex
 10
2739.920125031438
 20
1563.814225170123
 30
0.0
  0
VERTEX
  5
1597
330
158A
100
AcDbEntity
  8
0
 62
     6
370
     0
100
AcDbVertex
100
AcDb2dVertex
 10
2740.281390328251
 20
1564.728013862063
 30
0.0
  0
SEQEND
  5
1598
330
158A
100
AcDbEntity
  8
0
 62
     6
370
     0
  0
POLYLINE
  5
1599
330
1F
100
AcDbEntity
  8
0
 62
     6
370
     0
100
AcDb2dPolyline
 66
     1
 10
0.0
 20
0.0
 30
0.0
 70
     1
  0
VERTEX
  5
159A
330
1599
100
AcDbEntity
  8
0
 62
     6
370
     0
100
AcDbVertex
100
AcDb2dVertex
 10
2747.272936366583
 20
1566.683096644818
 30
0.0
  0
VERTEX
  5
159B
330
1599
100
AcDbEntity
  8
0
 62
     6
370
     0
100
AcDbVertex
100
AcDb2dVertex
 10
2747.145430967707
 20
1566.385584047442
 30
0.0
  0
VERTEX
  5
159C
330
1599
100
AcDbEntity
  8
0
 62
     6
370
     0
100
AcDbVertex
100
AcDb2dVertex
 10
2746.677911171832
 20
1565.790558852691
 30
0.0
  0
VERTEX
  5
159D
330
1599
100
AcDbEntity
  8
0
 62
     6
370
     0
100
AcDbVertex
100
AcDb2dVertex
 10
2746.550405772956
 20
1565.705555253441
 30
0.0
  0
VERTEX
  5
159E
330
1599
100
AcDbEntity
  8
0
 62
     6
370
     0
100
AcDbVertex
100
AcDb2dVertex
 10
2745.742871580079
 20
1565.493046255315
 30
0.0
  0
VERTEX
  5
159F
330
1599
100
AcDbEntity
  8
0
 62
     6
370
     0
100
AcDbVertex
100
AcDb2dVertex
 10
2743.724036097886
 20
1565.471795355502
 30
0.0
  0
VERTEX
  5
15A0
330
1599
100
AcDbEntity
  8
0
 62
     6
370
     0
100
AcDbVertex
100
AcDb2dVertex
 10
2744.17030499395
 20
1565.110530058689
 30
0.0
  0
VERTEX
  5
15A1
330
1599
100
AcDbEntity
  8
0
 62
     6
370
     0
100
AcDbVertex
100
AcDb2dVertex
 10
2744.892835587577
 20
1564.791766561501
 30
0.0
  0
VERTEX
  5
15A2
330
1599
100
AcDbEntity
  8
0
 62
     6
370
     0
100
AcDbVertex
100
AcDb2dVertex
 10
2745.742871580079
 20
1564.685512062438
 30
0.0
  0
VERTEX
  5
15A3
330
1599
100
AcDbEntity
  8
0
 62
     6
370
     0
100
AcDbVertex
100
AcDb2dVertex
 10
2745.870376978954
 20
1564.685512062438
 30
0.0
  0
VERTEX
  5
15A4
330
1599
100
AcDbEntity
  8
0
 62
     6
370
     0
100
AcDbVertex
100
AcDb2dVertex
 10
2746.720412971456
 20
1564.834268361126
 30
0.0
  0
VERTEX
  5
15A5
330
1599
100
AcDbEntity
  8
0
 62
     6
370
     0
100
AcDbVertex
100
AcDb2dVertex
 10
2747.400441765459
 20
1565.174282758127
 30
0.0
  0
VERTEX
  5
15A6
330
1599
100
AcDbEntity
  8
0
 62
     6
370
     0
100
AcDbVertex
100
AcDb2dVertex
 10
2747.421692665271
 20
1565.195533657939
 30
0.0
  0
VERTEX
  5
15A7
330
1599
100
AcDbEntity
  8
0
 62
     6
370
     0
100
AcDbVertex
100
AcDb2dVertex
 10
2747.952965160585
 20
1565.790558852691
 30
0.0
  0
VERTEX
  5
15A8
330
1599
100
AcDbEntity
  8
0
 62
     6
370
     0
100
AcDbVertex
100
AcDb2dVertex
 10
2748.292979557586
 20
1566.555591245943
 30
0.0
  0
SEQEND
  5
15A9
330
1599
100
AcDbEntity
  8
0
 62
     6
370
     0
  0
POLYLINE
  5
15AA
330
1F
100
AcDbEntity
  8
0
 62
     6
370
     0
100
AcDb2dPolyline
 66
     1
 10
0.0
 20
0.0
 30
0.0
 70
     1
  0
VERTEX
  5
15AB
330
15AA
100
AcDbEntity
  8
0
 62
     6
370
     0
100
AcDbVertex
100
AcDb2dVertex
 10
2743.745286997699
 20
1569.93448431614
 30
0.0
  0
VERTEX
  5
15AC
330
15AA
100
AcDbEntity
  8
0
 62
     6
370
     0
100
AcDbVertex
100
AcDb2dVertex
 10
2743.320269001447
 20
1569.339459121388
 30
0.0
  0
VERTEX
  5
15AD
330
15AA
100
AcDbEntity
  8
0
 62
     6
370
     0
100
AcDbVertex
100
AcDb2dVertex
 10
2743.065258203697
 20
1568.574426728136
 30
0.0
  0
VERTEX
  5
15AE
330
15AA
100
AcDbEntity
  8
0
 62
     6
370
     0
100
AcDbVertex
100
AcDb2dVertex
 10
2742.980254604447
 20
1567.660638036196
 30
0.0
  0
VERTEX
  5
15AF
330
15AA
100
AcDbEntity
  8
0
 62
     6
370
     0
100
AcDbVertex
100
AcDb2dVertex
 10
2743.065258203697
 20
1566.853103843319
 30
0.0
  0
VERTEX
  5
15B0
330
15AA
100
AcDbEntity
  8
0
 62
     6
370
     0
100
AcDbVertex
100
AcDb2dVertex
 10
2743.299018101636
 20
1566.088071450067
 30
0.0
  0
VERTEX
  5
15B1
330
15AA
100
AcDbEntity
  8
0
 62
     6
370
     0
100
AcDbVertex
100
AcDb2dVertex
 10
2743.724036097886
 20
1565.471795355502
 30
0.0
  0
VERTEX
  5
15B2
330
15AA
100
AcDbEntity
  8
0
 62
     6
370
     0
100
AcDbVertex
100
AcDb2dVertex
 10
2745.742871580079
 20
1565.493046255315
 30
0.0
  0
VERTEX
  5
15B3
330
15AA
100
AcDbEntity
  8
0
 62
     6
370
     0
100
AcDbVertex
100
AcDb2dVertex
 10
2745.211599084765
 20
1565.578049854565
 30
0.0
  0
VERTEX
  5
15B4
330
15AA
100
AcDbEntity
  8
0
 62
     6
370
     0
100
AcDbVertex
100
AcDb2dVertex
 10
2744.531570290763
 20
1566.003067850816
 30
0.0
  0
VERTEX
  5
15B5
330
15AA
100
AcDbEntity
  8
0
 62
     6
370
     0
100
AcDbVertex
100
AcDb2dVertex
 10
2744.17030499395
 20
1566.598093045568
 30
0.0
  0
VERTEX
  5
15B6
330
15AA
100
AcDbEntity
  8
0
 62
     6
370
     0
100
AcDbVertex
100
AcDb2dVertex
 10
2744.000297795449
 20
1567.469379937883
 30
0.0
  0
VERTEX
  5
15B7
330
15AA
100
AcDbEntity
  8
0
 62
     6
370
     0
100
AcDbVertex
100
AcDb2dVertex
 10
2748.314230457399
 20
1567.469379937883
 30
0.0
  0
VERTEX
  5
15B8
330
15AA
100
AcDbEntity
  8
0
 62
     6
370
     0
100
AcDbVertex
100
AcDb2dVertex
 10
2748.314230457399
 20
1567.724390735634
 30
0.0
  0
VERTEX
  5
15B9
330
15AA
100
AcDbEntity
  8
0
 62
     6
370
     0
100
AcDbVertex
100
AcDb2dVertex
 10
2744.042799595074
 20
1568.27691413076
 30
0.0
  0
VERTEX
  5
15BA
330
15AA
100
AcDbEntity
  8
0
 62
     6
370
     0
100
AcDbVertex
100
AcDb2dVertex
 10
2744.149054094137
 20
1568.829437525887
 30
0.0
  0
VERTEX
  5
15BB
330
15AA
100
AcDbEntity
  8
0
 62
     6
370
     0
100
AcDbVertex
100
AcDb2dVertex
 10
2744.574072090388
 20
1569.488215420076
 30
0.0
  0
VERTEX
  5
15BC
330
15AA
100
AcDbEntity
  8
0
 62
     6
370
     0
100
AcDbVertex
100
AcDb2dVertex
 10
2744.914086487389
 20
1569.743226217826
 30
0.0
  0
VERTEX
  5
15BD
330
15AA
100
AcDbEntity
  8
0
 62
     6
370
     0
100
AcDbVertex
100
AcDb2dVertex
 10
2745.700369780454
 20
1569.93448431614
 30
0.0
  0
SEQEND
  5
15BE
330
15AA
100
AcDbEntity
  8
0
 62
     6
370
     0
  0
POLYLINE
  5
15BF
330
1F
100
AcDbEntity
  8
0
 62
     6
370
     0
100
AcDb2dPolyline
 66
     1
 10
0.0
 20
0.0
 30
0.0
 70
     1
  0
VERTEX
  5
15C0
330
15BF
100
AcDbEntity
  8
0
 62
     6
370
     0
100
AcDbVertex
100
AcDb2dVertex
 10
2745.679118880641
 20
1570.742018509017
 30
0.0
  0
VERTEX
  5
15C1
330
15BF
100
AcDbEntity
  8
0
 62
     6
370
     0
100
AcDbVertex
100
AcDb2dVertex
 10
2745.105344585702
 20
1570.699516709392
 30
0.0
  0
VERTEX
  5
15C2
330
15BF
100
AcDbEntity
  8
0
 62
     6
370
     0
100
AcDbVertex
100
AcDb2dVertex
 10
2744.361563092263
 20
1570.423255011828
 30
0.0
  0
VERTEX
  5
15C3
330
15BF
100
AcDbEntity
  8
0
 62
     6
370
     0
100
AcDbVertex
100
AcDb2dVertex
 10
2743.745286997699
 20
1569.93448431614
 30
0.0
  0
VERTEX
  5
15C4
330
15BF
100
AcDbEntity
  8
0
 62
     6
370
     0
100
AcDbVertex
100
AcDb2dVertex
 10
2745.700369780454
 20
1569.93448431614
 30
0.0
  0
VERTEX
  5
15C5
330
15BF
100
AcDbEntity
  8
0
 62
     6
370
     0
100
AcDbVertex
100
AcDb2dVertex
 10
2746.274144075393
 20
1569.849480716889
 30
0.0
  0
VERTEX
  5
15C6
330
15BF
100
AcDbEntity
  8
0
 62
     6
370
     0
100
AcDbVertex
100
AcDb2dVertex
 10
2746.911671069769
 20
1569.381960921013
 30
0.0
  0
VERTEX
  5
15C7
330
15BF
100
AcDbEntity
  8
0
 62
     6
370
     0
100
AcDbVertex
100
AcDb2dVertex
 10
2747.08167826827
 20
1569.126950123262
 30
0.0
  0
VERTEX
  5
15C8
330
15BF
100
AcDbEntity
  8
0
 62
     6
370
     0
100
AcDbVertex
100
AcDb2dVertex
 10
2747.294187266396
 20
1568.27691413076
 30
0.0
  0
VERTEX
  5
15C9
330
15BF
100
AcDbEntity
  8
0
 62
     6
370
     0
100
AcDbVertex
100
AcDb2dVertex
 10
2744.042799595074
 20
1568.27691413076
 30
0.0
  0
VERTEX
  5
15CA
330
15BF
100
AcDbEntity
  8
0
 62
     6
370
     0
100
AcDbVertex
100
AcDb2dVertex
 10
2748.314230457399
 20
1567.724390735634
 30
0.0
  0
VERTEX
  5
15CB
330
15BF
100
AcDbEntity
  8
0
 62
     6
370
     0
100
AcDbVertex
100
AcDb2dVertex
 10
2748.250477757961
 20
1568.574426728136
 30
0.0
  0
VERTEX
  5
15CC
330
15BF
100
AcDbEntity
  8
0
 62
     6
370
     0
100
AcDbVertex
100
AcDb2dVertex
 10
2747.99546696021
 20
1569.339459121388
 30
0.0
  0
VERTEX
  5
15CD
330
15BF
100
AcDbEntity
  8
0
 62
     6
370
     0
100
AcDbVertex
100
AcDb2dVertex
 10
2747.591699863772
 20
1569.955735215952
 30
0.0
  0
VERTEX
  5
15CE
330
15BF
100
AcDbEntity
  8
0
 62
     6
370
     0
100
AcDbVertex
100
AcDb2dVertex
 10
2747.230434566958
 20
1570.27449871314
 30
0.0
  0
VERTEX
  5
15CF
330
15BF
100
AcDbEntity
  8
0
 62
     6
370
     0
100
AcDbVertex
100
AcDb2dVertex
 10
2746.507903973331
 20
1570.635764009954
 30
0.0
  0
SEQEND
  5
15D0
330
15BF
100
AcDbEntity
  8
0
 62
     6
370
     0
  0
POLYLINE
  5
15D1
330
1F
100
AcDbEntity
  8
0
 62
     6
370
     0
100
AcDb2dPolyline
 66
     1
 10
0.0
 20
0.0
 30
0.0
 70
     1
  0
VERTEX
  5
15D2
330
15D1
100
AcDbEntity
  8
0
 62
     6
370
     0
100
AcDbVertex
100
AcDb2dVertex
 10
2750.396818639029
 20
1570.614513110142
 30
0.0
  0
VERTEX
  5
15D3
330
15D1
100
AcDbEntity
  8
0
 62
     6
370
     0
100
AcDbVertex
100
AcDb2dVertex
 10
2749.504280846902
 20
1570.614513110142
 30
0.0
  0
VERTEX
  5
15D4
330
15D1
100
AcDbEntity
  8
0
 62
     6
370
     0
100
AcDbVertex
100
AcDb2dVertex
 10
2749.504280846902
 20
1564.813017461313
 30
0.0
  0
VERTEX
  5
15D5
330
15D1
100
AcDbEntity
  8
0
 62
     6
370
     0
100
AcDbVertex
100
AcDb2dVertex
 10
2750.503073138092
 20
1564.813017461313
 30
0.0
  0
VERTEX
  5
15D6
330
15D1
100
AcDbEntity
  8
0
 62
     6
370
     0
100
AcDbVertex
100
AcDb2dVertex
 10
2750.503073138092
 20
1567.851896134509
 30
0.0
  0
VERTEX
  5
15D7
330
15D1
100
AcDbEntity
  8
0
 62
     6
370
     0
100
AcDbVertex
100
AcDb2dVertex
 10
2750.503073138092
 20
1568.19191053151
 30
0.0
  0
VERTEX
  5
15D8
330
15D1
100
AcDbEntity
  8
0
 62
     6
370
     0
100
AcDbVertex
100
AcDb2dVertex
 10
2750.65182943678
 20
1568.999444724387
 30
0.0
  0
VERTEX
  5
15D9
330
15D1
100
AcDbEntity
  8
0
 62
     6
370
     0
100
AcDbVertex
100
AcDb2dVertex
 10
2751.013094733594
 20
1569.530717219701
 30
0.0
  0
VERTEX
  5
15DA
330
15D1
100
AcDbEntity
  8
0
 62
     6
370
     0
100
AcDbVertex
100
AcDb2dVertex
 10
2751.608119928345
 20
1569.721975318014
 30
0.0
  0
VERTEX
  5
15DB
330
15D1
100
AcDbEntity
  8
0
 62
     6
370
     0
100
AcDbVertex
100
AcDb2dVertex
 10
2750.396818639029
 20
1569.743226217826
 30
0.0
  0
SEQEND
  5
15DC
330
15D1
100
AcDbEntity
  8
0
 62
     6
370
     0
  0
POLYLINE
  5
15DD
330
1F
100
AcDbEntity
  8
0
 62
     6
370
     0
100
AcDb2dPolyline
 66
     1
 10
0.0
 20
0.0
 30
0.0
 70
     1
  0
VERTEX
  5
15DE
330
15DD
100
AcDbEntity
  8
0
 62
     6
370
     0
100
AcDbVertex
100
AcDb2dVertex
 10
2751.65062172797
 20
1570.742018509017
 30
0.0
  0
VERTEX
  5
15DF
330
15DD
100
AcDbEntity
  8
0
 62
     6
370
     0
100
AcDbVertex
100
AcDb2dVertex
 10
2751.013094733594
 20
1570.550760410704
 30
0.0
  0
VERTEX
  5
15E0
330
15DD
100
AcDbEntity
  8
0
 62
     6
370
     0
100
AcDbVertex
100
AcDb2dVertex
 10
2750.90684023453
 20
1570.465756811453
 30
0.0
  0
VERTEX
  5
15E1
330
15DD
100
AcDbEntity
  8
0
 62
     6
370
     0
100
AcDbVertex
100
AcDb2dVertex
 10
2750.396818639029
 20
1569.743226217826
 30
0.0
  0
VERTEX
  5
15E2
330
15DD
100
AcDbEntity
  8
0
 62
     6
370
     0
100
AcDbVertex
100
AcDb2dVertex
 10
2751.608119928345
 20
1569.721975318014
 30
0.0
  0
VERTEX
  5
15E3
330
15DD
100
AcDbEntity
  8
0
 62
     6
370
     0
100
AcDbVertex
100
AcDb2dVertex
 10
2752.30939962216
 20
1569.509466319888
 30
0.0
  0
VERTEX
  5
15E4
330
15DD
100
AcDbEntity
  8
0
 62
     6
370
     0
100
AcDbVertex
100
AcDb2dVertex
 10
2752.64941401916
 20
1570.423255011828
 30
0.0
  0
VERTEX
  5
15E5
330
15DD
100
AcDbEntity
  8
0
 62
     6
370
     0
100
AcDbVertex
100
AcDb2dVertex
 10
2752.415654121222
 20
1570.550760410704
 30
0.0
  0
SEQEND
  5
15E6
330
15DD
100
AcDbEntity
  8
0
 62
     6
370
     0
  0
POLYLINE
  5
15E7
330
1F
100
AcDbEntity
  8
0
 62
     6
370
     0
100
AcDb2dPolyline
 66
     1
 10
0.0
 20
0.0
 30
0.0
 70
     1
  0
VERTEX
  5
15E8
330
15E7
100
AcDbEntity
  8
0
 62
     6
370
     0
100
AcDbVertex
100
AcDb2dVertex
 10
2753.818213508851
 20
1566.704347544631
 30
0.0
  0
VERTEX
  5
15E9
330
15E7
100
AcDbEntity
  8
0
 62
     6
370
     0
100
AcDbVertex
100
AcDb2dVertex
 10
2752.840672117474
 20
1566.555591245943
 30
0.0
  0
VERTEX
  5
15EA
330
15E7
100
AcDbEntity
  8
0
 62
     6
370
     0
100
AcDbVertex
100
AcDb2dVertex
 10
2753.116933815036
 20
1565.748057053066
 30
0.0
  0
VERTEX
  5
15EB
330
15E7
100
AcDbEntity
  8
0
 62
     6
370
     0
100
AcDbVertex
100
AcDb2dVertex
 10
2753.605704510726
 20
1565.153031858314
 30
0.0
  0
VERTEX
  5
15EC
330
15E7
100
AcDbEntity
  8
0
 62
     6
370
     0
100
AcDbVertex
100
AcDb2dVertex
 10
2755.327027395543
 20
1565.493046255315
 30
0.0
  0
VERTEX
  5
15ED
330
15E7
100
AcDbEntity
  8
0
 62
     6
370
     0
100
AcDbVertex
100
AcDb2dVertex
 10
2754.987012998542
 20
1565.514297155127
 30
0.0
  0
VERTEX
  5
15EE
330
15E7
100
AcDbEntity
  8
0
 62
     6
370
     0
100
AcDbVertex
100
AcDb2dVertex
 10
2754.285733304727
 20
1565.811809752503
 30
0.0
  0
VERTEX
  5
15EF
330
15E7
100
AcDbEntity
  8
0
 62
     6
370
     0
100
AcDbVertex
100
AcDb2dVertex
 10
2754.136977006039
 20
1565.939315151379
 30
0.0
  0
SEQEND
  5
15F0
330
15E7
100
AcDbEntity
  8
0
 62
     6
370
     0
  0
POLYLINE
  5
15F1
330
1F
100
AcDbEntity
  8
0
 62
     6
370
     0
100
AcDb2dPolyline
 66
     1
 10
0.0
 20
0.0
 30
0.0
 70
     1
  0
VERTEX
  5
15F2
330
15F1
100
AcDbEntity
  8
0
 62
     6
370
     0
100
AcDbVertex
100
AcDb2dVertex
 10
2757.112102979798
 20
1570.01948791539
 30
0.0
  0
VERTEX
  5
15F3
330
15F1
100
AcDbEntity
  8
0
 62
     6
370
     0
100
AcDbVertex
100
AcDb2dVertex
 10
2755.22077289648
 20
1569.93448431614
 30
0.0
  0
VERTEX
  5
15F4
330
15F1
100
AcDbEntity
  8
0
 62
     6
370
     0
100
AcDbVertex
100
AcDb2dVertex
 10
2755.348278295355
 20
1569.93448431614
 30
0.0
  0
VERTEX
  5
15F5
330
15F1
100
AcDbEntity
  8
0
 62
     6
370
     0
100
AcDbVertex
100
AcDb2dVertex
 10
2756.113310688608
 20
1569.679473518389
 30
0.0
  0
VERTEX
  5
15F6
330
15F1
100
AcDbEntity
  8
0
 62
     6
370
     0
100
AcDbVertex
100
AcDb2dVertex
 10
2756.474575985422
 20
1568.999444724387
 30
0.0
  0
VERTEX
  5
15F7
330
15F1
100
AcDbEntity
  8
0
 62
     6
370
     0
100
AcDbVertex
100
AcDb2dVertex
 10
2757.430866476985
 20
1569.126950123262
 30
0.0
  0
VERTEX
  5
15F8
330
15F1
100
AcDbEntity
  8
0
 62
     6
370
     0
100
AcDbVertex
100
AcDb2dVertex
 10
2757.409615577173
 20
1569.27570642195
 30
0.0
  0
SEQEND
  5
15F9
330
15F1
100
AcDbEntity
  8
0
 62
     6
370
     0
  0
POLYLINE
  5
15FA
330
1F
100
AcDbEntity
  8
0
 62
     6
370
     0
100
AcDb2dPolyline
 66
     1
 10
0.0
 20
0.0
 30
0.0
 70
     1
  0
VERTEX
  5
15FB
330
15FA
100
AcDbEntity
  8
0
 62
     6
370
     0
100
AcDbVertex
100
AcDb2dVertex
 10
2755.13576929723
 20
1570.742018509017
 30
0.0
  0
VERTEX
  5
15FC
330
15FA
100
AcDbEntity
  8
0
 62
     6
370
     0
100
AcDbVertex
100
AcDb2dVertex
 10
2755.114518397417
 20
1570.742018509017
 30
0.0
  0
VERTEX
  5
15FD
330
15FA
100
AcDbEntity
  8
0
 62
     6
370
     0
100
AcDbVertex
100
AcDb2dVertex
 10
2754.30698420454
 20
1570.635764009954
 30
0.0
  0
VERTEX
  5
15FE
330
15FA
100
AcDbEntity
  8
0
 62
     6
370
     0
100
AcDbVertex
100
AcDb2dVertex
 10
2753.669457210163
 20
1570.338251412578
 30
0.0
  0
VERTEX
  5
15FF
330
15FA
100
AcDbEntity
  8
0
 62
     6
370
     0
100
AcDbVertex
100
AcDb2dVertex
 10
2753.201937414287
 20
1569.806978917264
 30
0.0
  0
VERTEX
  5
1600
330
15FA
100
AcDbEntity
  8
0
 62
     6
370
     0
100
AcDbVertex
100
AcDb2dVertex
 10
2753.010679315974
 20
1569.084448323637
 30
0.0
  0
VERTEX
  5
1601
330
15FA
100
AcDbEntity
  8
0
 62
     6
370
     0
100
AcDbVertex
100
AcDb2dVertex
 10
2753.2231883141
 20
1568.298165030573
 30
0.0
  0
VERTEX
  5
1602
330
15FA
100
AcDbEntity
  8
0
 62
     6
370
     0
100
AcDbVertex
100
AcDb2dVertex
 10
2753.244439213912
 20
1568.27691413076
 30
0.0
  0
VERTEX
  5
1603
330
15FA
100
AcDbEntity
  8
0
 62
     6
370
     0
100
AcDbVertex
100
AcDb2dVertex
 10
2753.860715308476
 20
1567.745641635446
 30
0.0
  0
VERTEX
  5
1604
330
15FA
100
AcDbEntity
  8
0
 62
     6
370
     0
100
AcDbVertex
100
AcDb2dVertex
 10
2754.39198780379
 20
1567.554383537133
 30
0.0
  0
VERTEX
  5
1605
330
15FA
100
AcDbEntity
  8
0
 62
     6
370
     0
100
AcDbVertex
100
AcDb2dVertex
 10
2755.348278295355
 20
1567.27812183957
 30
0.0
  0
VERTEX
  5
1606
330
15FA
100
AcDbEntity
  8
0
 62
     6
370
     0
100
AcDbVertex
100
AcDb2dVertex
 10
2755.667041792543
 20
1567.19311824032
 30
0.0
  0
VERTEX
  5
1607
330
15FA
100
AcDbEntity
  8
0
 62
     6
370
     0
100
AcDbVertex
100
AcDb2dVertex
 10
2756.368321486358
 20
1566.938107442569
 30
0.0
  0
VERTEX
  5
1608
330
15FA
100
AcDbEntity
  8
0
 62
     6
370
     0
100
AcDbVertex
100
AcDb2dVertex
 10
2756.644583183921
 20
1566.428085847068
 30
0.0
  0
VERTEX
  5
1609
330
15FA
100
AcDbEntity
  8
0
 62
     6
370
     0
100
AcDbVertex
100
AcDb2dVertex
 10
2756.325819686733
 20
1565.769307952878
 30
0.0
  0
VERTEX
  5
160A
330
15FA
100
AcDbEntity
  8
0
 62
     6
370
     0
100
AcDbVertex
100
AcDb2dVertex
 10
2756.155812488232
 20
1565.663053453815
 30
0.0
  0
VERTEX
  5
160B
330
15FA
100
AcDbEntity
  8
0
 62
     6
370
     0
100
AcDbVertex
100
AcDb2dVertex
 10
2755.327027395543
 20
1565.493046255315
 30
0.0
  0
VERTEX
  5
160C
330
15FA
100
AcDbEntity
  8
0
 62
     6
370
     0
100
AcDbVertex
100
AcDb2dVertex
 10
2753.605704510726
 20
1565.153031858314
 30
0.0
  0
VERTEX
  5
160D
330
15FA
100
AcDbEntity
  8
0
 62
     6
370
     0
100
AcDbVertex
100
AcDb2dVertex
 10
2753.733209909601
 20
1565.068028259064
 30
0.0
  0
VERTEX
  5
160E
330
15FA
100
AcDbEntity
  8
0
 62
     6
370
     0
100
AcDbVertex
100
AcDb2dVertex
 10
2754.413238703603
 20
1564.791766561501
 30
0.0
  0
VERTEX
  5
160F
330
15FA
100
AcDbEntity
  8
0
 62
     6
370
     0
100
AcDbVertex
100
AcDb2dVertex
 10
2755.327027395543
 20
1564.685512062438
 30
0.0
  0
VERTEX
  5
1610
330
15FA
100
AcDbEntity
  8
0
 62
     6
370
     0
100
AcDbVertex
100
AcDb2dVertex
 10
2755.773296291606
 20
1564.70676296225
 30
0.0
  0
VERTEX
  5
1611
330
15FA
100
AcDbEntity
  8
0
 62
     6
370
     0
100
AcDbVertex
100
AcDb2dVertex
 10
2756.538328684858
 20
1564.940522860188
 30
0.0
  0
VERTEX
  5
1612
330
15FA
100
AcDbEntity
  8
0
 62
     6
370
     0
100
AcDbVertex
100
AcDb2dVertex
 10
2756.793339482609
 20
1565.046777359251
 30
0.0
  0
VERTEX
  5
1613
330
15FA
100
AcDbEntity
  8
0
 62
     6
370
     0
100
AcDbVertex
100
AcDb2dVertex
 10
2757.367113777548
 20
1565.599300754378
 30
0.0
  0
VERTEX
  5
1614
330
15FA
100
AcDbEntity
  8
0
 62
     6
370
     0
100
AcDbVertex
100
AcDb2dVertex
 10
2757.452117376798
 20
1565.748057053066
 30
0.0
  0
VERTEX
  5
1615
330
15FA
100
AcDbEntity
  8
0
 62
     6
370
     0
100
AcDbVertex
100
AcDb2dVertex
 10
2757.664626374924
 20
1566.513089446318
 30
0.0
  0
VERTEX
  5
1616
330
15FA
100
AcDbEntity
  8
0
 62
     6
370
     0
100
AcDbVertex
100
AcDb2dVertex
 10
2757.664626374924
 20
1566.598093045568
 30
0.0
  0
VERTEX
  5
1617
330
15FA
100
AcDbEntity
  8
0
 62
     6
370
     0
100
AcDbVertex
100
AcDb2dVertex
 10
2757.430866476985
 20
1567.36312543882
 30
0.0
  0
VERTEX
  5
1618
330
15FA
100
AcDbEntity
  8
0
 62
     6
370
     0
100
AcDbVertex
100
AcDb2dVertex
 10
2757.409615577173
 20
1567.36312543882
 30
0.0
  0
VERTEX
  5
1619
330
15FA
100
AcDbEntity
  8
0
 62
     6
370
     0
100
AcDbVertex
100
AcDb2dVertex
 10
2756.772088582796
 20
1567.873147034321
 30
0.0
  0
VERTEX
  5
161A
330
15FA
100
AcDbEntity
  8
0
 62
     6
370
     0
100
AcDbVertex
100
AcDb2dVertex
 10
2756.283317887108
 20
1568.064405132634
 30
0.0
  0
VERTEX
  5
161B
330
15FA
100
AcDbEntity
  8
0
 62
     6
370
     0
100
AcDbVertex
100
AcDb2dVertex
 10
2755.327027395543
 20
1568.340666830198
 30
0.0
  0
VERTEX
  5
161C
330
15FA
100
AcDbEntity
  8
0
 62
     6
370
     0
100
AcDbVertex
100
AcDb2dVertex
 10
2755.22077289648
 20
1568.36191773001
 30
0.0
  0
VERTEX
  5
161D
330
15FA
100
AcDbEntity
  8
0
 62
     6
370
     0
100
AcDbVertex
100
AcDb2dVertex
 10
2754.455740503229
 20
1568.595677627948
 30
0.0
  0
VERTEX
  5
161E
330
15FA
100
AcDbEntity
  8
0
 62
     6
370
     0
100
AcDbVertex
100
AcDb2dVertex
 10
2754.073224306603
 20
1568.850688425699
 30
0.0
  0
VERTEX
  5
161F
330
15FA
100
AcDbEntity
  8
0
 62
     6
370
     0
100
AcDbVertex
100
AcDb2dVertex
 10
2753.966969807539
 20
1569.1907028227
 30
0.0
  0
VERTEX
  5
1620
330
15FA
100
AcDbEntity
  8
0
 62
     6
370
     0
100
AcDbVertex
100
AcDb2dVertex
 10
2754.243231505102
 20
1569.721975318014
 30
0.0
  0
VERTEX
  5
1621
330
15FA
100
AcDbEntity
  8
0
 62
     6
370
     0
100
AcDbVertex
100
AcDb2dVertex
 10
2754.370736903979
 20
1569.785728017452
 30
0.0
  0
VERTEX
  5
1622
330
15FA
100
AcDbEntity
  8
0
 62
     6
370
     0
100
AcDbVertex
100
AcDb2dVertex
 10
2755.22077289648
 20
1569.93448431614
 30
0.0
  0
VERTEX
  5
1623
330
15FA
100
AcDbEntity
  8
0
 62
     6
370
     0
100
AcDbVertex
100
AcDb2dVertex
 10
2757.112102979798
 20
1570.01948791539
 30
0.0
  0
VERTEX
  5
1624
330
15FA
100
AcDbEntity
  8
0
 62
     6
370
     0
100
AcDbVertex
100
AcDb2dVertex
 10
2757.04835028036
 20
1570.10449151464
 30
0.0
  0
VERTEX
  5
1625
330
15FA
100
AcDbEntity
  8
0
 62
     6
370
     0
100
AcDbVertex
100
AcDb2dVertex
 10
2756.347070586545
 20
1570.550760410704
 30
0.0
  0
VERTEX
  5
1626
330
15FA
100
AcDbEntity
  8
0
 62
     6
370
     0
100
AcDbVertex
100
AcDb2dVertex
 10
2756.007056189544
 20
1570.657014909766
 30
0.0
  0
SEQEND
  5
1627
330
15FA
100
AcDbEntity
  8
0
 62
     6
370
     0
  0
POLYLINE
  5
1628
330
1F
100
AcDbEntity
  8
0
 62
     6
370
     0
100
AcDb2dPolyline
 66
     1
 10
0.0
 20
0.0
 30
0.0
 70
     1
  0
VERTEX
  5
1629
330
1628
100
AcDbEntity
  8
0
 62
     6
370
     0
100
AcDbVertex
100
AcDb2dVertex
 10
2760.214734352431
 20
1565.939315151379
 30
0.0
  0
VERTEX
  5
162A
330
1628
100
AcDbEntity
  8
0
 62
     6
370
     0
100
AcDbVertex
100
AcDb2dVertex
 10
2759.088436662365
 20
1565.939315151379
 30
0.0
  0
VERTEX
  5
162B
330
1628
100
AcDbEntity
  8
0
 62
     6
370
     0
100
AcDbVertex
100
AcDb2dVertex
 10
2759.088436662365
 20
1564.813017461313
 30
0.0
  0
VERTEX
  5
162C
330
1628
100
AcDbEntity
  8
0
 62
     6
370
     0
100
AcDbVertex
100
AcDb2dVertex
 10
2760.214734352431
 20
1564.813017461313
 30
0.0
  0
SEQEND
  5
162D
330
1628
100
AcDbEntity
  8
0
 62
     6
370
     0
  0
POLYLINE
  5
162E
330
1F
100
AcDbEntity
  8
0
 62
     6
370
     0
100
AcDb2dPolyline
 66
     1
 10
0.0
 20
0.0
 30
0.0
 70
     1
  0
VERTEX
  5
162F
330
162E
100
AcDbEntity
  8
0
 62
     6
370
     0
100
AcDbVertex
100
AcDb2dVertex
 10
2760.214734352431
 20
1570.614513110142
 30
0.0
  0
VERTEX
  5
1630
330
162E
100
AcDbEntity
  8
0
 62
     6
370
     0
100
AcDbVertex
100
AcDb2dVertex
 10
2759.088436662365
 20
1570.614513110142
 30
0.0
  0
VERTEX
  5
1631
330
162E
100
AcDbEntity
  8
0
 62
     6
370
     0
100
AcDbVertex
100
AcDb2dVertex
 10
2759.088436662365
 20
1569.488215420076
 30
0.0
  0
VERTEX
  5
1632
330
162E
100
AcDbEntity
  8
0
 62
     6
370
     0
100
AcDbVertex
100
AcDb2dVertex
 10
2760.214734352431
 20
1569.488215420076
 30
0.0
  0
SEQEND
  5
1633
330
162E
100
AcDbEntity
  8
0
 62
     6
370
     0
  0
POLYLINE
  5
1634
330
1F
100
AcDbEntity
  8
0
 62
     6
370
     0
100
AcDb2dPolyline
 66
     1
 10
0.0
 20
0.0
 30
0.0
 70
     1
  0
VERTEX
  5
1635
330
1634
100
AcDbEntity
  8
0
 62
     6
370
     0
100
AcDbVertex
100
AcDb2dVertex
 10
2730.675983612976
 20
1542.053303762064
 30
0.0
  0
VERTEX
  5
1636
330
1634
100
AcDbEntity
  8
0
 62
     6
370
     0
100
AcDbVertex
100
AcDb2dVertex
 10
2728.29588283397
 20
1541.840794763938
 30
0.0
  0
VERTEX
  5
1637
330
1634
100
AcDbEntity
  8
0
 62
     6
370
     0
100
AcDbVertex
100
AcDb2dVertex
 10
2728.72090083022
 20
1541.840794763938
 30
0.0
  0
VERTEX
  5
1638
330
1634
100
AcDbEntity
  8
0
 62
     6
370
     0
100
AcDbVertex
100
AcDb2dVertex
 10
2729.464682323659
 20
1541.713289365063
 30
0.0
  0
VERTEX
  5
1639
330
1634
100
AcDbEntity
  8
0
 62
     6
370
     0
100
AcDbVertex
100
AcDb2dVertex
 10
2730.102209318037
 20
1541.245769569187
 30
0.0
  0
VERTEX
  5
163A
330
1634
100
AcDbEntity
  8
0
 62
     6
370
     0
100
AcDbVertex
100
AcDb2dVertex
 10
2730.102209318037
 20
1541.245769569187
 30
0.0
  0
VERTEX
  5
163B
330
1634
100
AcDbEntity
  8
0
 62
     6
370
     0
100
AcDbVertex
100
AcDb2dVertex
 10
2730.335969215975
 20
1540.480737175935
 30
0.0
  0
VERTEX
  5
163C
330
1634
100
AcDbEntity
  8
0
 62
     6
370
     0
100
AcDbVertex
100
AcDb2dVertex
 10
2730.165962017474
 20
1539.800708381933
 30
0.0
  0
VERTEX
  5
163D
330
1634
100
AcDbEntity
  8
0
 62
     6
370
     0
100
AcDbVertex
100
AcDb2dVertex
 10
2729.762194921035
 20
1539.354439485869
 30
0.0
  0
VERTEX
  5
163E
330
1634
100
AcDbEntity
  8
0
 62
     6
370
     0
100
AcDbVertex
100
AcDb2dVertex
 10
2729.145918826472
 20
1539.141930487743
 30
0.0
  0
VERTEX
  5
163F
330
1634
100
AcDbEntity
  8
0
 62
     6
370
     0
100
AcDbVertex
100
AcDb2dVertex
 10
2728.444639132657
 20
1539.099428688118
 30
0.0
  0
VERTEX
  5
1640
330
1634
100
AcDbEntity
  8
0
 62
     6
370
     0
100
AcDbVertex
100
AcDb2dVertex
 10
2726.447054550277
 20
1539.099428688118
 30
0.0
  0
VERTEX
  5
1641
330
1634
100
AcDbEntity
  8
0
 62
     6
370
     0
100
AcDbVertex
100
AcDb2dVertex
 10
2730.697234512788
 20
1538.759414291117
 30
0.0
  0
VERTEX
  5
1642
330
1634
100
AcDbEntity
  8
0
 62
     6
370
     0
100
AcDbVertex
100
AcDb2dVertex
 10
2731.186005208477
 20
1539.439443085119
 30
0.0
  0
VERTEX
  5
1643
330
1634
100
AcDbEntity
  8
0
 62
     6
370
     0
100
AcDbVertex
100
AcDb2dVertex
 10
2731.29225970754
 20
1539.651952083245
 30
0.0
  0
VERTEX
  5
1644
330
1634
100
AcDbEntity
  8
0
 62
     6
370
     0
100
AcDbVertex
100
AcDb2dVertex
 10
2731.419765106415
 20
1540.480737175935
 30
0.0
  0
VERTEX
  5
1645
330
1634
100
AcDbEntity
  8
0
 62
     6
370
     0
100
AcDbVertex
100
AcDb2dVertex
 10
2731.37726330679
 20
1540.969507871623
 30
0.0
  0
VERTEX
  5
1646
330
1634
100
AcDbEntity
  8
0
 62
     6
370
     0
100
AcDbVertex
100
AcDb2dVertex
 10
2731.037248909789
 20
1541.69203846525
 30
0.0
  0
SEQEND
  5
1647
330
1634
100
AcDbEntity
  8
0
 62
     6
370
     0
  0
POLYLINE
  5
1648
330
1F
100
AcDbEntity
  8
0
 62
     6
370
     0
100
AcDb2dPolyline
 66
     1
 10
0.0
 20
0.0
 30
0.0
 70
     1
  0
VERTEX
  5
1649
330
1648
100
AcDbEntity
  8
0
 62
     6
370
     0
100
AcDbVertex
100
AcDb2dVertex
 10
2730.527227314287
 20
1545.43219683226
 30
0.0
  0
VERTEX
  5
164A
330
1648
100
AcDbEntity
  8
0
 62
     6
370
     0
100
AcDbVertex
100
AcDb2dVertex
 10
2728.040872036219
 20
1545.219687834135
 30
0.0
  0
VERTEX
  5
164B
330
1648
100
AcDbEntity
  8
0
 62
     6
370
     0
100
AcDbVertex
100
AcDb2dVertex
 10
2728.55089363172
 20
1545.198436934322
 30
0.0
  0
VERTEX
  5
164C
330
1648
100
AcDbEntity
  8
0
 62
     6
370
     0
100
AcDbVertex
100
AcDb2dVertex
 10
2729.252173325534
 20
1545.09218243526
 30
0.0
  0
VERTEX
  5
164D
330
1648
100
AcDbEntity
  8
0
 62
     6
370
     0
100
AcDbVertex
100
AcDb2dVertex
 10
2729.804696720661
 20
1544.688415338821
 30
0.0
  0
VERTEX
  5
164E
330
1648
100
AcDbEntity
  8
0
 62
     6
370
     0
100
AcDbVertex
100
AcDb2dVertex
 10
2729.995954818974
 20
1543.987135645006
 30
0.0
  0
VERTEX
  5
164F
330
1648
100
AcDbEntity
  8
0
 62
     6
370
     0
100
AcDbVertex
100
AcDb2dVertex
 10
2729.783445820848
 20
1543.285855951192
 30
0.0
  0
VERTEX
  5
1650
330
1648
100
AcDbEntity
  8
0
 62
     6
370
     0
100
AcDbVertex
100
AcDb2dVertex
 10
2729.188420626097
 20
1542.882088854753
 30
0.0
  0
VERTEX
  5
1651
330
1648
100
AcDbEntity
  8
0
 62
     6
370
     0
100
AcDbVertex
100
AcDb2dVertex
 10
2729.060915227221
 20
1542.860837954941
 30
0.0
  0
VERTEX
  5
1652
330
1648
100
AcDbEntity
  8
0
 62
     6
370
     0
100
AcDbVertex
100
AcDb2dVertex
 10
2728.168377435094
 20
1542.797085255503
 30
0.0
  0
VERTEX
  5
1653
330
1648
100
AcDbEntity
  8
0
 62
     6
370
     0
100
AcDbVertex
100
AcDb2dVertex
 10
2726.447054550277
 20
1542.797085255503
 30
0.0
  0
VERTEX
  5
1654
330
1648
100
AcDbEntity
  8
0
 62
     6
370
     0
100
AcDbVertex
100
AcDb2dVertex
 10
2730.2084638171
 20
1542.584576257378
 30
0.0
  0
VERTEX
  5
1655
330
1648
100
AcDbEntity
  8
0
 62
     6
370
     0
100
AcDbVertex
100
AcDb2dVertex
 10
2730.760987212227
 20
1543.137099652504
 30
0.0
  0
VERTEX
  5
1656
330
1648
100
AcDbEntity
  8
0
 62
     6
370
     0
100
AcDbVertex
100
AcDb2dVertex
 10
2730.845990811476
 20
1543.307106851005
 30
0.0
  0
VERTEX
  5
1657
330
1648
100
AcDbEntity
  8
0
 62
     6
370
     0
100
AcDbVertex
100
AcDb2dVertex
 10
2731.037248909789
 20
1544.114641043882
 30
0.0
  0
VERTEX
  5
1658
330
1648
100
AcDbEntity
  8
0
 62
     6
370
     0
100
AcDbVertex
100
AcDb2dVertex
 10
2731.015998009976
 20
1544.390902741445
 30
0.0
  0
VERTEX
  5
1659
330
1648
100
AcDbEntity
  8
0
 62
     6
370
     0
100
AcDbVertex
100
AcDb2dVertex
 10
2730.7184854126
 20
1545.17718603451
 30
0.0
  0
SEQEND
  5
165A
330
1648
100
AcDbEntity
  8
0
 62
     6
370
     0
  0
POLYLINE
  5
165B
330
1F
100
AcDbEntity
  8
0
 62
     6
370
     0
100
AcDb2dPolyline
 66
     1
 10
0.0
 20
0.0
 30
0.0
 70
     1
  0
VERTEX
  5
165C
330
165B
100
AcDbEntity
  8
0
 62
     6
370
     0
100
AcDbVertex
100
AcDb2dVertex
 10
2728.380886433219
 20
1546.154727425887
 30
0.0
  0
VERTEX
  5
165D
330
165B
100
AcDbEntity
  8
0
 62
     6
370
     0
100
AcDbVertex
100
AcDb2dVertex
 10
2725.384509559649
 20
1546.154727425887
 30
0.0
  0
VERTEX
  5
165E
330
165B
100
AcDbEntity
  8
0
 62
     6
370
     0
100
AcDbVertex
100
AcDb2dVertex
 10
2725.384509559649
 20
1538.164389096366
 30
0.0
  0
VERTEX
  5
165F
330
165B
100
AcDbEntity
  8
0
 62
     6
370
     0
100
AcDbVertex
100
AcDb2dVertex
 10
2728.444639132657
 20
1538.164389096366
 30
0.0
  0
VERTEX
  5
1660
330
165B
100
AcDbEntity
  8
0
 62
     6
370
     0
100
AcDbVertex
100
AcDb2dVertex
 10
2728.954660728158
 20
1538.164389096366
 30
0.0
  0
VERTEX
  5
1661
330
165B
100
AcDbEntity
  8
0
 62
     6
370
     0
100
AcDbVertex
100
AcDb2dVertex
 10
2729.71969312141
 20
1538.291894495241
 30
0.0
  0
VERTEX
  5
1662
330
165B
100
AcDbEntity
  8
0
 62
     6
370
     0
100
AcDbVertex
100
AcDb2dVertex
 10
2729.868449420098
 20
1538.334396294866
 30
0.0
  0
VERTEX
  5
1663
330
165B
100
AcDbEntity
  8
0
 62
     6
370
     0
100
AcDbVertex
100
AcDb2dVertex
 10
2730.590980013725
 20
1538.695661591679
 30
0.0
  0
VERTEX
  5
1664
330
165B
100
AcDbEntity
  8
0
 62
     6
370
     0
100
AcDbVertex
100
AcDb2dVertex
 10
2730.697234512788
 20
1538.759414291117
 30
0.0
  0
VERTEX
  5
1665
330
165B
100
AcDbEntity
  8
0
 62
     6
370
     0
100
AcDbVertex
100
AcDb2dVertex
 10
2726.447054550277
 20
1539.099428688118
 30
0.0
  0
VERTEX
  5
1666
330
165B
100
AcDbEntity
  8
0
 62
     6
370
     0
100
AcDbVertex
100
AcDb2dVertex
 10
2726.447054550277
 20
1541.840794763938
 30
0.0
  0
VERTEX
  5
1667
330
165B
100
AcDbEntity
  8
0
 62
     6
370
     0
100
AcDbVertex
100
AcDb2dVertex
 10
2728.29588283397
 20
1541.840794763938
 30
0.0
  0
VERTEX
  5
1668
330
165B
100
AcDbEntity
  8
0
 62
     6
370
     0
100
AcDbVertex
100
AcDb2dVertex
 10
2730.675983612976
 20
1542.053303762064
 30
0.0
  0
VERTEX
  5
1669
330
165B
100
AcDbEntity
  8
0
 62
     6
370
     0
100
AcDbVertex
100
AcDb2dVertex
 10
2729.910951219725
 20
1542.414569058877
 30
0.0
  0
VERTEX
  5
166A
330
165B
100
AcDbEntity
  8
0
 62
     6
370
     0
100
AcDbVertex
100
AcDb2dVertex
 10
2730.2084638171
 20
1542.584576257378
 30
0.0
  0
VERTEX
  5
166B
330
165B
100
AcDbEntity
  8
0
 62
     6
370
     0
100
AcDbVertex
100
AcDb2dVertex
 10
2726.447054550277
 20
1542.797085255503
 30
0.0
  0
VERTEX
  5
166C
330
165B
100
AcDbEntity
  8
0
 62
     6
370
     0
100
AcDbVertex
100
AcDb2dVertex
 10
2726.447054550277
 20
1545.219687834135
 30
0.0
  0
VERTEX
  5
166D
330
165B
100
AcDbEntity
  8
0
 62
     6
370
     0
100
AcDbVertex
100
AcDb2dVertex
 10
2728.040872036219
 20
1545.219687834135
 30
0.0
  0
VERTEX
  5
166E
330
165B
100
AcDbEntity
  8
0
 62
     6
370
     0
100
AcDbVertex
100
AcDb2dVertex
 10
2730.527227314287
 20
1545.43219683226
 30
0.0
  0
VERTEX
  5
166F
330
165B
100
AcDbEntity
  8
0
 62
     6
370
     0
100
AcDbVertex
100
AcDb2dVertex
 10
2729.868449420098
 20
1545.920967527949
 30
0.0
  0
VERTEX
  5
1670
330
165B
100
AcDbEntity
  8
0
 62
     6
370
     0
100
AcDbVertex
100
AcDb2dVertex
 10
2729.29467512516
 20
1546.09097472645
 30
0.0
  0
SEQEND
  5
1671
330
165B
100
AcDbEntity
  8
0
 62
     6
370
     0
  0
POLYLINE
  5
1672
330
1F
100
AcDbEntity
  8
0
 62
     6
370
     0
100
AcDb2dPolyline
 66
     1
 10
0.0
 20
0.0
 30
0.0
 70
     1
  0
VERTEX
  5
1673
330
1672
100
AcDbEntity
  8
0
 62
     6
370
     0
100
AcDbVertex
100
AcDb2dVertex
 10
2733.629858686921
 20
1543.944633845381
 30
0.0
  0
VERTEX
  5
1674
330
1672
100
AcDbEntity
  8
0
 62
     6
370
     0
100
AcDbVertex
100
AcDb2dVertex
 10
2732.737320894794
 20
1543.944633845381
 30
0.0
  0
VERTEX
  5
1675
330
1672
100
AcDbEntity
  8
0
 62
     6
370
     0
100
AcDbVertex
100
AcDb2dVertex
 10
2732.737320894794
 20
1538.164389096366
 30
0.0
  0
VERTEX
  5
1676
330
1672
100
AcDbEntity
  8
0
 62
     6
370
     0
100
AcDbVertex
100
AcDb2dVertex
 10
2733.714862286172
 20
1538.164389096366
 30
0.0
  0
VERTEX
  5
1677
330
1672
100
AcDbEntity
  8
0
 62
     6
370
     0
100
AcDbVertex
100
AcDb2dVertex
 10
2733.714862286172
 20
1541.182016869749
 30
0.0
  0
VERTEX
  5
1678
330
1672
100
AcDbEntity
  8
0
 62
     6
370
     0
100
AcDbVertex
100
AcDb2dVertex
 10
2733.736113185984
 20
1541.543282166562
 30
0.0
  0
VERTEX
  5
1679
330
1672
100
AcDbEntity
  8
0
 62
     6
370
     0
100
AcDbVertex
100
AcDb2dVertex
 10
2733.884869484672
 20
1542.329565459627
 30
0.0
  0
VERTEX
  5
167A
330
1672
100
AcDbEntity
  8
0
 62
     6
370
     0
100
AcDbVertex
100
AcDb2dVertex
 10
2734.246134781485
 20
1542.882088854753
 30
0.0
  0
VERTEX
  5
167B
330
1672
100
AcDbEntity
  8
0
 62
     6
370
     0
100
AcDbVertex
100
AcDb2dVertex
 10
2734.841159976237
 20
1543.073346953067
 30
0.0
  0
VERTEX
  5
167C
330
1672
100
AcDbEntity
  8
0
 62
     6
370
     0
100
AcDbVertex
100
AcDb2dVertex
 10
2733.629858686921
 20
1543.073346953067
 30
0.0
  0
SEQEND
  5
167D
330
1672
100
AcDbEntity
  8
0
 62
     6
370
     0
  0
POLYLINE
  5
167E
330
1F
100
AcDbEntity
  8
0
 62
     6
370
     0
100
AcDb2dPolyline
 66
     1
 10
0.0
 20
0.0
 30
0.0
 70
     1
  0
VERTEX
  5
167F
330
167E
100
AcDbEntity
  8
0
 62
     6
370
     0
100
AcDbVertex
100
AcDb2dVertex
 10
2734.883661775862
 20
1544.072139244257
 30
0.0
  0
VERTEX
  5
1680
330
167E
100
AcDbEntity
  8
0
 62
     6
370
     0
100
AcDbVertex
100
AcDb2dVertex
 10
2734.246134781485
 20
1543.880881145944
 30
0.0
  0
VERTEX
  5
1681
330
167E
100
AcDbEntity
  8
0
 62
     6
370
     0
100
AcDbVertex
100
AcDb2dVertex
 10
2734.139880282422
 20
1543.795877546694
 30
0.0
  0
VERTEX
  5
1682
330
167E
100
AcDbEntity
  8
0
 62
     6
370
     0
100
AcDbVertex
100
AcDb2dVertex
 10
2733.629858686921
 20
1543.073346953067
 30
0.0
  0
VERTEX
  5
1683
330
167E
100
AcDbEntity
  8
0
 62
     6
370
     0
100
AcDbVertex
100
AcDb2dVertex
 10
2734.841159976237
 20
1543.073346953067
 30
0.0
  0
VERTEX
  5
1684
330
167E
100
AcDbEntity
  8
0
 62
     6
370
     0
100
AcDbVertex
100
AcDb2dVertex
 10
2735.542439670051
 20
1542.860837954941
 30
0.0
  0
VERTEX
  5
1685
330
167E
100
AcDbEntity
  8
0
 62
     6
370
     0
100
AcDbVertex
100
AcDb2dVertex
 10
2735.882454067052
 20
1543.774626646881
 30
0.0
  0
VERTEX
  5
1686
330
167E
100
AcDbEntity
  8
0
 62
     6
370
     0
100
AcDbVertex
100
AcDb2dVertex
 10
2735.648694169114
 20
1543.902132045756
 30
0.0
  0
SEQEND
  5
1687
330
167E
100
AcDbEntity
  8
0
 62
     6
370
     0
  0
POLYLINE
  5
1688
330
1F
100
AcDbEntity
  8
0
 62
     6
370
     0
100
AcDb2dPolyline
 66
     1
 10
0.0
 20
0.0
 30
0.0
 70
     1
  0
VERTEX
  5
1689
330
1688
100
AcDbEntity
  8
0
 62
     6
370
     0
100
AcDbVertex
100
AcDb2dVertex
 10
2741.216429920004
 20
1538.886919689993
 30
0.0
  0
VERTEX
  5
168A
330
1688
100
AcDbEntity
  8
0
 62
     6
370
     0
100
AcDbVertex
100
AcDb2dVertex
 10
2740.260139428439
 20
1538.86566879018
 30
0.0
  0
VERTEX
  5
168B
330
1688
100
AcDbEntity
  8
0
 62
     6
370
     0
100
AcDbVertex
100
AcDb2dVertex
 10
2740.451397526752
 20
1538.164389096366
 30
0.0
  0
VERTEX
  5
168C
330
1688
100
AcDbEntity
  8
0
 62
     6
370
     0
100
AcDbVertex
100
AcDb2dVertex
 10
2741.471440717755
 20
1538.164389096366
 30
0.0
  0
VERTEX
  5
168D
330
1688
100
AcDbEntity
  8
0
 62
     6
370
     0
100
AcDbVertex
100
AcDb2dVertex
 10
2741.237680819816
 20
1538.844417890367
 30
0.0
  0
SEQEND
  5
168E
330
1688
100
AcDbEntity
  8
0
 62
     6
370
     0
  0
POLYLINE
  5
168F
330
1F
100
AcDbEntity
  8
0
 62
     6
370
     0
100
AcDb2dPolyline
 66
     1
 10
0.0
 20
0.0
 30
0.0
 70
     1
  0
VERTEX
  5
1690
330
168F
100
AcDbEntity
  8
0
 62
     6
370
     0
100
AcDbVertex
100
AcDb2dVertex
 10
2737.540024252432
 20
1541.352024068249
 30
0.0
  0
VERTEX
  5
1691
330
168F
100
AcDbEntity
  8
0
 62
     6
370
     0
100
AcDbVertex
100
AcDb2dVertex
 10
2736.838744558617
 20
1541.033260571061
 30
0.0
  0
VERTEX
  5
1692
330
168F
100
AcDbEntity
  8
0
 62
     6
370
     0
100
AcDbVertex
100
AcDb2dVertex
 10
2736.328722963116
 20
1540.459486276122
 30
0.0
  0
VERTEX
  5
1693
330
168F
100
AcDbEntity
  8
0
 62
     6
370
     0
100
AcDbVertex
100
AcDb2dVertex
 10
2736.137464864802
 20
1539.69445388287
 30
0.0
  0
VERTEX
  5
1694
330
168F
100
AcDbEntity
  8
0
 62
     6
370
     0
100
AcDbVertex
100
AcDb2dVertex
 10
2736.222468464053
 20
1539.163181387556
 30
0.0
  0
VERTEX
  5
1695
330
168F
100
AcDbEntity
  8
0
 62
     6
370
     0
100
AcDbVertex
100
AcDb2dVertex
 10
2736.647486460304
 20
1538.504403493367
 30
0.0
  0
VERTEX
  5
1696
330
168F
100
AcDbEntity
  8
0
 62
     6
370
     0
100
AcDbVertex
100
AcDb2dVertex
 10
2738.347558445309
 20
1538.801916090742
 30
0.0
  0
VERTEX
  5
1697
330
168F
100
AcDbEntity
  8
0
 62
     6
370
     0
100
AcDbVertex
100
AcDb2dVertex
 10
2738.220053046434
 20
1538.801916090742
 30
0.0
  0
VERTEX
  5
1698
330
168F
100
AcDbEntity
  8
0
 62
     6
370
     0
100
AcDbVertex
100
AcDb2dVertex
 10
2737.497522452806
 20
1539.056926888493
 30
0.0
  0
VERTEX
  5
1699
330
168F
100
AcDbEntity
  8
0
 62
     6
370
     0
100
AcDbVertex
100
AcDb2dVertex
 10
2737.178758955618
 20
1539.715704782682
 30
0.0
  0
VERTEX
  5
169A
330
168F
100
AcDbEntity
  8
0
 62
     6
370
     0
100
AcDbVertex
100
AcDb2dVertex
 10
2737.327515254306
 20
1540.183224578559
 30
0.0
  0
VERTEX
  5
169B
330
168F
100
AcDbEntity
  8
0
 62
     6
370
     0
100
AcDbVertex
100
AcDb2dVertex
 10
2737.710031450932
 20
1540.501988075747
 30
0.0
  0
VERTEX
  5
169C
330
168F
100
AcDbEntity
  8
0
 62
     6
370
     0
100
AcDbVertex
100
AcDb2dVertex
 10
2737.731282350746
 20
1540.501988075747
 30
0.0
  0
VERTEX
  5
169D
330
168F
100
AcDbEntity
  8
0
 62
     6
370
     0
100
AcDbVertex
100
AcDb2dVertex
 10
2738.560067443435
 20
1540.69324617406
 30
0.0
  0
VERTEX
  5
169E
330
168F
100
AcDbEntity
  8
0
 62
     6
370
     0
100
AcDbVertex
100
AcDb2dVertex
 10
2739.495107035188
 20
1540.863253372561
 30
0.0
  0
VERTEX
  5
169F
330
168F
100
AcDbEntity
  8
0
 62
     6
370
     0
100
AcDbVertex
100
AcDb2dVertex
 10
2740.175135829189
 20
1541.054511470874
 30
0.0
  0
SEQEND
  5
16A0
330
168F
100
AcDbEntity
  8
0
 62
     6
370
     0
  0
POLYLINE
  5
16A1
330
1F
100
AcDbEntity
  8
0
 62
     6
370
     0
100
AcDb2dPolyline
 66
     1
 10
0.0
 20
0.0
 30
0.0
 70
     1
  0
VERTEX
  5
16A2
330
16A1
100
AcDbEntity
  8
0
 62
     6
370
     0
100
AcDbVertex
100
AcDb2dVertex
 10
2736.732490059555
 20
1543.285855951192
 30
0.0
  0
VERTEX
  5
16A3
330
16A1
100
AcDbEntity
  8
0
 62
     6
370
     0
100
AcDbVertex
100
AcDb2dVertex
 10
2736.604984660679
 20
1543.094597852879
 30
0.0
  0
VERTEX
  5
16A4
330
16A1
100
AcDbEntity
  8
0
 62
     6
370
     0
100
AcDbVertex
100
AcDb2dVertex
 10
2736.307472063303
 20
1542.287063660002
 30
0.0
  0
VERTEX
  5
16A5
330
16A1
100
AcDbEntity
  8
0
 62
     6
370
     0
100
AcDbVertex
100
AcDb2dVertex
 10
2737.263762554869
 20
1542.159558261127
 30
0.0
  0
VERTEX
  5
16A6
330
16A1
100
AcDbEntity
  8
0
 62
     6
370
     0
100
AcDbVertex
100
AcDb2dVertex
 10
2737.327515254306
 20
1542.393318159065
 30
0.0
  0
VERTEX
  5
16A7
330
16A1
100
AcDbEntity
  8
0
 62
     6
370
     0
100
AcDbVertex
100
AcDb2dVertex
 10
2737.752533250557
 20
1543.030845153441
 30
0.0
  0
VERTEX
  5
16A8
330
16A1
100
AcDbEntity
  8
0
 62
     6
370
     0
100
AcDbVertex
100
AcDb2dVertex
 10
2737.922540449058
 20
1543.115848752692
 30
0.0
  0
VERTEX
  5
16A9
330
16A1
100
AcDbEntity
  8
0
 62
     6
370
     0
100
AcDbVertex
100
AcDb2dVertex
 10
2738.77257644156
 20
1543.26460505138
 30
0.0
  0
SEQEND
  5
16AA
330
16A1
100
AcDbEntity
  8
0
 62
     6
370
     0
  0
POLYLINE
  5
16AB
330
1F
100
AcDbEntity
  8
0
 62
     6
370
     0
100
AcDb2dPolyline
 66
     1
 10
0.0
 20
0.0
 30
0.0
 70
     1
  0
VERTEX
  5
16AC
330
16AB
100
AcDbEntity
  8
0
 62
     6
370
     0
100
AcDbVertex
100
AcDb2dVertex
 10
2738.921332740248
 20
1544.072139244257
 30
0.0
  0
VERTEX
  5
16AD
330
16AB
100
AcDbEntity
  8
0
 62
     6
370
     0
100
AcDbVertex
100
AcDb2dVertex
 10
2738.390060244934
 20
1544.050888344444
 30
0.0
  0
VERTEX
  5
16AE
330
16AB
100
AcDbEntity
  8
0
 62
     6
370
     0
100
AcDbVertex
100
AcDb2dVertex
 10
2737.603776951869
 20
1543.880881145944
 30
0.0
  0
VERTEX
  5
16AF
330
16AB
100
AcDbEntity
  8
0
 62
     6
370
     0
100
AcDbVertex
100
AcDb2dVertex
 10
2737.370017053931
 20
1543.774626646881
 30
0.0
  0
VERTEX
  5
16B0
330
16AB
100
AcDbEntity
  8
0
 62
     6
370
     0
100
AcDbVertex
100
AcDb2dVertex
 10
2736.732490059555
 20
1543.285855951192
 30
0.0
  0
VERTEX
  5
16B1
330
16AB
100
AcDbEntity
  8
0
 62
     6
370
     0
100
AcDbVertex
100
AcDb2dVertex
 10
2738.77257644156
 20
1543.26460505138
 30
0.0
  0
VERTEX
  5
16B2
330
16AB
100
AcDbEntity
  8
0
 62
     6
370
     0
100
AcDbVertex
100
AcDb2dVertex
 10
2739.218845337624
 20
1543.243354151567
 30
0.0
  0
VERTEX
  5
16B3
330
16AB
100
AcDbEntity
  8
0
 62
     6
370
     0
100
AcDbVertex
100
AcDb2dVertex
 10
2739.898874131625
 20
1542.945841554191
 30
0.0
  0
VERTEX
  5
16B4
330
16AB
100
AcDbEntity
  8
0
 62
     6
370
     0
100
AcDbVertex
100
AcDb2dVertex
 10
2739.962626831063
 20
1542.882088854753
 30
0.0
  0
VERTEX
  5
16B5
330
16AB
100
AcDbEntity
  8
0
 62
     6
370
     0
100
AcDbVertex
100
AcDb2dVertex
 10
2740.175135829189
 20
1542.095805561689
 30
0.0
  0
VERTEX
  5
16B6
330
16AB
100
AcDbEntity
  8
0
 62
     6
370
     0
100
AcDbVertex
100
AcDb2dVertex
 10
2740.175135829189
 20
1541.840794763938
 30
0.0
  0
VERTEX
  5
16B7
330
16AB
100
AcDbEntity
  8
0
 62
     6
370
     0
100
AcDbVertex
100
AcDb2dVertex
 10
2740.090132229939
 20
1541.798292964313
 30
0.0
  0
VERTEX
  5
16B8
330
16AB
100
AcDbEntity
  8
0
 62
     6
370
     0
100
AcDbVertex
100
AcDb2dVertex
 10
2739.388852536124
 20
1541.649536665625
 30
0.0
  0
VERTEX
  5
16B9
330
16AB
100
AcDbEntity
  8
0
 62
     6
370
     0
100
AcDbVertex
100
AcDb2dVertex
 10
2738.411311144747
 20
1541.500780366937
 30
0.0
  0
VERTEX
  5
16BA
330
16AB
100
AcDbEntity
  8
0
 62
     6
370
     0
100
AcDbVertex
100
AcDb2dVertex
 10
2738.347558445309
 20
1541.479529467125
 30
0.0
  0
VERTEX
  5
16BB
330
16AB
100
AcDbEntity
  8
0
 62
     6
370
     0
100
AcDbVertex
100
AcDb2dVertex
 10
2737.540024252432
 20
1541.352024068249
 30
0.0
  0
VERTEX
  5
16BC
330
16AB
100
AcDbEntity
  8
0
 62
     6
370
     0
100
AcDbVertex
100
AcDb2dVertex
 10
2740.175135829189
 20
1541.054511470874
 30
0.0
  0
VERTEX
  5
16BD
330
16AB
100
AcDbEntity
  8
0
 62
     6
370
     0
100
AcDbVertex
100
AcDb2dVertex
 10
2740.175135829189
 20
1540.714497073873
 30
0.0
  0
VERTEX
  5
16BE
330
16AB
100
AcDbEntity
  8
0
 62
     6
370
     0
100
AcDbVertex
100
AcDb2dVertex
 10
2740.175135829189
 20
1540.480737175935
 30
0.0
  0
VERTEX
  5
16BF
330
16AB
100
AcDbEntity
  8
0
 62
     6
370
     0
100
AcDbVertex
100
AcDb2dVertex
 10
2740.005128630688
 20
1539.715704782682
 30
0.0
  0
VERTEX
  5
16C0
330
16AB
100
AcDbEntity
  8
0
 62
     6
370
     0
100
AcDbVertex
100
AcDb2dVertex
 10
2739.94137593125
 20
1539.609450283619
 30
0.0
  0
VERTEX
  5
16C1
330
16AB
100
AcDbEntity
  8
0
 62
     6
370
     0
100
AcDbVertex
100
AcDb2dVertex
 10
2739.367601636312
 20
1539.035675988681
 30
0.0
  0
VERTEX
  5
16C2
330
16AB
100
AcDbEntity
  8
0
 62
     6
370
     0
100
AcDbVertex
100
AcDb2dVertex
 10
2739.176343537998
 20
1538.95067238943
 30
0.0
  0
VERTEX
  5
16C3
330
16AB
100
AcDbEntity
  8
0
 62
     6
370
     0
100
AcDbVertex
100
AcDb2dVertex
 10
2738.347558445309
 20
1538.801916090742
 30
0.0
  0
VERTEX
  5
16C4
330
16AB
100
AcDbEntity
  8
0
 62
     6
370
     0
100
AcDbVertex
100
AcDb2dVertex
 10
2736.647486460304
 20
1538.504403493367
 30
0.0
  0
VERTEX
  5
16C5
330
16AB
100
AcDbEntity
  8
0
 62
     6
370
     0
100
AcDbVertex
100
AcDb2dVertex
 10
2737.242511655056
 20
1538.143138196553
 30
0.0
  0
VERTEX
  5
16C6
330
16AB
100
AcDbEntity
  8
0
 62
     6
370
     0
100
AcDbVertex
100
AcDb2dVertex
 10
2738.113798547371
 20
1538.015632797678
 30
0.0
  0
VERTEX
  5
16C7
330
16AB
100
AcDbEntity
  8
0
 62
     6
370
     0
100
AcDbVertex
100
AcDb2dVertex
 10
2738.411311144747
 20
1538.03688369749
 30
0.0
  0
VERTEX
  5
16C8
330
16AB
100
AcDbEntity
  8
0
 62
     6
370
     0
100
AcDbVertex
100
AcDb2dVertex
 10
2739.197594437811
 20
1538.206890895991
 30
0.0
  0
VERTEX
  5
16C9
330
16AB
100
AcDbEntity
  8
0
 62
     6
370
     0
100
AcDbVertex
100
AcDb2dVertex
 10
2739.537608834812
 20
1538.376898094491
 30
0.0
  0
VERTEX
  5
16CA
330
16AB
100
AcDbEntity
  8
0
 62
     6
370
     0
100
AcDbVertex
100
AcDb2dVertex
 10
2740.260139428439
 20
1538.86566879018
 30
0.0
  0
VERTEX
  5
16CB
330
16AB
100
AcDbEntity
  8
0
 62
     6
370
     0
100
AcDbVertex
100
AcDb2dVertex
 10
2741.216429920004
 20
1538.886919689993
 30
0.0
  0
VERTEX
  5
16CC
330
16AB
100
AcDbEntity
  8
0
 62
     6
370
     0
100
AcDbVertex
100
AcDb2dVertex
 10
2741.173928120379
 20
1539.503195784557
 30
0.0
  0
VERTEX
  5
16CD
330
16AB
100
AcDbEntity
  8
0
 62
     6
370
     0
100
AcDbVertex
100
AcDb2dVertex
 10
2741.152677220566
 20
1540.586991674997
 30
0.0
  0
VERTEX
  5
16CE
330
16AB
100
AcDbEntity
  8
0
 62
     6
370
     0
100
AcDbVertex
100
AcDb2dVertex
 10
2741.152677220566
 20
1541.883296563563
 30
0.0
  0
VERTEX
  5
16CF
330
16AB
100
AcDbEntity
  8
0
 62
     6
370
     0
100
AcDbVertex
100
AcDb2dVertex
 10
2741.152677220566
 20
1541.989551062626
 30
0.0
  0
VERTEX
  5
16D0
330
16AB
100
AcDbEntity
  8
0
 62
     6
370
     0
100
AcDbVertex
100
AcDb2dVertex
 10
2741.110175420941
 20
1542.797085255503
 30
0.0
  0
VERTEX
  5
16D1
330
16AB
100
AcDbEntity
  8
0
 62
     6
370
     0
100
AcDbVertex
100
AcDb2dVertex
 10
2740.812662823566
 20
1543.477114049505
 30
0.0
  0
VERTEX
  5
16D2
330
16AB
100
AcDbEntity
  8
0
 62
     6
370
     0
100
AcDbVertex
100
AcDb2dVertex
 10
2740.132634029564
 20
1543.902132045756
 30
0.0
  0
VERTEX
  5
16D3
330
16AB
100
AcDbEntity
  8
0
 62
     6
370
     0
100
AcDbVertex
100
AcDb2dVertex
 10
2739.792619632563
 20
1544.008386544819
 30
0.0
  0
SEQEND
  5
16D4
330
16AB
100
AcDbEntity
  8
0
 62
     6
370
     0
  0
POLYLINE
  5
16D5
330
1F
100
AcDbEntity
  8
0
 62
     6
370
     0
100
AcDb2dPolyline
 66
     1
 10
0.0
 20
0.0
 30
0.0
 70
     1
  0
VERTEX
  5
16D6
330
16D5
100
AcDbEntity
  8
0
 62
     6
370
     0
100
AcDbVertex
100
AcDb2dVertex
 10
2747.039176468645
 20
1543.392110450255
 30
0.0
  0
VERTEX
  5
16D7
330
16D5
100
AcDbEntity
  8
0
 62
     6
370
     0
100
AcDbVertex
100
AcDb2dVertex
 10
2745.211599084765
 20
1543.222103251754
 30
0.0
  0
VERTEX
  5
16D8
330
16D5
100
AcDbEntity
  8
0
 62
     6
370
     0
100
AcDbVertex
100
AcDb2dVertex
 10
2745.891627878767
 20
1543.052096053254
 30
0.0
  0
VERTEX
  5
16D9
330
16D5
100
AcDbEntity
  8
0
 62
     6
370
     0
100
AcDbVertex
100
AcDb2dVertex
 10
2746.295394975206
 20
1542.584576257378
 30
0.0
  0
VERTEX
  5
16DA
330
16D5
100
AcDbEntity
  8
0
 62
     6
370
     0
100
AcDbVertex
100
AcDb2dVertex
 10
2746.316645875018
 20
1542.52082355794
 30
0.0
  0
VERTEX
  5
16DB
330
16D5
100
AcDbEntity
  8
0
 62
     6
370
     0
100
AcDbVertex
100
AcDb2dVertex
 10
2746.401649474269
 20
1541.670787565438
 30
0.0
  0
VERTEX
  5
16DC
330
16D5
100
AcDbEntity
  8
0
 62
     6
370
     0
100
AcDbVertex
100
AcDb2dVertex
 10
2746.401649474269
 20
1538.164389096366
 30
0.0
  0
VERTEX
  5
16DD
330
16D5
100
AcDbEntity
  8
0
 62
     6
370
     0
100
AcDbVertex
100
AcDb2dVertex
 10
2747.400441765459
 20
1538.164389096366
 30
0.0
  0
VERTEX
  5
16DE
330
16D5
100
AcDbEntity
  8
0
 62
     6
370
     0
100
AcDbVertex
100
AcDb2dVertex
 10
2747.400441765459
 20
1541.713289365063
 30
0.0
  0
VERTEX
  5
16DF
330
16D5
100
AcDbEntity
  8
0
 62
     6
370
     0
100
AcDbVertex
100
AcDb2dVertex
 10
2747.379190865646
 20
1541.883296563563
 30
0.0
  0
VERTEX
  5
16E0
330
16D5
100
AcDbEntity
  8
0
 62
     6
370
     0
100
AcDbVertex
100
AcDb2dVertex
 10
2747.336689066021
 20
1542.669579856628
 30
0.0
  0
SEQEND
  5
16E1
330
16D5
100
AcDbEntity
  8
0
 62
     6
370
     0
  0
POLYLINE
  5
16E2
330
1F
100
AcDbEntity
  8
0
 62
     6
370
     0
100
AcDb2dPolyline
 66
     1
 10
0.0
 20
0.0
 30
0.0
 70
     1
  0
VERTEX
  5
16E3
330
16E2
100
AcDbEntity
  8
0
 62
     6
370
     0
100
AcDbVertex
100
AcDb2dVertex
 10
2743.575279799198
 20
1543.944633845381
 30
0.0
  0
VERTEX
  5
16E4
330
16E2
100
AcDbEntity
  8
0
 62
     6
370
     0
100
AcDbVertex
100
AcDb2dVertex
 10
2742.682742007071
 20
1543.944633845381
 30
0.0
  0
VERTEX
  5
16E5
330
16E2
100
AcDbEntity
  8
0
 62
     6
370
     0
100
AcDbVertex
100
AcDb2dVertex
 10
2742.682742007071
 20
1538.164389096366
 30
0.0
  0
VERTEX
  5
16E6
330
16E2
100
AcDbEntity
  8
0
 62
     6
370
     0
100
AcDbVertex
100
AcDb2dVertex
 10
2743.660283398448
 20
1538.164389096366
 30
0.0
  0
VERTEX
  5
16E7
330
16E2
100
AcDbEntity
  8
0
 62
     6
370
     0
100
AcDbVertex
100
AcDb2dVertex
 10
2743.660283398448
 20
1541.330773168437
 30
0.0
  0
VERTEX
  5
16E8
330
16E2
100
AcDbEntity
  8
0
 62
     6
370
     0
100
AcDbVertex
100
AcDb2dVertex
 10
2743.787788797324
 20
1542.265812760189
 30
0.0
  0
VERTEX
  5
16E9
330
16E2
100
AcDbEntity
  8
0
 62
     6
370
     0
100
AcDbVertex
100
AcDb2dVertex
 10
2744.127803194325
 20
1542.839587055128
 30
0.0
  0
VERTEX
  5
16EA
330
16E2
100
AcDbEntity
  8
0
 62
     6
370
     0
100
AcDbVertex
100
AcDb2dVertex
 10
2744.4253157917
 20
1543.030845153441
 30
0.0
  0
VERTEX
  5
16EB
330
16E2
100
AcDbEntity
  8
0
 62
     6
370
     0
100
AcDbVertex
100
AcDb2dVertex
 10
2743.575279799198
 20
1543.137099652504
 30
0.0
  0
SEQEND
  5
16EC
330
16E2
100
AcDbEntity
  8
0
 62
     6
370
     0
  0
POLYLINE
  5
16ED
330
1F
100
AcDbEntity
  8
0
 62
     6
370
     0
100
AcDb2dPolyline
 66
     1
 10
0.0
 20
0.0
 30
0.0
 70
     1
  0
VERTEX
  5
16EE
330
16ED
100
AcDbEntity
  8
0
 62
     6
370
     0
100
AcDbVertex
100
AcDb2dVertex
 10
2745.402857183079
 20
1544.072139244257
 30
0.0
  0
VERTEX
  5
16EF
330
16ED
100
AcDbEntity
  8
0
 62
     6
370
     0
100
AcDbVertex
100
AcDb2dVertex
 10
2744.829082888139
 20
1544.008386544819
 30
0.0
  0
VERTEX
  5
16F0
330
16ED
100
AcDbEntity
  8
0
 62
     6
370
     0
100
AcDbVertex
100
AcDb2dVertex
 10
2744.127803194325
 20
1543.710873947443
 30
0.0
  0
VERTEX
  5
16F1
330
16ED
100
AcDbEntity
  8
0
 62
     6
370
     0
100
AcDbVertex
100
AcDb2dVertex
 10
2743.575279799198
 20
1543.137099652504
 30
0.0
  0
VERTEX
  5
16F2
330
16ED
100
AcDbEntity
  8
0
 62
     6
370
     0
100
AcDbVertex
100
AcDb2dVertex
 10
2744.4253157917
 20
1543.030845153441
 30
0.0
  0
VERTEX
  5
16F3
330
16ED
100
AcDbEntity
  8
0
 62
     6
370
     0
100
AcDbVertex
100
AcDb2dVertex
 10
2745.211599084765
 20
1543.222103251754
 30
0.0
  0
VERTEX
  5
16F4
330
16ED
100
AcDbEntity
  8
0
 62
     6
370
     0
100
AcDbVertex
100
AcDb2dVertex
 10
2747.039176468645
 20
1543.392110450255
 30
0.0
  0
VERTEX
  5
16F5
330
16ED
100
AcDbEntity
  8
0
 62
     6
370
     0
100
AcDbVertex
100
AcDb2dVertex
 10
2747.017925568832
 20
1543.413361350068
 30
0.0
  0
VERTEX
  5
16F6
330
16ED
100
AcDbEntity
  8
0
 62
     6
370
     0
100
AcDbVertex
100
AcDb2dVertex
 10
2746.380398574456
 20
1543.902132045756
 30
0.0
  0
VERTEX
  5
16F7
330
16ED
100
AcDbEntity
  8
0
 62
     6
370
     0
100
AcDbVertex
100
AcDb2dVertex
 10
2746.231642275768
 20
1543.944633845381
 30
0.0
  0
SEQEND
  5
16F8
330
16ED
100
AcDbEntity
  8
0
 62
     6
370
     0
  0
POLYLINE
  5
16F9
330
1F
100
AcDbEntity
  8
0
 62
     6
370
     0
100
AcDb2dPolyline
 66
     1
 10
0.0
 20
0.0
 30
0.0
 70
     1
  0
VERTEX
  5
16FA
330
16F9
100
AcDbEntity
  8
0
 62
     6
370
     0
100
AcDbVertex
100
AcDb2dVertex
 10
2752.670664918973
 20
1540.268228177809
 30
0.0
  0
VERTEX
  5
16FB
330
16F9
100
AcDbEntity
  8
0
 62
     6
370
     0
100
AcDbVertex
100
AcDb2dVertex
 10
2752.585661319722
 20
1539.843210181558
 30
0.0
  0
VERTEX
  5
16FC
330
16F9
100
AcDbEntity
  8
0
 62
     6
370
     0
100
AcDbVertex
100
AcDb2dVertex
 10
2752.181894223284
 20
1539.184432287368
 30
0.0
  0
VERTEX
  5
16FD
330
16F9
100
AcDbEntity
  8
0
 62
     6
370
     0
100
AcDbVertex
100
AcDb2dVertex
 10
2751.990636124971
 20
1539.035675988681
 30
0.0
  0
VERTEX
  5
16FE
330
16F9
100
AcDbEntity
  8
0
 62
     6
370
     0
100
AcDbVertex
100
AcDb2dVertex
 10
2751.225603731719
 20
1538.823166990555
 30
0.0
  0
VERTEX
  5
16FF
330
16F9
100
AcDbEntity
  8
0
 62
     6
370
     0
100
AcDbVertex
100
AcDb2dVertex
 10
2749.31302274859
 20
1538.801916090742
 30
0.0
  0
VERTEX
  5
1700
330
16F9
100
AcDbEntity
  8
0
 62
     6
370
     0
100
AcDbVertex
100
AcDb2dVertex
 10
2749.695538945215
 20
1538.483152593554
 30
0.0
  0
VERTEX
  5
1701
330
16F9
100
AcDbEntity
  8
0
 62
     6
370
     0
100
AcDbVertex
100
AcDb2dVertex
 10
2750.396818639029
 20
1538.143138196553
 30
0.0
  0
VERTEX
  5
1702
330
16F9
100
AcDbEntity
  8
0
 62
     6
370
     0
100
AcDbVertex
100
AcDb2dVertex
 10
2751.225603731719
 20
1538.015632797678
 30
0.0
  0
VERTEX
  5
1703
330
16F9
100
AcDbEntity
  8
0
 62
     6
370
     0
100
AcDbVertex
100
AcDb2dVertex
 10
2751.331858230782
 20
1538.03688369749
 30
0.0
  0
VERTEX
  5
1704
330
16F9
100
AcDbEntity
  8
0
 62
     6
370
     0
100
AcDbVertex
100
AcDb2dVertex
 10
2752.160643323471
 20
1538.185639996178
 30
0.0
  0
VERTEX
  5
1705
330
16F9
100
AcDbEntity
  8
0
 62
     6
370
     0
100
AcDbVertex
100
AcDb2dVertex
 10
2752.840672117474
 20
1538.589407092617
 30
0.0
  0
VERTEX
  5
1706
330
16F9
100
AcDbEntity
  8
0
 62
     6
370
     0
100
AcDbVertex
100
AcDb2dVertex
 10
2752.946926616536
 20
1538.695661591679
 30
0.0
  0
VERTEX
  5
1707
330
16F9
100
AcDbEntity
  8
0
 62
     6
370
     0
100
AcDbVertex
100
AcDb2dVertex
 10
2753.3931955126
 20
1539.333188586056
 30
0.0
  0
VERTEX
  5
1708
330
16F9
100
AcDbEntity
  8
0
 62
     6
370
     0
100
AcDbVertex
100
AcDb2dVertex
 10
2753.648206310351
 20
1540.161973678746
 30
0.0
  0
SEQEND
  5
1709
330
16F9
100
AcDbEntity
  8
0
 62
     6
370
     0
  0
POLYLINE
  5
170A
330
1F
100
AcDbEntity
  8
0
 62
     6
370
     0
100
AcDb2dPolyline
 66
     1
 10
0.0
 20
0.0
 30
0.0
 70
     1
  0
VERTEX
  5
170B
330
170A
100
AcDbEntity
  8
0
 62
     6
370
     0
100
AcDbVertex
100
AcDb2dVertex
 10
2749.355524548214
 20
1543.370859550442
 30
0.0
  0
VERTEX
  5
170C
330
170A
100
AcDbEntity
  8
0
 62
     6
370
     0
100
AcDbVertex
100
AcDb2dVertex
 10
2748.909255652151
 20
1542.669579856628
 30
0.0
  0
VERTEX
  5
170D
330
170A
100
AcDbEntity
  8
0
 62
     6
370
     0
100
AcDbVertex
100
AcDb2dVertex
 10
2748.888004752338
 20
1542.648328956815
 30
0.0
  0
VERTEX
  5
170E
330
170A
100
AcDbEntity
  8
0
 62
     6
370
     0
100
AcDbVertex
100
AcDb2dVertex
 10
2748.675495754212
 20
1541.904547463376
 30
0.0
  0
VERTEX
  5
170F
330
170A
100
AcDbEntity
  8
0
 62
     6
370
     0
100
AcDbVertex
100
AcDb2dVertex
 10
2748.590492154962
 20
1541.033260571061
 30
0.0
  0
VERTEX
  5
1710
330
170A
100
AcDbEntity
  8
0
 62
     6
370
     0
100
AcDbVertex
100
AcDb2dVertex
 10
2748.675495754212
 20
1540.183224578559
 30
0.0
  0
VERTEX
  5
1711
330
170A
100
AcDbEntity
  8
0
 62
     6
370
     0
100
AcDbVertex
100
AcDb2dVertex
 10
2748.909255652151
 20
1539.418192185306
 30
0.0
  0
VERTEX
  5
1712
330
170A
100
AcDbEntity
  8
0
 62
     6
370
     0
100
AcDbVertex
100
AcDb2dVertex
 10
2749.31302274859
 20
1538.801916090742
 30
0.0
  0
VERTEX
  5
1713
330
170A
100
AcDbEntity
  8
0
 62
     6
370
     0
100
AcDbVertex
100
AcDb2dVertex
 10
2751.225603731719
 20
1538.823166990555
 30
0.0
  0
VERTEX
  5
1714
330
170A
100
AcDbEntity
  8
0
 62
     6
370
     0
100
AcDbVertex
100
AcDb2dVertex
 10
2750.694331236405
 20
1538.908170589805
 30
0.0
  0
VERTEX
  5
1715
330
170A
100
AcDbEntity
  8
0
 62
     6
370
     0
100
AcDbVertex
100
AcDb2dVertex
 10
2750.056804242028
 20
1539.354439485869
 30
0.0
  0
VERTEX
  5
1716
330
170A
100
AcDbEntity
  8
0
 62
     6
370
     0
100
AcDbVertex
100
AcDb2dVertex
 10
2749.971800642778
 20
1539.460693984931
 30
0.0
  0
VERTEX
  5
1717
330
170A
100
AcDbEntity
  8
0
 62
     6
370
     0
100
AcDbVertex
100
AcDb2dVertex
 10
2749.695538945215
 20
1540.119471879121
 30
0.0
  0
VERTEX
  5
1718
330
170A
100
AcDbEntity
  8
0
 62
     6
370
     0
100
AcDbVertex
100
AcDb2dVertex
 10
2749.610535345965
 20
1541.054511470874
 30
0.0
  0
VERTEX
  5
1719
330
170A
100
AcDbEntity
  8
0
 62
     6
370
     0
100
AcDbVertex
100
AcDb2dVertex
 10
2749.610535345965
 20
1541.245769569187
 30
0.0
  0
VERTEX
  5
171A
330
170A
100
AcDbEntity
  8
0
 62
     6
370
     0
100
AcDbVertex
100
AcDb2dVertex
 10
2749.73804074484
 20
1542.117056461501
 30
0.0
  0
VERTEX
  5
171B
330
170A
100
AcDbEntity
  8
0
 62
     6
370
     0
100
AcDbVertex
100
AcDb2dVertex
 10
2750.078055141841
 20
1542.754583455878
 30
0.0
  0
VERTEX
  5
171C
330
170A
100
AcDbEntity
  8
0
 62
     6
370
     0
100
AcDbVertex
100
AcDb2dVertex
 10
2750.481822238279
 20
1543.094597852879
 30
0.0
  0
VERTEX
  5
171D
330
170A
100
AcDbEntity
  8
0
 62
     6
370
     0
100
AcDbVertex
100
AcDb2dVertex
 10
2751.268105531345
 20
1543.26460505138
 30
0.0
  0
SEQEND
  5
171E
330
170A
100
AcDbEntity
  8
0
 62
     6
370
     0
  0
POLYLINE
  5
171F
330
1F
100
AcDbEntity
  8
0
 62
     6
370
     0
100
AcDb2dPolyline
 66
     1
 10
0.0
 20
0.0
 30
0.0
 70
     1
  0
VERTEX
  5
1720
330
171F
100
AcDbEntity
  8
0
 62
     6
370
     0
100
AcDbVertex
100
AcDb2dVertex
 10
2751.225603731719
 20
1544.072139244257
 30
0.0
  0
VERTEX
  5
1721
330
171F
100
AcDbEntity
  8
0
 62
     6
370
     0
100
AcDbVertex
100
AcDb2dVertex
 10
2750.630578536967
 20
1544.008386544819
 30
0.0
  0
VERTEX
  5
1722
330
171F
100
AcDbEntity
  8
0
 62
     6
370
     0
100
AcDbVertex
100
AcDb2dVertex
 10
2749.865546143715
 20
1543.732124847256
 30
0.0
  0
VERTEX
  5
1723
330
171F
100
AcDbEntity
  8
0
 62
     6
370
     0
100
AcDbVertex
100
AcDb2dVertex
 10
2749.355524548214
 20
1543.370859550442
 30
0.0
  0
VERTEX
  5
1724
330
171F
100
AcDbEntity
  8
0
 62
     6
370
     0
100
AcDbVertex
100
AcDb2dVertex
 10
2751.268105531345
 20
1543.26460505138
 30
0.0
  0
VERTEX
  5
1725
330
171F
100
AcDbEntity
  8
0
 62
     6
370
     0
100
AcDbVertex
100
AcDb2dVertex
 10
2751.374360030407
 20
1543.26460505138
 30
0.0
  0
VERTEX
  5
1726
330
171F
100
AcDbEntity
  8
0
 62
     6
370
     0
100
AcDbVertex
100
AcDb2dVertex
 10
2752.118141523846
 20
1542.988343353816
 30
0.0
  0
VERTEX
  5
1727
330
171F
100
AcDbEntity
  8
0
 62
     6
370
     0
100
AcDbVertex
100
AcDb2dVertex
 10
2752.245646922722
 20
1542.860837954941
 30
0.0
  0
VERTEX
  5
1728
330
171F
100
AcDbEntity
  8
0
 62
     6
370
     0
100
AcDbVertex
100
AcDb2dVertex
 10
2752.585661319722
 20
1542.095805561689
 30
0.0
  0
VERTEX
  5
1729
330
171F
100
AcDbEntity
  8
0
 62
     6
370
     0
100
AcDbVertex
100
AcDb2dVertex
 10
2753.541951811288
 20
1542.244561860377
 30
0.0
  0
VERTEX
  5
172A
330
171F
100
AcDbEntity
  8
0
 62
     6
370
     0
100
AcDbVertex
100
AcDb2dVertex
 10
2753.286941013537
 20
1543.009594253629
 30
0.0
  0
VERTEX
  5
172B
330
171F
100
AcDbEntity
  8
0
 62
     6
370
     0
100
AcDbVertex
100
AcDb2dVertex
 10
2752.776919418036
 20
1543.60461944838
 30
0.0
  0
VERTEX
  5
172C
330
171F
100
AcDbEntity
  8
0
 62
     6
370
     0
100
AcDbVertex
100
AcDb2dVertex
 10
2752.776919418036
 20
1543.60461944838
 30
0.0
  0
VERTEX
  5
172D
330
171F
100
AcDbEntity
  8
0
 62
     6
370
     0
100
AcDbVertex
100
AcDb2dVertex
 10
2752.096890624034
 20
1543.965884745194
 30
0.0
  0
SEQEND
  5
172E
330
171F
100
AcDbEntity
  8
0
 62
     6
370
     0
  0
POLYLINE
  5
172F
330
1F
100
AcDbEntity
  8
0
 62
     6
370
     0
100
AcDb2dPolyline
 66
     1
 10
0.0
 20
0.0
 30
0.0
 70
     1
  0
VERTEX
  5
1730
330
172F
100
AcDbEntity
  8
0
 62
     6
370
     0
100
AcDbVertex
100
AcDb2dVertex
 10
2758.790924064989
 20
1543.307106851005
 30
0.0
  0
VERTEX
  5
1731
330
172F
100
AcDbEntity
  8
0
 62
     6
370
     0
100
AcDbVertex
100
AcDb2dVertex
 10
2756.835841282234
 20
1543.26460505138
 30
0.0
  0
VERTEX
  5
1732
330
172F
100
AcDbEntity
  8
0
 62
     6
370
     0
100
AcDbVertex
100
AcDb2dVertex
 10
2757.388364677361
 20
1543.179601452129
 30
0.0
  0
VERTEX
  5
1733
330
172F
100
AcDbEntity
  8
0
 62
     6
370
     0
100
AcDbVertex
100
AcDb2dVertex
 10
2758.04714257155
 20
1542.712081656253
 30
0.0
  0
VERTEX
  5
1734
330
172F
100
AcDbEntity
  8
0
 62
     6
370
     0
100
AcDbVertex
100
AcDb2dVertex
 10
2758.110895270988
 20
1542.648328956815
 30
0.0
  0
VERTEX
  5
1735
330
172F
100
AcDbEntity
  8
0
 62
     6
370
     0
100
AcDbVertex
100
AcDb2dVertex
 10
2758.429658768176
 20
1541.989551062626
 30
0.0
  0
VERTEX
  5
1736
330
172F
100
AcDbEntity
  8
0
 62
     6
370
     0
100
AcDbVertex
100
AcDb2dVertex
 10
2758.535913267239
 20
1541.075762370686
 30
0.0
  0
VERTEX
  5
1737
330
172F
100
AcDbEntity
  8
0
 62
     6
370
     0
100
AcDbVertex
100
AcDb2dVertex
 10
2758.535913267239
 20
1540.884504272373
 30
0.0
  0
VERTEX
  5
1738
330
172F
100
AcDbEntity
  8
0
 62
     6
370
     0
100
AcDbVertex
100
AcDb2dVertex
 10
2758.387156968551
 20
1540.013217380058
 30
0.0
  0
VERTEX
  5
1739
330
172F
100
AcDbEntity
  8
0
 62
     6
370
     0
100
AcDbVertex
100
AcDb2dVertex
 10
2758.04714257155
 20
1539.396941285494
 30
0.0
  0
VERTEX
  5
173A
330
172F
100
AcDbEntity
  8
0
 62
     6
370
     0
100
AcDbVertex
100
AcDb2dVertex
 10
2757.600873675486
 20
1539.014425088868
 30
0.0
  0
VERTEX
  5
173B
330
172F
100
AcDbEntity
  8
0
 62
     6
370
     0
100
AcDbVertex
100
AcDb2dVertex
 10
2756.835841282234
 20
1538.823166990555
 30
0.0
  0
VERTEX
  5
173C
330
172F
100
AcDbEntity
  8
0
 62
     6
370
     0
100
AcDbVertex
100
AcDb2dVertex
 10
2754.859507599667
 20
1538.801916090742
 30
0.0
  0
VERTEX
  5
173D
330
172F
100
AcDbEntity
  8
0
 62
     6
370
     0
100
AcDbVertex
100
AcDb2dVertex
 10
2755.263274696105
 20
1538.461901693741
 30
0.0
  0
VERTEX
  5
173E
330
172F
100
AcDbEntity
  8
0
 62
     6
370
     0
100
AcDbVertex
100
AcDb2dVertex
 10
2755.985805289733
 20
1538.143138196553
 30
0.0
  0
VERTEX
  5
173F
330
172F
100
AcDbEntity
  8
0
 62
     6
370
     0
100
AcDbVertex
100
AcDb2dVertex
 10
2756.835841282234
 20
1538.015632797678
 30
0.0
  0
VERTEX
  5
1740
330
172F
100
AcDbEntity
  8
0
 62
     6
370
     0
100
AcDbVertex
100
AcDb2dVertex
 10
2757.473368276611
 20
1538.100636396928
 30
0.0
  0
VERTEX
  5
1741
330
172F
100
AcDbEntity
  8
0
 62
     6
370
     0
100
AcDbVertex
100
AcDb2dVertex
 10
2758.238400669864
 20
1538.376898094491
 30
0.0
  0
VERTEX
  5
1742
330
172F
100
AcDbEntity
  8
0
 62
     6
370
     0
100
AcDbVertex
100
AcDb2dVertex
 10
2758.705920465739
 20
1538.716912491492
 30
0.0
  0
VERTEX
  5
1743
330
172F
100
AcDbEntity
  8
0
 62
     6
370
     0
100
AcDbVertex
100
AcDb2dVertex
 10
2759.215942061241
 20
1539.375690385681
 30
0.0
  0
VERTEX
  5
1744
330
172F
100
AcDbEntity
  8
0
 62
     6
370
     0
100
AcDbVertex
100
AcDb2dVertex
 10
2759.258443860866
 20
1539.481944884744
 30
0.0
  0
VERTEX
  5
1745
330
172F
100
AcDbEntity
  8
0
 62
     6
370
     0
100
AcDbVertex
100
AcDb2dVertex
 10
2759.470952858991
 20
1540.204475478371
 30
0.0
  0
VERTEX
  5
1746
330
172F
100
AcDbEntity
  8
0
 62
     6
370
     0
100
AcDbVertex
100
AcDb2dVertex
 10
2759.534705558429
 20
1541.139515070124
 30
0.0
  0
VERTEX
  5
1747
330
172F
100
AcDbEntity
  8
0
 62
     6
370
     0
100
AcDbVertex
100
AcDb2dVertex
 10
2759.470952858991
 20
1541.925798363188
 30
0.0
  0
VERTEX
  5
1748
330
172F
100
AcDbEntity
  8
0
 62
     6
370
     0
100
AcDbVertex
100
AcDb2dVertex
 10
2759.215942061241
 20
1542.690830756441
 30
0.0
  0
SEQEND
  5
1749
330
172F
100
AcDbEntity
  8
0
 62
     6
370
     0
  0
POLYLINE
  5
174A
330
1F
100
AcDbEntity
  8
0
 62
     6
370
     0
100
AcDb2dPolyline
 66
     1
 10
0.0
 20
0.0
 30
0.0
 70
     1
  0
VERTEX
  5
174B
330
174A
100
AcDbEntity
  8
0
 62
     6
370
     0
100
AcDbVertex
100
AcDb2dVertex
 10
2756.835841282234
 20
1544.072139244257
 30
0.0
  0
VERTEX
  5
174C
330
174A
100
AcDbEntity
  8
0
 62
     6
370
     0
100
AcDbVertex
100
AcDb2dVertex
 10
2756.474575985422
 20
1544.072139244257
 30
0.0
  0
VERTEX
  5
174D
330
174A
100
AcDbEntity
  8
0
 62
     6
370
     0
100
AcDbVertex
100
AcDb2dVertex
 10
2755.688292692356
 20
1543.859630246131
 30
0.0
  0
VERTEX
  5
174E
330
174A
100
AcDbEntity
  8
0
 62
     6
370
     0
100
AcDbVertex
100
AcDb2dVertex
 10
2755.008263898354
 20
1543.43461224988
 30
0.0
  0
VERTEX
  5
174F
330
174A
100
AcDbEntity
  8
0
 62
     6
370
     0
100
AcDbVertex
100
AcDb2dVertex
 10
2754.880758499479
 20
1543.328357750817
 30
0.0
  0
VERTEX
  5
1750
330
174A
100
AcDbEntity
  8
0
 62
     6
370
     0
100
AcDbVertex
100
AcDb2dVertex
 10
2754.455740503229
 20
1542.712081656253
 30
0.0
  0
VERTEX
  5
1751
330
174A
100
AcDbEntity
  8
0
 62
     6
370
     0
100
AcDbVertex
100
AcDb2dVertex
 10
2754.200729705477
 20
1541.968300162813
 30
0.0
  0
VERTEX
  5
1752
330
174A
100
AcDbEntity
  8
0
 62
     6
370
     0
100
AcDbVertex
100
AcDb2dVertex
 10
2754.115726106227
 20
1541.054511470874
 30
0.0
  0
VERTEX
  5
1753
330
174A
100
AcDbEntity
  8
0
 62
     6
370
     0
100
AcDbVertex
100
AcDb2dVertex
 10
2754.200729705477
 20
1540.161973678746
 30
0.0
  0
VERTEX
  5
1754
330
174A
100
AcDbEntity
  8
0
 62
     6
370
     0
100
AcDbVertex
100
AcDb2dVertex
 10
2754.455740503229
 20
1539.396941285494
 30
0.0
  0
VERTEX
  5
1755
330
174A
100
AcDbEntity
  8
0
 62
     6
370
     0
100
AcDbVertex
100
AcDb2dVertex
 10
2754.859507599667
 20
1538.801916090742
 30
0.0
  0
VERTEX
  5
1756
330
174A
100
AcDbEntity
  8
0
 62
     6
370
     0
100
AcDbVertex
100
AcDb2dVertex
 10
2756.835841282234
 20
1538.823166990555
 30
0.0
  0
VERTEX
  5
1757
330
174A
100
AcDbEntity
  8
0
 62
     6
370
     0
100
AcDbVertex
100
AcDb2dVertex
 10
2756.262066987295
 20
1538.929421489618
 30
0.0
  0
VERTEX
  5
1758
330
174A
100
AcDbEntity
  8
0
 62
     6
370
     0
100
AcDbVertex
100
AcDb2dVertex
 10
2755.603289093106
 20
1539.396941285494
 30
0.0
  0
VERTEX
  5
1759
330
174A
100
AcDbEntity
  8
0
 62
     6
370
     0
100
AcDbVertex
100
AcDb2dVertex
 10
2755.539536393668
 20
1539.481944884744
 30
0.0
  0
VERTEX
  5
175A
330
174A
100
AcDbEntity
  8
0
 62
     6
370
     0
100
AcDbVertex
100
AcDb2dVertex
 10
2755.22077289648
 20
1540.140722778933
 30
0.0
  0
VERTEX
  5
175B
330
174A
100
AcDbEntity
  8
0
 62
     6
370
     0
100
AcDbVertex
100
AcDb2dVertex
 10
2755.114518397417
 20
1541.054511470874
 30
0.0
  0
VERTEX
  5
175C
330
174A
100
AcDbEntity
  8
0
 62
     6
370
     0
100
AcDbVertex
100
AcDb2dVertex
 10
2755.13576929723
 20
1541.224518669374
 30
0.0
  0
VERTEX
  5
175D
330
174A
100
AcDbEntity
  8
0
 62
     6
370
     0
100
AcDbVertex
100
AcDb2dVertex
 10
2755.263274696105
 20
1542.095805561689
 30
0.0
  0
VERTEX
  5
175E
330
174A
100
AcDbEntity
  8
0
 62
     6
370
     0
100
AcDbVertex
100
AcDb2dVertex
 10
2755.603289093106
 20
1542.712081656253
 30
0.0
  0
VERTEX
  5
175F
330
174A
100
AcDbEntity
  8
0
 62
     6
370
     0
100
AcDbVertex
100
AcDb2dVertex
 10
2756.049557989169
 20
1543.073346953067
 30
0.0
  0
VERTEX
  5
1760
330
174A
100
AcDbEntity
  8
0
 62
     6
370
     0
100
AcDbVertex
100
AcDb2dVertex
 10
2756.835841282234
 20
1543.26460505138
 30
0.0
  0
VERTEX
  5
1761
330
174A
100
AcDbEntity
  8
0
 62
     6
370
     0
100
AcDbVertex
100
AcDb2dVertex
 10
2758.790924064989
 20
1543.307106851005
 30
0.0
  0
VERTEX
  5
1762
330
174A
100
AcDbEntity
  8
0
 62
     6
370
     0
100
AcDbVertex
100
AcDb2dVertex
 10
2758.387156968551
 20
1543.647121248006
 30
0.0
  0
VERTEX
  5
1763
330
174A
100
AcDbEntity
  8
0
 62
     6
370
     0
100
AcDbVertex
100
AcDb2dVertex
 10
2757.664626374924
 20
1543.965884745194
 30
0.0
  0
SEQEND
  5
1764
330
174A
100
AcDbEntity
  8
0
 62
     6
370
     0
  0
POLYLINE
  5
1765
330
1F
100
AcDbEntity
  8
0
 62
     6
370
     0
100
AcDb2dPolyline
 66
     1
 10
0.0
 20
0.0
 30
0.0
 70
     1
  0
VERTEX
  5
1766
330
1765
100
AcDbEntity
  8
0
 62
     6
370
     0
100
AcDbVertex
100
AcDb2dVertex
 10
2762.084813535936
 20
1539.269435886619
 30
0.0
  0
VERTEX
  5
1767
330
1765
100
AcDbEntity
  8
0
 62
     6
370
     0
100
AcDbVertex
100
AcDb2dVertex
 10
2760.95851584587
 20
1539.269435886619
 30
0.0
  0
VERTEX
  5
1768
330
1765
100
AcDbEntity
  8
0
 62
     6
370
     0
100
AcDbVertex
100
AcDb2dVertex
 10
2760.95851584587
 20
1538.164389096366
 30
0.0
  0
VERTEX
  5
1769
330
1765
100
AcDbEntity
  8
0
 62
     6
370
     0
100
AcDbVertex
100
AcDb2dVertex
 10
2762.084813535936
 20
1538.164389096366
 30
0.0
  0
SEQEND
  5
176A
330
1765
100
AcDbEntity
  8
0
 62
     6
370
     0
  0
POLYLINE
  5
176B
330
1F
100
AcDbEntity
  8
0
 62
     6
370
     0
100
AcDb2dPolyline
 66
     1
 10
0.0
 20
0.0
 30
0.0
 70
     1
  0
VERTEX
  5
176C
330
176B
100
AcDbEntity
  8
0
 62
     6
370
     0
100
AcDbVertex
100
AcDb2dVertex
 10
2762.084813535936
 20
1543.944633845381
 30
0.0
  0
VERTEX
  5
176D
330
176B
100
AcDbEntity
  8
0
 62
     6
370
     0
100
AcDbVertex
100
AcDb2dVertex
 10
2760.95851584587
 20
1543.944633845381
 30
0.0
  0
VERTEX
  5
176E
330
176B
100
AcDbEntity
  8
0
 62
     6
370
     0
100
AcDbVertex
100
AcDb2dVertex
 10
2760.95851584587
 20
1542.839587055128
 30
0.0
  0
VERTEX
  5
176F
330
176B
100
AcDbEntity
  8
0
 62
     6
370
     0
100
AcDbVertex
100
AcDb2dVertex
 10
2762.084813535936
 20
1542.839587055128
 30
0.0
  0
SEQEND
  5
1770
330
176B
100
AcDbEntity
  8
0
 62
     6
370
     0
  0
POLYLINE
  5
1771
330
1F
100
AcDbEntity
  8
0
 62
     6
370
     0
100
AcDb2dPolyline
 66
     1
 10
0.0
 20
0.0
 30
0.0
 70
     1
  0
VERTEX
  5
1772
330
1771
100
AcDbEntity
  8
0
 62
     6
370
     0
100
AcDbVertex
100
AcDb2dVertex
 10
2770.670177060209
 20
1540.268228177809
 30
0.0
  0
VERTEX
  5
1773
330
1771
100
AcDbEntity
  8
0
 62
     6
370
     0
100
AcDbVertex
100
AcDb2dVertex
 10
2770.585173460959
 20
1539.843210181558
 30
0.0
  0
VERTEX
  5
1774
330
1771
100
AcDbEntity
  8
0
 62
     6
370
     0
100
AcDbVertex
100
AcDb2dVertex
 10
2770.18140636452
 20
1539.184432287368
 30
0.0
  0
VERTEX
  5
1775
330
1771
100
AcDbEntity
  8
0
 62
     6
370
     0
100
AcDbVertex
100
AcDb2dVertex
 10
2770.01139916602
 20
1539.035675988681
 30
0.0
  0
VERTEX
  5
1776
330
1771
100
AcDbEntity
  8
0
 62
     6
370
     0
100
AcDbVertex
100
AcDb2dVertex
 10
2769.225115872955
 20
1538.823166990555
 30
0.0
  0
VERTEX
  5
1777
330
1771
100
AcDbEntity
  8
0
 62
     6
370
     0
100
AcDbVertex
100
AcDb2dVertex
 10
2767.312534889825
 20
1538.801916090742
 30
0.0
  0
VERTEX
  5
1778
330
1771
100
AcDbEntity
  8
0
 62
     6
370
     0
100
AcDbVertex
100
AcDb2dVertex
 10
2767.695051086451
 20
1538.483152593554
 30
0.0
  0
VERTEX
  5
1779
330
1771
100
AcDbEntity
  8
0
 62
     6
370
     0
100
AcDbVertex
100
AcDb2dVertex
 10
2768.396330780266
 20
1538.143138196553
 30
0.0
  0
VERTEX
  5
177A
330
1771
100
AcDbEntity
  8
0
 62
     6
370
     0
100
AcDbVertex
100
AcDb2dVertex
 10
2769.225115872955
 20
1538.015632797678
 30
0.0
  0
VERTEX
  5
177B
330
1771
100
AcDbEntity
  8
0
 62
     6
370
     0
100
AcDbVertex
100
AcDb2dVertex
 10
2769.331370372018
 20
1538.03688369749
 30
0.0
  0
VERTEX
  5
177C
330
1771
100
AcDbEntity
  8
0
 62
     6
370
     0
100
AcDbVertex
100
AcDb2dVertex
 10
2770.160155464708
 20
1538.185639996178
 30
0.0
  0
VERTEX
  5
177D
330
1771
100
AcDbEntity
  8
0
 62
     6
370
     0
100
AcDbVertex
100
AcDb2dVertex
 10
2770.840184258711
 20
1538.589407092617
 30
0.0
  0
VERTEX
  5
177E
330
1771
100
AcDbEntity
  8
0
 62
     6
370
     0
100
AcDbVertex
100
AcDb2dVertex
 10
2770.946438757773
 20
1538.695661591679
 30
0.0
  0
VERTEX
  5
177F
330
1771
100
AcDbEntity
  8
0
 62
     6
370
     0
100
AcDbVertex
100
AcDb2dVertex
 10
2771.392707653836
 20
1539.333188586056
 30
0.0
  0
VERTEX
  5
1780
330
1771
100
AcDbEntity
  8
0
 62
     6
370
     0
100
AcDbVertex
100
AcDb2dVertex
 10
2771.647718451587
 20
1540.161973678746
 30
0.0
  0
SEQEND
  5
1781
330
1771
100
AcDbEntity
  8
0
 62
     6
370
     0
  0
POLYLINE
  5
1782
330
1F
100
AcDbEntity
  8
0
 62
     6
370
     0
100
AcDb2dPolyline
 66
     1
 10
0.0
 20
0.0
 30
0.0
 70
     1
  0
VERTEX
  5
1783
330
1782
100
AcDbEntity
  8
0
 62
     6
370
     0
100
AcDbVertex
100
AcDb2dVertex
 10
2767.35503668945
 20
1543.370859550442
 30
0.0
  0
VERTEX
  5
1784
330
1782
100
AcDbEntity
  8
0
 62
     6
370
     0
100
AcDbVertex
100
AcDb2dVertex
 10
2766.908767793387
 20
1542.669579856628
 30
0.0
  0
VERTEX
  5
1785
330
1782
100
AcDbEntity
  8
0
 62
     6
370
     0
100
AcDbVertex
100
AcDb2dVertex
 10
2766.908767793387
 20
1542.648328956815
 30
0.0
  0
VERTEX
  5
1786
330
1782
100
AcDbEntity
  8
0
 62
     6
370
     0
100
AcDbVertex
100
AcDb2dVertex
 10
2766.675007895448
 20
1541.904547463376
 30
0.0
  0
VERTEX
  5
1787
330
1782
100
AcDbEntity
  8
0
 62
     6
370
     0
100
AcDbVertex
100
AcDb2dVertex
 10
2766.590004296198
 20
1541.033260571061
 30
0.0
  0
VERTEX
  5
1788
330
1782
100
AcDbEntity
  8
0
 62
     6
370
     0
100
AcDbVertex
100
AcDb2dVertex
 10
2766.675007895448
 20
1540.183224578559
 30
0.0
  0
VERTEX
  5
1789
330
1782
100
AcDbEntity
  8
0
 62
     6
370
     0
100
AcDbVertex
100
AcDb2dVertex
 10
2766.908767793387
 20
1539.418192185306
 30
0.0
  0
VERTEX
  5
178A
330
1782
100
AcDbEntity
  8
0
 62
     6
370
     0
100
AcDbVertex
100
AcDb2dVertex
 10
2767.312534889825
 20
1538.801916090742
 30
0.0
  0
VERTEX
  5
178B
330
1782
100
AcDbEntity
  8
0
 62
     6
370
     0
100
AcDbVertex
100
AcDb2dVertex
 10
2769.225115872955
 20
1538.823166990555
 30
0.0
  0
VERTEX
  5
178C
330
1782
100
AcDbEntity
  8
0
 62
     6
370
     0
100
AcDbVertex
100
AcDb2dVertex
 10
2768.693843377642
 20
1538.908170589805
 30
0.0
  0
VERTEX
  5
178D
330
1782
100
AcDbEntity
  8
0
 62
     6
370
     0
100
AcDbVertex
100
AcDb2dVertex
 10
2768.056316383264
 20
1539.354439485869
 30
0.0
  0
VERTEX
  5
178E
330
1782
100
AcDbEntity
  8
0
 62
     6
370
     0
100
AcDbVertex
100
AcDb2dVertex
 10
2767.971312784014
 20
1539.460693984931
 30
0.0
  0
VERTEX
  5
178F
330
1782
100
AcDbEntity
  8
0
 62
     6
370
     0
100
AcDbVertex
100
AcDb2dVertex
 10
2767.695051086451
 20
1540.119471879121
 30
0.0
  0
VERTEX
  5
1790
330
1782
100
AcDbEntity
  8
0
 62
     6
370
     0
100
AcDbVertex
100
AcDb2dVertex
 10
2767.610047487201
 20
1541.054511470874
 30
0.0
  0
VERTEX
  5
1791
330
1782
100
AcDbEntity
  8
0
 62
     6
370
     0
100
AcDbVertex
100
AcDb2dVertex
 10
2767.610047487201
 20
1541.245769569187
 30
0.0
  0
VERTEX
  5
1792
330
1782
100
AcDbEntity
  8
0
 62
     6
370
     0
100
AcDbVertex
100
AcDb2dVertex
 10
2767.737552886076
 20
1542.117056461501
 30
0.0
  0
VERTEX
  5
1793
330
1782
100
AcDbEntity
  8
0
 62
     6
370
     0
100
AcDbVertex
100
AcDb2dVertex
 10
2768.077567283077
 20
1542.754583455878
 30
0.0
  0
VERTEX
  5
1794
330
1782
100
AcDbEntity
  8
0
 62
     6
370
     0
100
AcDbVertex
100
AcDb2dVertex
 10
2768.481334379516
 20
1543.094597852879
 30
0.0
  0
VERTEX
  5
1795
330
1782
100
AcDbEntity
  8
0
 62
     6
370
     0
100
AcDbVertex
100
AcDb2dVertex
 10
2769.267617672582
 20
1543.26460505138
 30
0.0
  0
SEQEND
  5
1796
330
1782
100
AcDbEntity
  8
0
 62
     6
370
     0
  0
POLYLINE
  5
1797
330
1F
100
AcDbEntity
  8
0
 62
     6
370
     0
100
AcDb2dPolyline
 66
     1
 10
0.0
 20
0.0
 30
0.0
 70
     1
  0
VERTEX
  5
1798
330
1797
100
AcDbEntity
  8
0
 62
     6
370
     0
100
AcDbVertex
100
AcDb2dVertex
 10
2769.225115872955
 20
1544.072139244257
 30
0.0
  0
VERTEX
  5
1799
330
1797
100
AcDbEntity
  8
0
 62
     6
370
     0
100
AcDbVertex
100
AcDb2dVertex
 10
2768.630090678204
 20
1544.008386544819
 30
0.0
  0
VERTEX
  5
179A
330
1797
100
AcDbEntity
  8
0
 62
     6
370
     0
100
AcDbVertex
100
AcDb2dVertex
 10
2767.865058284951
 20
1543.732124847256
 30
0.0
  0
VERTEX
  5
179B
330
1797
100
AcDbEntity
  8
0
 62
     6
370
     0
100
AcDbVertex
100
AcDb2dVertex
 10
2767.35503668945
 20
1543.370859550442
 30
0.0
  0
VERTEX
  5
179C
330
1797
100
AcDbEntity
  8
0
 62
     6
370
     0
100
AcDbVertex
100
AcDb2dVertex
 10
2769.267617672582
 20
1543.26460505138
 30
0.0
  0
VERTEX
  5
179D
330
1797
100
AcDbEntity
  8
0
 62
     6
370
     0
100
AcDbVertex
100
AcDb2dVertex
 10
2769.373872171643
 20
1543.26460505138
 30
0.0
  0
VERTEX
  5
179E
330
1797
100
AcDbEntity
  8
0
 62
     6
370
     0
100
AcDbVertex
100
AcDb2dVertex
 10
2770.117653665083
 20
1542.988343353816
 30
0.0
  0
VERTEX
  5
179F
330
1797
100
AcDbEntity
  8
0
 62
     6
370
     0
100
AcDbVertex
100
AcDb2dVertex
 10
2770.245159063958
 20
1542.860837954941
 30
0.0
  0
VERTEX
  5
17A0
330
1797
100
AcDbEntity
  8
0
 62
     6
370
     0
100
AcDbVertex
100
AcDb2dVertex
 10
2770.585173460959
 20
1542.095805561689
 30
0.0
  0
VERTEX
  5
17A1
330
1797
100
AcDbEntity
  8
0
 62
     6
370
     0
100
AcDbVertex
100
AcDb2dVertex
 10
2771.541463952524
 20
1542.244561860377
 30
0.0
  0
VERTEX
  5
17A2
330
1797
100
AcDbEntity
  8
0
 62
     6
370
     0
100
AcDbVertex
100
AcDb2dVertex
 10
2771.286453154774
 20
1543.009594253629
 30
0.0
  0
VERTEX
  5
17A3
330
1797
100
AcDbEntity
  8
0
 62
     6
370
     0
100
AcDbVertex
100
AcDb2dVertex
 10
2770.776431559272
 20
1543.60461944838
 30
0.0
  0
VERTEX
  5
17A4
330
1797
100
AcDbEntity
  8
0
 62
     6
370
     0
100
AcDbVertex
100
AcDb2dVertex
 10
2770.776431559272
 20
1543.60461944838
 30
0.0
  0
VERTEX
  5
17A5
330
1797
100
AcDbEntity
  8
0
 62
     6
370
     0
100
AcDbVertex
100
AcDb2dVertex
 10
2770.09640276527
 20
1543.965884745194
 30
0.0
  0
SEQEND
  5
17A6
330
1797
100
AcDbEntity
  8
0
 62
     6
370
     0
  0
POLYLINE
  5
17A7
330
1F
100
AcDbEntity
  8
0
 62
     6
370
     0
100
AcDb2dPolyline
 66
     1
 10
0.0
 20
0.0
 30
0.0
 70
     1
  0
VERTEX
  5
17A8
330
17A7
100
AcDbEntity
  8
0
 62
     6
370
     0
100
AcDbVertex
100
AcDb2dVertex
 10
2776.790436206227
 20
1543.307106851005
 30
0.0
  0
VERTEX
  5
17A9
330
17A7
100
AcDbEntity
  8
0
 62
     6
370
     0
100
AcDbVertex
100
AcDb2dVertex
 10
2774.83535342347
 20
1543.26460505138
 30
0.0
  0
VERTEX
  5
17AA
330
17A7
100
AcDbEntity
  8
0
 62
     6
370
     0
100
AcDbVertex
100
AcDb2dVertex
 10
2775.387876818597
 20
1543.179601452129
 30
0.0
  0
VERTEX
  5
17AB
330
17A7
100
AcDbEntity
  8
0
 62
     6
370
     0
100
AcDbVertex
100
AcDb2dVertex
 10
2776.046654712786
 20
1542.712081656253
 30
0.0
  0
VERTEX
  5
17AC
330
17A7
100
AcDbEntity
  8
0
 62
     6
370
     0
100
AcDbVertex
100
AcDb2dVertex
 10
2776.110407412224
 20
1542.648328956815
 30
0.0
  0
VERTEX
  5
17AD
330
17A7
100
AcDbEntity
  8
0
 62
     6
370
     0
100
AcDbVertex
100
AcDb2dVertex
 10
2776.429170909413
 20
1541.989551062626
 30
0.0
  0
VERTEX
  5
17AE
330
17A7
100
AcDbEntity
  8
0
 62
     6
370
     0
100
AcDbVertex
100
AcDb2dVertex
 10
2776.535425408475
 20
1541.075762370686
 30
0.0
  0
VERTEX
  5
17AF
330
17A7
100
AcDbEntity
  8
0
 62
     6
370
     0
100
AcDbVertex
100
AcDb2dVertex
 10
2776.535425408475
 20
1540.884504272373
 30
0.0
  0
VERTEX
  5
17B0
330
17A7
100
AcDbEntity
  8
0
 62
     6
370
     0
100
AcDbVertex
100
AcDb2dVertex
 10
2776.386669109788
 20
1540.013217380058
 30
0.0
  0
VERTEX
  5
17B1
330
17A7
100
AcDbEntity
  8
0
 62
     6
370
     0
100
AcDbVertex
100
AcDb2dVertex
 10
2776.046654712786
 20
1539.396941285494
 30
0.0
  0
VERTEX
  5
17B2
330
17A7
100
AcDbEntity
  8
0
 62
     6
370
     0
100
AcDbVertex
100
AcDb2dVertex
 10
2775.600385816722
 20
1539.014425088868
 30
0.0
  0
VERTEX
  5
17B3
330
17A7
100
AcDbEntity
  8
0
 62
     6
370
     0
100
AcDbVertex
100
AcDb2dVertex
 10
2774.83535342347
 20
1538.823166990555
 30
0.0
  0
VERTEX
  5
17B4
330
17A7
100
AcDbEntity
  8
0
 62
     6
370
     0
100
AcDbVertex
100
AcDb2dVertex
 10
2772.859019740903
 20
1538.801916090742
 30
0.0
  0
VERTEX
  5
17B5
330
17A7
100
AcDbEntity
  8
0
 62
     6
370
     0
100
AcDbVertex
100
AcDb2dVertex
 10
2773.262786837341
 20
1538.461901693741
 30
0.0
  0
VERTEX
  5
17B6
330
17A7
100
AcDbEntity
  8
0
 62
     6
370
     0
100
AcDbVertex
100
AcDb2dVertex
 10
2773.985317430968
 20
1538.143138196553
 30
0.0
  0
VERTEX
  5
17B7
330
17A7
100
AcDbEntity
  8
0
 62
     6
370
     0
100
AcDbVertex
100
AcDb2dVertex
 10
2774.83535342347
 20
1538.015632797678
 30
0.0
  0
VERTEX
  5
17B8
330
17A7
100
AcDbEntity
  8
0
 62
     6
370
     0
100
AcDbVertex
100
AcDb2dVertex
 10
2775.472880417848
 20
1538.100636396928
 30
0.0
  0
VERTEX
  5
17B9
330
17A7
100
AcDbEntity
  8
0
 62
     6
370
     0
100
AcDbVertex
100
AcDb2dVertex
 10
2776.2379128111
 20
1538.376898094491
 30
0.0
  0
VERTEX
  5
17BA
330
17A7
100
AcDbEntity
  8
0
 62
     6
370
     0
100
AcDbVertex
100
AcDb2dVertex
 10
2776.705432606976
 20
1538.716912491492
 30
0.0
  0
VERTEX
  5
17BB
330
17A7
100
AcDbEntity
  8
0
 62
     6
370
     0
100
AcDbVertex
100
AcDb2dVertex
 10
2777.215454202477
 20
1539.375690385681
 30
0.0
  0
VERTEX
  5
17BC
330
17A7
100
AcDbEntity
  8
0
 62
     6
370
     0
100
AcDbVertex
100
AcDb2dVertex
 10
2777.257956002102
 20
1539.481944884744
 30
0.0
  0
VERTEX
  5
17BD
330
17A7
100
AcDbEntity
  8
0
 62
     6
370
     0
100
AcDbVertex
100
AcDb2dVertex
 10
2777.470465000228
 20
1540.204475478371
 30
0.0
  0
VERTEX
  5
17BE
330
17A7
100
AcDbEntity
  8
0
 62
     6
370
     0
100
AcDbVertex
100
AcDb2dVertex
 10
2777.534217699666
 20
1541.139515070124
 30
0.0
  0
VERTEX
  5
17BF
330
17A7
100
AcDbEntity
  8
0
 62
     6
370
     0
100
AcDbVertex
100
AcDb2dVertex
 10
2777.470465000228
 20
1541.925798363188
 30
0.0
  0
VERTEX
  5
17C0
330
17A7
100
AcDbEntity
  8
0
 62
     6
370
     0
100
AcDbVertex
100
AcDb2dVertex
 10
2777.215454202477
 20
1542.690830756441
 30
0.0
  0
SEQEND
  5
17C1
330
17A7
100
AcDbEntity
  8
0
 62
     6
370
     0
  0
POLYLINE
  5
17C2
330
1F
100
AcDbEntity
  8
0
 62
     6
370
     0
100
AcDb2dPolyline
 66
     1
 10
0.0
 20
0.0
 30
0.0
 70
     1
  0
VERTEX
  5
17C3
330
17C2
100
AcDbEntity
  8
0
 62
     6
370
     0
100
AcDbVertex
100
AcDb2dVertex
 10
2774.83535342347
 20
1544.072139244257
 30
0.0
  0
VERTEX
  5
17C4
330
17C2
100
AcDbEntity
  8
0
 62
     6
370
     0
100
AcDbVertex
100
AcDb2dVertex
 10
2774.474088126658
 20
1544.072139244257
 30
0.0
  0
VERTEX
  5
17C5
330
17C2
100
AcDbEntity
  8
0
 62
     6
370
     0
100
AcDbVertex
100
AcDb2dVertex
 10
2773.687804833592
 20
1543.859630246131
 30
0.0
  0
VERTEX
  5
17C6
330
17C2
100
AcDbEntity
  8
0
 62
     6
370
     0
100
AcDbVertex
100
AcDb2dVertex
 10
2773.007776039591
 20
1543.43461224988
 30
0.0
  0
VERTEX
  5
17C7
330
17C2
100
AcDbEntity
  8
0
 62
     6
370
     0
100
AcDbVertex
100
AcDb2dVertex
 10
2772.880270640715
 20
1543.328357750817
 30
0.0
  0
VERTEX
  5
17C8
330
17C2
100
AcDbEntity
  8
0
 62
     6
370
     0
100
AcDbVertex
100
AcDb2dVertex
 10
2772.455252644464
 20
1542.712081656253
 30
0.0
  0
VERTEX
  5
17C9
330
17C2
100
AcDbEntity
  8
0
 62
     6
370
     0
100
AcDbVertex
100
AcDb2dVertex
 10
2772.200241846713
 20
1541.968300162813
 30
0.0
  0
VERTEX
  5
17CA
330
17C2
100
AcDbEntity
  8
0
 62
     6
370
     0
100
AcDbVertex
100
AcDb2dVertex
 10
2772.115238247463
 20
1541.054511470874
 30
0.0
  0
VERTEX
  5
17CB
330
17C2
100
AcDbEntity
  8
0
 62
     6
370
     0
100
AcDbVertex
100
AcDb2dVertex
 10
2772.200241846713
 20
1540.161973678746
 30
0.0
  0
VERTEX
  5
17CC
330
17C2
100
AcDbEntity
  8
0
 62
     6
370
     0
100
AcDbVertex
100
AcDb2dVertex
 10
2772.455252644464
 20
1539.396941285494
 30
0.0
  0
VERTEX
  5
17CD
330
17C2
100
AcDbEntity
  8
0
 62
     6
370
     0
100
AcDbVertex
100
AcDb2dVertex
 10
2772.859019740903
 20
1538.801916090742
 30
0.0
  0
VERTEX
  5
17CE
330
17C2
100
AcDbEntity
  8
0
 62
     6
370
     0
100
AcDbVertex
100
AcDb2dVertex
 10
2774.83535342347
 20
1538.823166990555
 30
0.0
  0
VERTEX
  5
17CF
330
17C2
100
AcDbEntity
  8
0
 62
     6
370
     0
100
AcDbVertex
100
AcDb2dVertex
 10
2774.261579128532
 20
1538.929421489618
 30
0.0
  0
VERTEX
  5
17D0
330
17C2
100
AcDbEntity
  8
0
 62
     6
370
     0
100
AcDbVertex
100
AcDb2dVertex
 10
2773.602801234342
 20
1539.396941285494
 30
0.0
  0
VERTEX
  5
17D1
330
17C2
100
AcDbEntity
  8
0
 62
     6
370
     0
100
AcDbVertex
100
AcDb2dVertex
 10
2773.539048534904
 20
1539.481944884744
 30
0.0
  0
VERTEX
  5
17D2
330
17C2
100
AcDbEntity
  8
0
 62
     6
370
     0
100
AcDbVertex
100
AcDb2dVertex
 10
2773.220285037716
 20
1540.140722778933
 30
0.0
  0
VERTEX
  5
17D3
330
17C2
100
AcDbEntity
  8
0
 62
     6
370
     0
100
AcDbVertex
100
AcDb2dVertex
 10
2773.114030538654
 20
1541.054511470874
 30
0.0
  0
VERTEX
  5
17D4
330
17C2
100
AcDbEntity
  8
0
 62
     6
370
     0
100
AcDbVertex
100
AcDb2dVertex
 10
2773.135281438467
 20
1541.224518669374
 30
0.0
  0
VERTEX
  5
17D5
330
17C2
100
AcDbEntity
  8
0
 62
     6
370
     0
100
AcDbVertex
100
AcDb2dVertex
 10
2773.262786837341
 20
1542.095805561689
 30
0.0
  0
VERTEX
  5
17D6
330
17C2
100
AcDbEntity
  8
0
 62
     6
370
     0
100
AcDbVertex
100
AcDb2dVertex
 10
2773.602801234342
 20
1542.712081656253
 30
0.0
  0
VERTEX
  5
17D7
330
17C2
100
AcDbEntity
  8
0
 62
     6
370
     0
100
AcDbVertex
100
AcDb2dVertex
 10
2774.049070130406
 20
1543.073346953067
 30
0.0
  0
VERTEX
  5
17D8
330
17C2
100
AcDbEntity
  8
0
 62
     6
370
     0
100
AcDbVertex
100
AcDb2dVertex
 10
2774.83535342347
 20
1543.26460505138
 30
0.0
  0
VERTEX
  5
17D9
330
17C2
100
AcDbEntity
  8
0
 62
     6
370
     0
100
AcDbVertex
100
AcDb2dVertex
 10
2776.790436206227
 20
1543.307106851005
 30
0.0
  0
VERTEX
  5
17DA
330
17C2
100
AcDbEntity
  8
0
 62
     6
370
     0
100
AcDbVertex
100
AcDb2dVertex
 10
2776.386669109788
 20
1543.647121248006
 30
0.0
  0
VERTEX
  5
17DB
330
17C2
100
AcDbEntity
  8
0
 62
     6
370
     0
100
AcDbVertex
100
AcDb2dVertex
 10
2775.66413851616
 20
1543.965884745194
 30
0.0
  0
SEQEND
  5
17DC
330
17C2
100
AcDbEntity
  8
0
 62
     6
370
     0
  0
POLYLINE
  5
17DD
330
1F
100
AcDbEntity
  8
0
 62
     6
370
     0
100
AcDb2dPolyline
 66
     1
 10
0.0
 20
0.0
 30
0.0
 70
     1
  0
VERTEX
  5
17DE
330
17DD
100
AcDbEntity
  8
0
 62
     6
370
     0
100
AcDbVertex
100
AcDb2dVertex
 10
2779.574304081671
 20
1543.944633845381
 30
0.0
  0
VERTEX
  5
17DF
330
17DD
100
AcDbEntity
  8
0
 62
     6
370
     0
100
AcDbVertex
100
AcDb2dVertex
 10
2778.681766289543
 20
1543.944633845381
 30
0.0
  0
VERTEX
  5
17E0
330
17DD
100
AcDbEntity
  8
0
 62
     6
370
     0
100
AcDbVertex
100
AcDb2dVertex
 10
2778.681766289543
 20
1538.164389096366
 30
0.0
  0
VERTEX
  5
17E1
330
17DD
100
AcDbEntity
  8
0
 62
     6
370
     0
100
AcDbVertex
100
AcDb2dVertex
 10
2779.659307680921
 20
1538.164389096366
 30
0.0
  0
VERTEX
  5
17E2
330
17DD
100
AcDbEntity
  8
0
 62
     6
370
     0
100
AcDbVertex
100
AcDb2dVertex
 10
2779.659307680921
 20
1541.182016869749
 30
0.0
  0
VERTEX
  5
17E3
330
17DD
100
AcDbEntity
  8
0
 62
     6
370
     0
100
AcDbVertex
100
AcDb2dVertex
 10
2779.680558580734
 20
1541.543282166562
 30
0.0
  0
VERTEX
  5
17E4
330
17DD
100
AcDbEntity
  8
0
 62
     6
370
     0
100
AcDbVertex
100
AcDb2dVertex
 10
2779.829314879421
 20
1542.329565459627
 30
0.0
  0
VERTEX
  5
17E5
330
17DD
100
AcDbEntity
  8
0
 62
     6
370
     0
100
AcDbVertex
100
AcDb2dVertex
 10
2780.190580176235
 20
1542.882088854753
 30
0.0
  0
VERTEX
  5
17E6
330
17DD
100
AcDbEntity
  8
0
 62
     6
370
     0
100
AcDbVertex
100
AcDb2dVertex
 10
2780.764354471174
 20
1543.073346953067
 30
0.0
  0
VERTEX
  5
17E7
330
17DD
100
AcDbEntity
  8
0
 62
     6
370
     0
100
AcDbVertex
100
AcDb2dVertex
 10
2779.574304081671
 20
1543.073346953067
 30
0.0
  0
SEQEND
  5
17E8
330
17DD
100
AcDbEntity
  8
0
 62
     6
370
     0
  0
POLYLINE
  5
17E9
330
1F
100
AcDbEntity
  8
0
 62
     6
370
     0
100
AcDb2dPolyline
 66
     1
 10
0.0
 20
0.0
 30
0.0
 70
     1
  0
VERTEX
  5
17EA
330
17E9
100
AcDbEntity
  8
0
 62
     6
370
     0
100
AcDbVertex
100
AcDb2dVertex
 10
2780.828107170612
 20
1544.072139244257
 30
0.0
  0
VERTEX
  5
17EB
330
17E9
100
AcDbEntity
  8
0
 62
     6
370
     0
100
AcDbVertex
100
AcDb2dVertex
 10
2780.190580176235
 20
1543.880881145944
 30
0.0
  0
VERTEX
  5
17EC
330
17E9
100
AcDbEntity
  8
0
 62
     6
370
     0
100
AcDbVertex
100
AcDb2dVertex
 10
2780.084325677173
 20
1543.795877546694
 30
0.0
  0
VERTEX
  5
17ED
330
17E9
100
AcDbEntity
  8
0
 62
     6
370
     0
100
AcDbVertex
100
AcDb2dVertex
 10
2779.574304081671
 20
1543.073346953067
 30
0.0
  0
VERTEX
  5
17EE
330
17E9
100
AcDbEntity
  8
0
 62
     6
370
     0
100
AcDbVertex
100
AcDb2dVertex
 10
2780.764354471174
 20
1543.073346953067
 30
0.0
  0
VERTEX
  5
17EF
330
17E9
100
AcDbEntity
  8
0
 62
     6
370
     0
100
AcDbVertex
100
AcDb2dVertex
 10
2781.486885064801
 20
1542.860837954941
 30
0.0
  0
VERTEX
  5
17F0
330
17E9
100
AcDbEntity
  8
0
 62
     6
370
     0
100
AcDbVertex
100
AcDb2dVertex
 10
2781.826899461802
 20
1543.774626646881
 30
0.0
  0
VERTEX
  5
17F1
330
17E9
100
AcDbEntity
  8
0
 62
     6
370
     0
100
AcDbVertex
100
AcDb2dVertex
 10
2781.593139563864
 20
1543.902132045756
 30
0.0
  0
SEQEND
  5
17F2
330
17E9
100
AcDbEntity
  8
0
 62
     6
370
     0
  0
POLYLINE
  5
17F3
330
1F
100
AcDbEntity
  8
0
 62
     6
370
     0
100
AcDb2dPolyline
 66
     1
 10
0.0
 20
0.0
 30
0.0
 70
     1
  0
VERTEX
  5
17F4
330
17F3
100
AcDbEntity
  8
0
 62
     6
370
     0
100
AcDbVertex
100
AcDb2dVertex
 10
2784.547014637809
 20
1539.035675988681
 30
0.0
  0
VERTEX
  5
17F5
330
17F3
100
AcDbEntity
  8
0
 62
     6
370
     0
100
AcDbVertex
100
AcDb2dVertex
 10
2784.121996641558
 20
1538.993174189054
 30
0.0
  0
VERTEX
  5
17F6
330
17F3
100
AcDbEntity
  8
0
 62
     6
370
     0
100
AcDbVertex
100
AcDb2dVertex
 10
2782.719437253929
 20
1538.695661591679
 30
0.0
  0
VERTEX
  5
17F7
330
17F3
100
AcDbEntity
  8
0
 62
     6
370
     0
100
AcDbVertex
100
AcDb2dVertex
 10
2783.123204350368
 20
1538.249392695616
 30
0.0
  0
VERTEX
  5
17F8
330
17F3
100
AcDbEntity
  8
0
 62
     6
370
     0
100
AcDbVertex
100
AcDb2dVertex
 10
2783.144455250181
 20
1538.228141795803
 30
0.0
  0
VERTEX
  5
17F9
330
17F3
100
AcDbEntity
  8
0
 62
     6
370
     0
100
AcDbVertex
100
AcDb2dVertex
 10
2783.951989443058
 20
1538.079385497115
 30
0.0
  0
VERTEX
  5
17FA
330
17F3
100
AcDbEntity
  8
0
 62
     6
370
     0
100
AcDbVertex
100
AcDb2dVertex
 10
2784.695770936498
 20
1538.164389096366
 30
0.0
  0
SEQEND
  5
17FB
330
17F3
100
AcDbEntity
  8
0
 62
     6
370
     0
  0
POLYLINE
  5
17FC
330
1F
100
AcDbEntity
  8
0
 62
     6
370
     0
100
AcDb2dPolyline
 66
     1
 10
0.0
 20
0.0
 30
0.0
 70
     1
  0
VERTEX
  5
17FD
330
17FC
100
AcDbEntity
  8
0
 62
     6
370
     0
100
AcDbVertex
100
AcDb2dVertex
 10
2783.569473246432
 20
1545.984720227387
 30
0.0
  0
VERTEX
  5
17FE
330
17FC
100
AcDbEntity
  8
0
 62
     6
370
     0
100
AcDbVertex
100
AcDb2dVertex
 10
2782.591931855054
 20
1545.389695032635
 30
0.0
  0
VERTEX
  5
17FF
330
17FC
100
AcDbEntity
  8
0
 62
     6
370
     0
100
AcDbVertex
100
AcDb2dVertex
 10
2782.591931855054
 20
1543.944633845381
 30
0.0
  0
VERTEX
  5
1800
330
17FC
100
AcDbEntity
  8
0
 62
     6
370
     0
100
AcDbVertex
100
AcDb2dVertex
 10
2781.869401261427
 20
1543.944633845381
 30
0.0
  0
VERTEX
  5
1801
330
17FC
100
AcDbEntity
  8
0
 62
     6
370
     0
100
AcDbVertex
100
AcDb2dVertex
 10
2781.869401261427
 20
1543.179601452129
 30
0.0
  0
VERTEX
  5
1802
330
17FC
100
AcDbEntity
  8
0
 62
     6
370
     0
100
AcDbVertex
100
AcDb2dVertex
 10
2782.591931855054
 20
1543.179601452129
 30
0.0
  0
VERTEX
  5
1803
330
17FC
100
AcDbEntity
  8
0
 62
     6
370
     0
100
AcDbVertex
100
AcDb2dVertex
 10
2782.591931855054
 20
1539.843210181558
 30
0.0
  0
VERTEX
  5
1804
330
17FC
100
AcDbEntity
  8
0
 62
     6
370
     0
100
AcDbVertex
100
AcDb2dVertex
 10
2782.591931855054
 20
1539.396941285494
 30
0.0
  0
VERTEX
  5
1805
330
17FC
100
AcDbEntity
  8
0
 62
     6
370
     0
100
AcDbVertex
100
AcDb2dVertex
 10
2782.719437253929
 20
1538.695661591679
 30
0.0
  0
VERTEX
  5
1806
330
17FC
100
AcDbEntity
  8
0
 62
     6
370
     0
100
AcDbVertex
100
AcDb2dVertex
 10
2784.121996641558
 20
1538.993174189054
 30
0.0
  0
VERTEX
  5
1807
330
17FC
100
AcDbEntity
  8
0
 62
     6
370
     0
100
AcDbVertex
100
AcDb2dVertex
 10
2783.781982244557
 20
1539.056926888493
 30
0.0
  0
VERTEX
  5
1808
330
17FC
100
AcDbEntity
  8
0
 62
     6
370
     0
100
AcDbVertex
100
AcDb2dVertex
 10
2783.611975046057
 20
1539.248184986806
 30
0.0
  0
VERTEX
  5
1809
330
17FC
100
AcDbEntity
  8
0
 62
     6
370
     0
100
AcDbVertex
100
AcDb2dVertex
 10
2783.569473246432
 20
1539.800708381933
 30
0.0
  0
VERTEX
  5
180A
330
17FC
100
AcDbEntity
  8
0
 62
     6
370
     0
100
AcDbVertex
100
AcDb2dVertex
 10
2783.569473246432
 20
1543.179601452129
 30
0.0
  0
VERTEX
  5
180B
330
17FC
100
AcDbEntity
  8
0
 62
     6
370
     0
100
AcDbVertex
100
AcDb2dVertex
 10
2784.547014637809
 20
1543.179601452129
 30
0.0
  0
VERTEX
  5
180C
330
17FC
100
AcDbEntity
  8
0
 62
     6
370
     0
100
AcDbVertex
100
AcDb2dVertex
 10
2784.547014637809
 20
1543.944633845381
 30
0.0
  0
VERTEX
  5
180D
330
17FC
100
AcDbEntity
  8
0
 62
     6
370
     0
100
AcDbVertex
100
AcDb2dVertex
 10
2783.569473246432
 20
1543.944633845381
 30
0.0
  0
SEQEND
  5
180E
330
17FC
100
AcDbEntity
  8
0
 62
     6
370
     0
  0
POLYLINE
  5
180F
330
1F
100
AcDbEntity
  8
0
 62
     6
370
     0
100
AcDb2dPolyline
 66
     1
 10
0.0
 20
0.0
 30
0.0
 70
     1
  0
VERTEX
  5
1810
330
180F
100
AcDbEntity
  8
0
 62
     6
370
     0
100
AcDbVertex
100
AcDb2dVertex
 10
2789.477223394323
 20
1540.013217380058
 30
0.0
  0
VERTEX
  5
1811
330
180F
100
AcDbEntity
  8
0
 62
     6
370
     0
100
AcDbVertex
100
AcDb2dVertex
 10
2789.349717995448
 20
1539.736955682495
 30
0.0
  0
VERTEX
  5
1812
330
180F
100
AcDbEntity
  8
0
 62
     6
370
     0
100
AcDbVertex
100
AcDb2dVertex
 10
2788.882198199571
 20
1539.120679587931
 30
0.0
  0
VERTEX
  5
1813
330
180F
100
AcDbEntity
  8
0
 62
     6
370
     0
100
AcDbVertex
100
AcDb2dVertex
 10
2788.754692800696
 20
1539.035675988681
 30
0.0
  0
VERTEX
  5
1814
330
180F
100
AcDbEntity
  8
0
 62
     6
370
     0
100
AcDbVertex
100
AcDb2dVertex
 10
2787.947158607819
 20
1538.823166990555
 30
0.0
  0
VERTEX
  5
1815
330
180F
100
AcDbEntity
  8
0
 62
     6
370
     0
100
AcDbVertex
100
AcDb2dVertex
 10
2785.928323125626
 20
1538.801916090742
 30
0.0
  0
VERTEX
  5
1816
330
180F
100
AcDbEntity
  8
0
 62
     6
370
     0
100
AcDbVertex
100
AcDb2dVertex
 10
2786.374592021689
 20
1538.440650793929
 30
0.0
  0
VERTEX
  5
1817
330
180F
100
AcDbEntity
  8
0
 62
     6
370
     0
100
AcDbVertex
100
AcDb2dVertex
 10
2787.097122615316
 20
1538.121887296741
 30
0.0
  0
VERTEX
  5
1818
330
180F
100
AcDbEntity
  8
0
 62
     6
370
     0
100
AcDbVertex
100
AcDb2dVertex
 10
2787.947158607819
 20
1538.015632797678
 30
0.0
  0
VERTEX
  5
1819
330
180F
100
AcDbEntity
  8
0
 62
     6
370
     0
100
AcDbVertex
100
AcDb2dVertex
 10
2788.074664006694
 20
1538.03688369749
 30
0.0
  0
VERTEX
  5
181A
330
180F
100
AcDbEntity
  8
0
 62
     6
370
     0
100
AcDbVertex
100
AcDb2dVertex
 10
2788.924699999196
 20
1538.164389096366
 30
0.0
  0
VERTEX
  5
181B
330
180F
100
AcDbEntity
  8
0
 62
     6
370
     0
100
AcDbVertex
100
AcDb2dVertex
 10
2789.604728793199
 20
1538.525654393179
 30
0.0
  0
VERTEX
  5
181C
330
180F
100
AcDbEntity
  8
0
 62
     6
370
     0
100
AcDbVertex
100
AcDb2dVertex
 10
2789.625979693011
 20
1538.525654393179
 30
0.0
  0
VERTEX
  5
181D
330
180F
100
AcDbEntity
  8
0
 62
     6
370
     0
100
AcDbVertex
100
AcDb2dVertex
 10
2790.157252188325
 20
1539.120679587931
 30
0.0
  0
VERTEX
  5
181E
330
180F
100
AcDbEntity
  8
0
 62
     6
370
     0
100
AcDbVertex
100
AcDb2dVertex
 10
2790.497266585326
 20
1539.906962880995
 30
0.0
  0
SEQEND
  5
181F
330
180F
100
AcDbEntity
  8
0
 62
     6
370
     0
  0
POLYLINE
  5
1820
330
1F
100
AcDbEntity
  8
0
 62
     6
370
     0
100
AcDb2dPolyline
 66
     1
 10
0.0
 20
0.0
 30
0.0
 70
     1
  0
VERTEX
  5
1821
330
1820
100
AcDbEntity
  8
0
 62
     6
370
     0
100
AcDbVertex
100
AcDb2dVertex
 10
2785.928323125626
 20
1543.26460505138
 30
0.0
  0
VERTEX
  5
1822
330
1820
100
AcDbEntity
  8
0
 62
     6
370
     0
100
AcDbVertex
100
AcDb2dVertex
 10
2785.524556029187
 20
1542.669579856628
 30
0.0
  0
VERTEX
  5
1823
330
1820
100
AcDbEntity
  8
0
 62
     6
370
     0
100
AcDbVertex
100
AcDb2dVertex
 10
2785.269545231436
 20
1541.904547463376
 30
0.0
  0
VERTEX
  5
1824
330
1820
100
AcDbEntity
  8
0
 62
     6
370
     0
100
AcDbVertex
100
AcDb2dVertex
 10
2785.184541632186
 20
1541.012009671248
 30
0.0
  0
VERTEX
  5
1825
330
1820
100
AcDbEntity
  8
0
 62
     6
370
     0
100
AcDbVertex
100
AcDb2dVertex
 10
2785.269545231436
 20
1540.183224578559
 30
0.0
  0
VERTEX
  5
1826
330
1820
100
AcDbEntity
  8
0
 62
     6
370
     0
100
AcDbVertex
100
AcDb2dVertex
 10
2785.503305129374
 20
1539.418192185306
 30
0.0
  0
VERTEX
  5
1827
330
1820
100
AcDbEntity
  8
0
 62
     6
370
     0
100
AcDbVertex
100
AcDb2dVertex
 10
2785.928323125626
 20
1538.801916090742
 30
0.0
  0
VERTEX
  5
1828
330
1820
100
AcDbEntity
  8
0
 62
     6
370
     0
100
AcDbVertex
100
AcDb2dVertex
 10
2787.947158607819
 20
1538.823166990555
 30
0.0
  0
VERTEX
  5
1829
330
1820
100
AcDbEntity
  8
0
 62
     6
370
     0
100
AcDbVertex
100
AcDb2dVertex
 10
2787.415886112505
 20
1538.908170589805
 30
0.0
  0
VERTEX
  5
182A
330
1820
100
AcDbEntity
  8
0
 62
     6
370
     0
100
AcDbVertex
100
AcDb2dVertex
 10
2786.735857318503
 20
1539.333188586056
 30
0.0
  0
VERTEX
  5
182B
330
1820
100
AcDbEntity
  8
0
 62
     6
370
     0
100
AcDbVertex
100
AcDb2dVertex
 10
2786.374592021689
 20
1539.928213780808
 30
0.0
  0
VERTEX
  5
182C
330
1820
100
AcDbEntity
  8
0
 62
     6
370
     0
100
AcDbVertex
100
AcDb2dVertex
 10
2786.20458482319
 20
1540.799500673123
 30
0.0
  0
VERTEX
  5
182D
330
1820
100
AcDbEntity
  8
0
 62
     6
370
     0
100
AcDbVertex
100
AcDb2dVertex
 10
2790.518517485138
 20
1540.799500673123
 30
0.0
  0
VERTEX
  5
182E
330
1820
100
AcDbEntity
  8
0
 62
     6
370
     0
100
AcDbVertex
100
AcDb2dVertex
 10
2790.518517485138
 20
1541.054511470874
 30
0.0
  0
VERTEX
  5
182F
330
1820
100
AcDbEntity
  8
0
 62
     6
370
     0
100
AcDbVertex
100
AcDb2dVertex
 10
2786.247086622814
 20
1541.607034866
 30
0.0
  0
VERTEX
  5
1830
330
1820
100
AcDbEntity
  8
0
 62
     6
370
     0
100
AcDbVertex
100
AcDb2dVertex
 10
2786.353341121877
 20
1542.159558261127
 30
0.0
  0
VERTEX
  5
1831
330
1820
100
AcDbEntity
  8
0
 62
     6
370
     0
100
AcDbVertex
100
AcDb2dVertex
 10
2786.757108218316
 20
1542.818336155316
 30
0.0
  0
VERTEX
  5
1832
330
1820
100
AcDbEntity
  8
0
 62
     6
370
     0
100
AcDbVertex
100
AcDb2dVertex
 10
2787.118373515129
 20
1543.073346953067
 30
0.0
  0
VERTEX
  5
1833
330
1820
100
AcDbEntity
  8
0
 62
     6
370
     0
100
AcDbVertex
100
AcDb2dVertex
 10
2787.904656808194
 20
1543.26460505138
 30
0.0
  0
SEQEND
  5
1834
330
1820
100
AcDbEntity
  8
0
 62
     6
370
     0
  0
POLYLINE
  5
1835
330
1F
100
AcDbEntity
  8
0
 62
     6
370
     0
100
AcDb2dPolyline
 66
     1
 10
0.0
 20
0.0
 30
0.0
 70
     1
  0
VERTEX
  5
1836
330
1835
100
AcDbEntity
  8
0
 62
     6
370
     0
100
AcDbVertex
100
AcDb2dVertex
 10
2787.883405908381
 20
1544.072139244257
 30
0.0
  0
VERTEX
  5
1837
330
1835
100
AcDbEntity
  8
0
 62
     6
370
     0
100
AcDbVertex
100
AcDb2dVertex
 10
2787.309631613442
 20
1544.029637444632
 30
0.0
  0
VERTEX
  5
1838
330
1835
100
AcDbEntity
  8
0
 62
     6
370
     0
100
AcDbVertex
100
AcDb2dVertex
 10
2786.565850120002
 20
1543.774626646881
 30
0.0
  0
VERTEX
  5
1839
330
1835
100
AcDbEntity
  8
0
 62
     6
370
     0
100
AcDbVertex
100
AcDb2dVertex
 10
2785.928323125626
 20
1543.26460505138
 30
0.0
  0
VERTEX
  5
183A
330
1835
100
AcDbEntity
  8
0
 62
     6
370
     0
100
AcDbVertex
100
AcDb2dVertex
 10
2787.904656808194
 20
1543.26460505138
 30
0.0
  0
VERTEX
  5
183B
330
1835
100
AcDbEntity
  8
0
 62
     6
370
     0
100
AcDbVertex
100
AcDb2dVertex
 10
2788.478431103133
 20
1543.179601452129
 30
0.0
  0
VERTEX
  5
183C
330
1835
100
AcDbEntity
  8
0
 62
     6
370
     0
100
AcDbVertex
100
AcDb2dVertex
 10
2789.115958097511
 20
1542.712081656253
 30
0.0
  0
VERTEX
  5
183D
330
1835
100
AcDbEntity
  8
0
 62
     6
370
     0
100
AcDbVertex
100
AcDb2dVertex
 10
2789.28596529601
 20
1542.457070858502
 30
0.0
  0
VERTEX
  5
183E
330
1835
100
AcDbEntity
  8
0
 62
     6
370
     0
100
AcDbVertex
100
AcDb2dVertex
 10
2789.498474294135
 20
1541.607034866
 30
0.0
  0
VERTEX
  5
183F
330
1835
100
AcDbEntity
  8
0
 62
     6
370
     0
100
AcDbVertex
100
AcDb2dVertex
 10
2786.247086622814
 20
1541.607034866
 30
0.0
  0
VERTEX
  5
1840
330
1835
100
AcDbEntity
  8
0
 62
     6
370
     0
100
AcDbVertex
100
AcDb2dVertex
 10
2790.518517485138
 20
1541.054511470874
 30
0.0
  0
VERTEX
  5
1841
330
1835
100
AcDbEntity
  8
0
 62
     6
370
     0
100
AcDbVertex
100
AcDb2dVertex
 10
2790.4547647857
 20
1541.925798363188
 30
0.0
  0
VERTEX
  5
1842
330
1835
100
AcDbEntity
  8
0
 62
     6
370
     0
100
AcDbVertex
100
AcDb2dVertex
 10
2790.19975398795
 20
1542.669579856628
 30
0.0
  0
VERTEX
  5
1843
330
1835
100
AcDbEntity
  8
0
 62
     6
370
     0
100
AcDbVertex
100
AcDb2dVertex
 10
2789.795986891511
 20
1543.285855951192
 30
0.0
  0
VERTEX
  5
1844
330
1835
100
AcDbEntity
  8
0
 62
     6
370
     0
100
AcDbVertex
100
AcDb2dVertex
 10
2789.413470694885
 20
1543.625870348193
 30
0.0
  0
VERTEX
  5
1845
330
1835
100
AcDbEntity
  8
0
 62
     6
370
     0
100
AcDbVertex
100
AcDb2dVertex
 10
2788.712191001071
 20
1543.965884745194
 30
0.0
  0
SEQEND
  5
1846
330
1835
100
AcDbEntity
  8
0
 62
     6
370
     0
  0
POLYLINE
  5
1847
330
1F
100
AcDbEntity
  8
0
 62
     6
370
     0
100
AcDb2dPolyline
 66
     1
 10
0.0
 20
0.0
 30
0.0
 70
     1
  0
VERTEX
  5
1848
330
1847
100
AcDbEntity
  8
0
 62
     6
370
     0
100
AcDbVertex
100
AcDb2dVertex
 10
2729.570936822723
 20
1532.787911443788
 30
0.0
  0
VERTEX
  5
1849
330
1847
100
AcDbEntity
  8
0
 62
     6
370
     0
100
AcDbVertex
100
AcDb2dVertex
 10
2728.423388232844
 20
1532.787911443788
 30
0.0
  0
VERTEX
  5
184A
330
1847
100
AcDbEntity
  8
0
 62
     6
370
     0
100
AcDbVertex
100
AcDb2dVertex
 10
2725.363258659836
 20
1524.776322214454
 30
0.0
  0
VERTEX
  5
184B
330
1847
100
AcDbEntity
  8
0
 62
     6
370
     0
100
AcDbVertex
100
AcDb2dVertex
 10
2726.468305450089
 20
1524.776322214454
 30
0.0
  0
VERTEX
  5
184C
330
1847
100
AcDbEntity
  8
0
 62
     6
370
     0
100
AcDbVertex
100
AcDb2dVertex
 10
2727.360843242216
 20
1527.198924793086
 30
0.0
  0
VERTEX
  5
184D
330
1847
100
AcDbEntity
  8
0
 62
     6
370
     0
100
AcDbVertex
100
AcDb2dVertex
 10
2730.697234512788
 20
1527.198924793086
 30
0.0
  0
VERTEX
  5
184E
330
1847
100
AcDbEntity
  8
0
 62
     6
370
     0
100
AcDbVertex
100
AcDb2dVertex
 10
2727.658355839592
 20
1528.070211685401
 30
0.0
  0
VERTEX
  5
184F
330
1847
100
AcDbEntity
  8
0
 62
     6
370
     0
100
AcDbVertex
100
AcDb2dVertex
 10
2728.529642731907
 20
1530.407810664782
 30
0.0
  0
VERTEX
  5
1850
330
1847
100
AcDbEntity
  8
0
 62
     6
370
     0
100
AcDbVertex
100
AcDb2dVertex
 10
2728.784653529658
 20
1531.130341258409
 30
0.0
  0
VERTEX
  5
1851
330
1847
100
AcDbEntity
  8
0
 62
     6
370
     0
100
AcDbVertex
100
AcDb2dVertex
 10
2728.975911627971
 20
1531.937875451286
 30
0.0
  0
SEQEND
  5
1852
330
1847
100
AcDbEntity
  8
0
 62
     6
370
     0
  0
POLYLINE
  5
1853
330
1F
100
AcDbEntity
  8
0
 62
     6
370
     0
100
AcDb2dPolyline
 66
     1
 10
0.0
 20
0.0
 30
0.0
 70
     1
  0
VERTEX
  5
1854
330
1853
100
AcDbEntity
  8
0
 62
     6
370
     0
100
AcDbVertex
100
AcDb2dVertex
 10
2729.570936822723
 20
1532.787911443788
 30
0.0
  0
VERTEX
  5
1855
330
1853
100
AcDbEntity
  8
0
 62
     6
370
     0
100
AcDbVertex
100
AcDb2dVertex
 10
2728.975911627971
 20
1531.937875451286
 30
0.0
  0
VERTEX
  5
1856
330
1853
100
AcDbEntity
  8
0
 62
     6
370
     0
100
AcDbVertex
100
AcDb2dVertex
 10
2728.997162527783
 20
1531.874122751849
 30
0.0
  0
VERTEX
  5
1857
330
1853
100
AcDbEntity
  8
0
 62
     6
370
     0
100
AcDbVertex
100
AcDb2dVertex
 10
2729.209671525909
 20
1531.151592158222
 30
0.0
  0
VERTEX
  5
1858
330
1853
100
AcDbEntity
  8
0
 62
     6
370
     0
100
AcDbVertex
100
AcDb2dVertex
 10
2729.528435023097
 20
1530.280305265907
 30
0.0
  0
VERTEX
  5
1859
330
1853
100
AcDbEntity
  8
0
 62
     6
370
     0
100
AcDbVertex
100
AcDb2dVertex
 10
2730.3784710156
 20
1528.070211685401
 30
0.0
  0
VERTEX
  5
185A
330
1853
100
AcDbEntity
  8
0
 62
     6
370
     0
100
AcDbVertex
100
AcDb2dVertex
 10
2727.658355839592
 20
1528.070211685401
 30
0.0
  0
VERTEX
  5
185B
330
1853
100
AcDbEntity
  8
0
 62
     6
370
     0
100
AcDbVertex
100
AcDb2dVertex
 10
2730.697234512788
 20
1527.198924793086
 30
0.0
  0
VERTEX
  5
185C
330
1853
100
AcDbEntity
  8
0
 62
     6
370
     0
100
AcDbVertex
100
AcDb2dVertex
 10
2731.632274104541
 20
1524.776322214454
 30
0.0
  0
VERTEX
  5
185D
330
1853
100
AcDbEntity
  8
0
 62
     6
370
     0
100
AcDbVertex
100
AcDb2dVertex
 10
2732.843575393857
 20
1524.776322214454
 30
0.0
  0
SEQEND
  5
185E
330
1853
100
AcDbEntity
  8
0
 62
     6
370
     0
  0
POLYLINE
  5
185F
330
1F
100
AcDbEntity
  8
0
 62
     6
370
     0
100
AcDb2dPolyline
 66
     1
 10
0.0
 20
0.0
 30
0.0
 70
     1
  0
VERTEX
  5
1860
330
185F
100
AcDbEntity
  8
0
 62
     6
370
     0
100
AcDbVertex
100
AcDb2dVertex
 10
2738.156300346996
 20
1525.626358206956
 30
0.0
  0
VERTEX
  5
1861
330
185F
100
AcDbEntity
  8
0
 62
     6
370
     0
100
AcDbVertex
100
AcDb2dVertex
 10
2735.478686970614
 20
1525.626358206956
 30
0.0
  0
VERTEX
  5
1862
330
185F
100
AcDbEntity
  8
0
 62
     6
370
     0
100
AcDbVertex
100
AcDb2dVertex
 10
2735.096170773988
 20
1525.626358206956
 30
0.0
  0
VERTEX
  5
1863
330
185F
100
AcDbEntity
  8
0
 62
     6
370
     0
100
AcDbVertex
100
AcDb2dVertex
 10
2734.246134781485
 20
1525.583856407331
 30
0.0
  0
VERTEX
  5
1864
330
185F
100
AcDbEntity
  8
0
 62
     6
370
     0
100
AcDbVertex
100
AcDb2dVertex
 10
2733.034833492169
 20
1524.776322214454
 30
0.0
  0
VERTEX
  5
1865
330
185F
100
AcDbEntity
  8
0
 62
     6
370
     0
100
AcDbVertex
100
AcDb2dVertex
 10
2738.156300346996
 20
1524.776322214454
 30
0.0
  0
SEQEND
  5
1866
330
185F
100
AcDbEntity
  8
0
 62
     6
370
     0
  0
POLYLINE
  5
1867
330
1F
100
AcDbEntity
  8
0
 62
     6
370
     0
100
AcDb2dPolyline
 66
     1
 10
0.0
 20
0.0
 30
0.0
 70
     1
  0
VERTEX
  5
1868
330
1867
100
AcDbEntity
  8
0
 62
     6
370
     0
100
AcDbVertex
100
AcDb2dVertex
 10
2737.986293148495
 20
1529.919039969093
 30
0.0
  0
VERTEX
  5
1869
330
1867
100
AcDbEntity
  8
0
 62
     6
370
     0
100
AcDbVertex
100
AcDb2dVertex
 10
2736.732490059555
 20
1529.81278547003
 30
0.0
  0
VERTEX
  5
186A
330
1867
100
AcDbEntity
  8
0
 62
     6
370
     0
100
AcDbVertex
100
AcDb2dVertex
 10
2733.034833492169
 20
1525.583856407331
 30
0.0
  0
VERTEX
  5
186B
330
1867
100
AcDbEntity
  8
0
 62
     6
370
     0
100
AcDbVertex
100
AcDb2dVertex
 10
2733.034833492169
 20
1524.776322214454
 30
0.0
  0
VERTEX
  5
186C
330
1867
100
AcDbEntity
  8
0
 62
     6
370
     0
100
AcDbVertex
100
AcDb2dVertex
 10
2734.246134781485
 20
1525.583856407331
 30
0.0
  0
VERTEX
  5
186D
330
1867
100
AcDbEntity
  8
0
 62
     6
370
     0
100
AcDbVertex
100
AcDb2dVertex
 10
2734.862410876049
 20
1526.242634301521
 30
0.0
  0
SEQEND
  5
186E
330
1867
100
AcDbEntity
  8
0
 62
     6
370
     0
  0
POLYLINE
  5
186F
330
1F
100
AcDbEntity
  8
0
 62
     6
370
     0
100
AcDb2dPolyline
 66
     1
 10
0.0
 20
0.0
 30
0.0
 70
     1
  0
VERTEX
  5
1870
330
186F
100
AcDbEntity
  8
0
 62
     6
370
     0
100
AcDbVertex
100
AcDb2dVertex
 10
2737.986293148495
 20
1530.577817863283
 30
0.0
  0
VERTEX
  5
1871
330
186F
100
AcDbEntity
  8
0
 62
     6
370
     0
100
AcDbVertex
100
AcDb2dVertex
 10
2733.247342490295
 20
1530.577817863283
 30
0.0
  0
VERTEX
  5
1872
330
186F
100
AcDbEntity
  8
0
 62
     6
370
     0
100
AcDbVertex
100
AcDb2dVertex
 10
2733.247342490295
 20
1529.770283670405
 30
0.0
  0
VERTEX
  5
1873
330
186F
100
AcDbEntity
  8
0
 62
     6
370
     0
100
AcDbVertex
100
AcDb2dVertex
 10
2735.627443269301
 20
1529.770283670405
 30
0.0
  0
VERTEX
  5
1874
330
186F
100
AcDbEntity
  8
0
 62
     6
370
     0
100
AcDbVertex
100
AcDb2dVertex
 10
2735.86120316724
 20
1529.770283670405
 30
0.0
  0
VERTEX
  5
1875
330
186F
100
AcDbEntity
  8
0
 62
     6
370
     0
100
AcDbVertex
100
AcDb2dVertex
 10
2736.732490059555
 20
1529.81278547003
 30
0.0
  0
VERTEX
  5
1876
330
186F
100
AcDbEntity
  8
0
 62
     6
370
     0
100
AcDbVertex
100
AcDb2dVertex
 10
2737.986293148495
 20
1529.919039969093
 30
0.0
  0
SEQEND
  5
1877
330
186F
100
AcDbEntity
  8
0
 62
     6
370
     0
  0
POLYLINE
  5
1878
330
1F
100
AcDbEntity
  8
0
 62
     6
370
     0
100
AcDb2dPolyline
 66
     1
 10
0.0
 20
0.0
 30
0.0
 70
     1
  0
VERTEX
  5
1879
330
1878
100
AcDbEntity
  8
0
 62
     6
370
     0
100
AcDbVertex
100
AcDb2dVertex
 10
2742.087716812319
 20
1525.711361806207
 30
0.0
  0
VERTEX
  5
187A
330
1878
100
AcDbEntity
  8
0
 62
     6
370
     0
100
AcDbVertex
100
AcDb2dVertex
 10
2741.301433519254
 20
1525.498852808081
 30
0.0
  0
VERTEX
  5
187B
330
1878
100
AcDbEntity
  8
0
 62
     6
370
     0
100
AcDbVertex
100
AcDb2dVertex
 10
2739.473856135374
 20
1525.350096509393
 30
0.0
  0
VERTEX
  5
187C
330
1878
100
AcDbEntity
  8
0
 62
     6
370
     0
100
AcDbVertex
100
AcDb2dVertex
 10
2739.495107035188
 20
1525.328845609581
 30
0.0
  0
VERTEX
  5
187D
330
1878
100
AcDbEntity
  8
0
 62
     6
370
     0
100
AcDbVertex
100
AcDb2dVertex
 10
2740.132634029564
 20
1524.840074913892
 30
0.0
  0
VERTEX
  5
187E
330
1878
100
AcDbEntity
  8
0
 62
     6
370
     0
100
AcDbVertex
100
AcDb2dVertex
 10
2740.281390328251
 20
1524.797573114267
 30
0.0
  0
VERTEX
  5
187F
330
1878
100
AcDbEntity
  8
0
 62
     6
370
     0
100
AcDbVertex
100
AcDb2dVertex
 10
2741.088924521129
 20
1524.648816815579
 30
0.0
  0
VERTEX
  5
1880
330
1878
100
AcDbEntity
  8
0
 62
     6
370
     0
100
AcDbVertex
100
AcDb2dVertex
 10
2741.662698816068
 20
1524.712569515016
 30
0.0
  0
VERTEX
  5
1881
330
1878
100
AcDbEntity
  8
0
 62
     6
370
     0
100
AcDbVertex
100
AcDb2dVertex
 10
2742.363978509882
 20
1525.031333012205
 30
0.0
  0
VERTEX
  5
1882
330
1878
100
AcDbEntity
  8
0
 62
     6
370
     0
100
AcDbVertex
100
AcDb2dVertex
 10
2742.937752804821
 20
1525.626358206956
 30
0.0
  0
SEQEND
  5
1883
330
1878
100
AcDbEntity
  8
0
 62
     6
370
     0
  0
POLYLINE
  5
1884
330
1F
100
AcDbEntity
  8
0
 62
     6
370
     0
100
AcDb2dPolyline
 66
     1
 10
0.0
 20
0.0
 30
0.0
 70
     1
  0
VERTEX
  5
1885
330
1884
100
AcDbEntity
  8
0
 62
     6
370
     0
100
AcDbVertex
100
AcDb2dVertex
 10
2740.090132229939
 20
1530.577817863283
 30
0.0
  0
VERTEX
  5
1886
330
1884
100
AcDbEntity
  8
0
 62
     6
370
     0
100
AcDbVertex
100
AcDb2dVertex
 10
2739.112590838561
 20
1530.577817863283
 30
0.0
  0
VERTEX
  5
1887
330
1884
100
AcDbEntity
  8
0
 62
     6
370
     0
100
AcDbVertex
100
AcDb2dVertex
 10
2739.112590838561
 20
1526.98641579496
 30
0.0
  0
VERTEX
  5
1888
330
1884
100
AcDbEntity
  8
0
 62
     6
370
     0
100
AcDbVertex
100
AcDb2dVertex
 10
2739.112590838561
 20
1526.880161295897
 30
0.0
  0
VERTEX
  5
1889
330
1884
100
AcDbEntity
  8
0
 62
     6
370
     0
100
AcDbVertex
100
AcDb2dVertex
 10
2739.176343537998
 20
1526.07262710302
 30
0.0
  0
VERTEX
  5
188A
330
1884
100
AcDbEntity
  8
0
 62
     6
370
     0
100
AcDbVertex
100
AcDb2dVertex
 10
2739.473856135374
 20
1525.350096509393
 30
0.0
  0
VERTEX
  5
188B
330
1884
100
AcDbEntity
  8
0
 62
     6
370
     0
100
AcDbVertex
100
AcDb2dVertex
 10
2741.301433519254
 20
1525.498852808081
 30
0.0
  0
VERTEX
  5
188C
330
1884
100
AcDbEntity
  8
0
 62
     6
370
     0
100
AcDbVertex
100
AcDb2dVertex
 10
2740.557652025815
 20
1525.711361806207
 30
0.0
  0
VERTEX
  5
188D
330
1884
100
AcDbEntity
  8
0
 62
     6
370
     0
100
AcDbVertex
100
AcDb2dVertex
 10
2740.153884929376
 20
1526.327637900771
 30
0.0
  0
VERTEX
  5
188E
330
1884
100
AcDbEntity
  8
0
 62
     6
370
     0
100
AcDbVertex
100
AcDb2dVertex
 10
2740.132634029564
 20
1526.455143299646
 30
0.0
  0
VERTEX
  5
188F
330
1884
100
AcDbEntity
  8
0
 62
     6
370
     0
100
AcDbVertex
100
AcDb2dVertex
 10
2740.090132229939
 20
1527.368931991586
 30
0.0
  0
SEQEND
  5
1890
330
1884
100
AcDbEntity
  8
0
 62
     6
370
     0
  0
POLYLINE
  5
1891
330
1F
100
AcDbEntity
  8
0
 62
     6
370
     0
100
AcDb2dPolyline
 66
     1
 10
0.0
 20
0.0
 30
0.0
 70
     1
  0
VERTEX
  5
1892
330
1891
100
AcDbEntity
  8
0
 62
     6
370
     0
100
AcDbVertex
100
AcDb2dVertex
 10
2743.809039697136
 20
1530.577817863283
 30
0.0
  0
VERTEX
  5
1893
330
1891
100
AcDbEntity
  8
0
 62
     6
370
     0
100
AcDbVertex
100
AcDb2dVertex
 10
2742.831498305759
 20
1530.577817863283
 30
0.0
  0
VERTEX
  5
1894
330
1891
100
AcDbEntity
  8
0
 62
     6
370
     0
100
AcDbVertex
100
AcDb2dVertex
 10
2742.831498305759
 20
1527.475186490649
 30
0.0
  0
VERTEX
  5
1895
330
1891
100
AcDbEntity
  8
0
 62
     6
370
     0
100
AcDbVertex
100
AcDb2dVertex
 10
2742.810247405946
 20
1527.092670294023
 30
0.0
  0
VERTEX
  5
1896
330
1891
100
AcDbEntity
  8
0
 62
     6
370
     0
100
AcDbVertex
100
AcDb2dVertex
 10
2742.682742007071
 20
1526.348888800584
 30
0.0
  0
VERTEX
  5
1897
330
1891
100
AcDbEntity
  8
0
 62
     6
370
     0
100
AcDbVertex
100
AcDb2dVertex
 10
2742.661491107258
 20
1526.327637900771
 30
0.0
  0
VERTEX
  5
1898
330
1891
100
AcDbEntity
  8
0
 62
     6
370
     0
100
AcDbVertex
100
AcDb2dVertex
 10
2742.130218611944
 20
1525.732612706019
 30
0.0
  0
VERTEX
  5
1899
330
1891
100
AcDbEntity
  8
0
 62
     6
370
     0
100
AcDbVertex
100
AcDb2dVertex
 10
2742.087716812319
 20
1525.711361806207
 30
0.0
  0
VERTEX
  5
189A
330
1891
100
AcDbEntity
  8
0
 62
     6
370
     0
100
AcDbVertex
100
AcDb2dVertex
 10
2742.937752804821
 20
1525.626358206956
 30
0.0
  0
VERTEX
  5
189B
330
1891
100
AcDbEntity
  8
0
 62
     6
370
     0
100
AcDbVertex
100
AcDb2dVertex
 10
2742.937752804821
 20
1524.776322214454
 30
0.0
  0
VERTEX
  5
189C
330
1891
100
AcDbEntity
  8
0
 62
     6
370
     0
100
AcDbVertex
100
AcDb2dVertex
 10
2743.809039697136
 20
1524.776322214454
 30
0.0
  0
SEQEND
  5
189D
330
1891
100
AcDbEntity
  8
0
 62
     6
370
     0
  0
POLYLINE
  5
189E
330
1F
100
AcDbEntity
  8
0
 62
     6
370
     0
100
AcDb2dPolyline
 66
     1
 10
0.0
 20
0.0
 30
0.0
 70
     1
  0
VERTEX
  5
189F
330
189E
100
AcDbEntity
  8
0
 62
     6
370
     0
100
AcDbVertex
100
AcDb2dVertex
 10
2745.339104483641
 20
1524.776322214454
 30
0.0
  0
VERTEX
  5
18A0
330
189E
100
AcDbEntity
  8
0
 62
     6
370
     0
100
AcDbVertex
100
AcDb2dVertex
 10
2745.339104483641
 20
1532.787911443788
 30
0.0
  0
VERTEX
  5
18A1
330
189E
100
AcDbEntity
  8
0
 62
     6
370
     0
100
AcDbVertex
100
AcDb2dVertex
 10
2746.316645875018
 20
1532.787911443788
 30
0.0
  0
VERTEX
  5
18A2
330
189E
100
AcDbEntity
  8
0
 62
     6
370
     0
100
AcDbVertex
100
AcDb2dVertex
 10
2746.316645875018
 20
1524.776322214454
 30
0.0
  0
VERTEX
  5
18A3
330
189E
100
AcDbEntity
  8
0
 62
     6
370
     0
100
AcDbVertex
100
AcDb2dVertex
 10
2745.339104483641
 20
1524.776322214454
 30
0.0
  0
SEQEND
  5
18A4
330
189E
100
AcDbEntity
  8
0
 62
     6
370
     0
  0
POLYLINE
  5
18A5
330
1F
100
AcDbEntity
  8
0
 62
     6
370
     0
100
AcDb2dPolyline
 66
     1
 10
0.0
 20
0.0
 30
0.0
 70
     1
  0
VERTEX
  5
18A6
330
18A5
100
AcDbEntity
  8
0
 62
     6
370
     0
100
AcDbVertex
100
AcDb2dVertex
 10
2749.228019149339
 20
1525.90261990452
 30
0.0
  0
VERTEX
  5
18A7
330
18A5
100
AcDbEntity
  8
0
 62
     6
370
     0
100
AcDbVertex
100
AcDb2dVertex
 10
2748.101721459273
 20
1525.90261990452
 30
0.0
  0
VERTEX
  5
18A8
330
18A5
100
AcDbEntity
  8
0
 62
     6
370
     0
100
AcDbVertex
100
AcDb2dVertex
 10
2748.101721459273
 20
1524.776322214454
 30
0.0
  0
VERTEX
  5
18A9
330
18A5
100
AcDbEntity
  8
0
 62
     6
370
     0
100
AcDbVertex
100
AcDb2dVertex
 10
2749.228019149339
 20
1524.776322214454
 30
0.0
  0
SEQEND
  5
18AA
330
18A5
100
AcDbEntity
  8
0
 62
     6
370
     0
  0
POLYLINE
  5
18AB
330
1F
100
AcDbEntity
  8
0
 62
     6
370
     0
100
AcDb2dPolyline
 66
     1
 10
0.0
 20
0.0
 30
0.0
 70
     1
  0
VERTEX
  5
18AC
330
18AB
100
AcDbEntity
  8
0
 62
     6
370
     0
100
AcDbVertex
100
AcDb2dVertex
 10
2749.228019149339
 20
1530.577817863283
 30
0.0
  0
VERTEX
  5
18AD
330
18AB
100
AcDbEntity
  8
0
 62
     6
370
     0
100
AcDbVertex
100
AcDb2dVertex
 10
2748.101721459273
 20
1530.577817863283
 30
0.0
  0
VERTEX
  5
18AE
330
18AB
100
AcDbEntity
  8
0
 62
     6
370
     0
100
AcDbVertex
100
AcDb2dVertex
 10
2748.101721459273
 20
1529.451520173217
 30
0.0
  0
VERTEX
  5
18AF
330
18AB
100
AcDbEntity
  8
0
 62
     6
370
     0
100
AcDbVertex
100
AcDb2dVertex
 10
2749.228019149339
 20
1529.451520173217
 30
0.0
  0
SEQEND
  5
18B0
330
18AB
100
AcDbEntity
  8
0
 62
     6
370
     0
  0
POLYLINE
  5
18B1
330
1F
100
AcDbEntity
  8
0
 62
     6
370
     0
100
AcDb2dPolyline
 66
     1
 10
0.0
 20
0.0
 30
0.0
 70
     1
  0
VERTEX
  5
18B2
330
18B1
100
AcDbEntity
  8
0
 62
     6
370
     0
100
AcDbVertex
100
AcDb2dVertex
 10
2757.813382673612
 20
1526.90141219571
 30
0.0
  0
VERTEX
  5
18B3
330
18B1
100
AcDbEntity
  8
0
 62
     6
370
     0
100
AcDbVertex
100
AcDb2dVertex
 10
2757.728379074361
 20
1526.455143299646
 30
0.0
  0
VERTEX
  5
18B4
330
18B1
100
AcDbEntity
  8
0
 62
     6
370
     0
100
AcDbVertex
100
AcDb2dVertex
 10
2757.324611977923
 20
1525.81761630527
 30
0.0
  0
VERTEX
  5
18B5
330
18B1
100
AcDbEntity
  8
0
 62
     6
370
     0
100
AcDbVertex
100
AcDb2dVertex
 10
2757.13335387961
 20
1525.668860006582
 30
0.0
  0
VERTEX
  5
18B6
330
18B1
100
AcDbEntity
  8
0
 62
     6
370
     0
100
AcDbVertex
100
AcDb2dVertex
 10
2756.368321486358
 20
1525.456351008456
 30
0.0
  0
VERTEX
  5
18B7
330
18B1
100
AcDbEntity
  8
0
 62
     6
370
     0
100
AcDbVertex
100
AcDb2dVertex
 10
2754.455740503229
 20
1525.435100108643
 30
0.0
  0
VERTEX
  5
18B8
330
18B1
100
AcDbEntity
  8
0
 62
     6
370
     0
100
AcDbVertex
100
AcDb2dVertex
 10
2754.838256699854
 20
1525.095085711642
 30
0.0
  0
VERTEX
  5
18B9
330
18B1
100
AcDbEntity
  8
0
 62
     6
370
     0
100
AcDbVertex
100
AcDb2dVertex
 10
2755.539536393668
 20
1524.755071314642
 30
0.0
  0
VERTEX
  5
18BA
330
18B1
100
AcDbEntity
  8
0
 62
     6
370
     0
100
AcDbVertex
100
AcDb2dVertex
 10
2756.368321486358
 20
1524.648816815579
 30
0.0
  0
VERTEX
  5
18BB
330
18B1
100
AcDbEntity
  8
0
 62
     6
370
     0
100
AcDbVertex
100
AcDb2dVertex
 10
2756.474575985422
 20
1524.648816815579
 30
0.0
  0
VERTEX
  5
18BC
330
18B1
100
AcDbEntity
  8
0
 62
     6
370
     0
100
AcDbVertex
100
AcDb2dVertex
 10
2757.30336107811
 20
1524.797573114267
 30
0.0
  0
VERTEX
  5
18BD
330
18B1
100
AcDbEntity
  8
0
 62
     6
370
     0
100
AcDbVertex
100
AcDb2dVertex
 10
2757.983389872113
 20
1525.222591110518
 30
0.0
  0
VERTEX
  5
18BE
330
18B1
100
AcDbEntity
  8
0
 62
     6
370
     0
100
AcDbVertex
100
AcDb2dVertex
 10
2758.089644371175
 20
1525.307594709768
 30
0.0
  0
VERTEX
  5
18BF
330
18B1
100
AcDbEntity
  8
0
 62
     6
370
     0
100
AcDbVertex
100
AcDb2dVertex
 10
2758.535913267239
 20
1525.966372603958
 30
0.0
  0
VERTEX
  5
18C0
330
18B1
100
AcDbEntity
  8
0
 62
     6
370
     0
100
AcDbVertex
100
AcDb2dVertex
 10
2758.790924064989
 20
1526.773906796835
 30
0.0
  0
SEQEND
  5
18C1
330
18B1
100
AcDbEntity
  8
0
 62
     6
370
     0
  0
POLYLINE
  5
18C2
330
1F
100
AcDbEntity
  8
0
 62
     6
370
     0
100
AcDb2dPolyline
 66
     1
 10
0.0
 20
0.0
 30
0.0
 70
     1
  0
VERTEX
  5
18C3
330
18C2
100
AcDbEntity
  8
0
 62
     6
370
     0
100
AcDbVertex
100
AcDb2dVertex
 10
2754.498242302853
 20
1529.982792668531
 30
0.0
  0
VERTEX
  5
18C4
330
18C2
100
AcDbEntity
  8
0
 62
     6
370
     0
100
AcDbVertex
100
AcDb2dVertex
 10
2754.051973406789
 20
1529.302763874529
 30
0.0
  0
VERTEX
  5
18C5
330
18C2
100
AcDbEntity
  8
0
 62
     6
370
     0
100
AcDbVertex
100
AcDb2dVertex
 10
2754.030722506977
 20
1529.281512974717
 30
0.0
  0
VERTEX
  5
18C6
330
18C2
100
AcDbEntity
  8
0
 62
     6
370
     0
100
AcDbVertex
100
AcDb2dVertex
 10
2753.818213508851
 20
1528.516480581464
 30
0.0
  0
VERTEX
  5
18C7
330
18C2
100
AcDbEntity
  8
0
 62
     6
370
     0
100
AcDbVertex
100
AcDb2dVertex
 10
2753.733209909601
 20
1527.645193689149
 30
0.0
  0
VERTEX
  5
18C8
330
18C2
100
AcDbEntity
  8
0
 62
     6
370
     0
100
AcDbVertex
100
AcDb2dVertex
 10
2753.818213508851
 20
1526.795157696647
 30
0.0
  0
VERTEX
  5
18C9
330
18C2
100
AcDbEntity
  8
0
 62
     6
370
     0
100
AcDbVertex
100
AcDb2dVertex
 10
2754.051973406789
 20
1526.030125303395
 30
0.0
  0
VERTEX
  5
18CA
330
18C2
100
AcDbEntity
  8
0
 62
     6
370
     0
100
AcDbVertex
100
AcDb2dVertex
 10
2754.455740503229
 20
1525.435100108643
 30
0.0
  0
VERTEX
  5
18CB
330
18C2
100
AcDbEntity
  8
0
 62
     6
370
     0
100
AcDbVertex
100
AcDb2dVertex
 10
2756.368321486358
 20
1525.456351008456
 30
0.0
  0
VERTEX
  5
18CC
330
18C2
100
AcDbEntity
  8
0
 62
     6
370
     0
100
AcDbVertex
100
AcDb2dVertex
 10
2755.837048991044
 20
1525.541354607706
 30
0.0
  0
VERTEX
  5
18CD
330
18C2
100
AcDbEntity
  8
0
 62
     6
370
     0
100
AcDbVertex
100
AcDb2dVertex
 10
2755.199521996667
 20
1525.98762350377
 30
0.0
  0
VERTEX
  5
18CE
330
18C2
100
AcDbEntity
  8
0
 62
     6
370
     0
100
AcDbVertex
100
AcDb2dVertex
 10
2755.114518397417
 20
1526.07262710302
 30
0.0
  0
VERTEX
  5
18CF
330
18C2
100
AcDbEntity
  8
0
 62
     6
370
     0
100
AcDbVertex
100
AcDb2dVertex
 10
2754.838256699854
 20
1526.752655897022
 30
0.0
  0
VERTEX
  5
18D0
330
18C2
100
AcDbEntity
  8
0
 62
     6
370
     0
100
AcDbVertex
100
AcDb2dVertex
 10
2754.753253100603
 20
1527.687695488775
 30
0.0
  0
VERTEX
  5
18D1
330
18C2
100
AcDbEntity
  8
0
 62
     6
370
     0
100
AcDbVertex
100
AcDb2dVertex
 10
2754.753253100603
 20
1527.857702687275
 30
0.0
  0
VERTEX
  5
18D2
330
18C2
100
AcDbEntity
  8
0
 62
     6
370
     0
100
AcDbVertex
100
AcDb2dVertex
 10
2754.880758499479
 20
1528.750240479403
 30
0.0
  0
VERTEX
  5
18D3
330
18C2
100
AcDbEntity
  8
0
 62
     6
370
     0
100
AcDbVertex
100
AcDb2dVertex
 10
2755.22077289648
 20
1529.366516573967
 30
0.0
  0
VERTEX
  5
18D4
330
18C2
100
AcDbEntity
  8
0
 62
     6
370
     0
100
AcDbVertex
100
AcDb2dVertex
 10
2755.624539992918
 20
1529.706530970968
 30
0.0
  0
VERTEX
  5
18D5
330
18C2
100
AcDbEntity
  8
0
 62
     6
370
     0
100
AcDbVertex
100
AcDb2dVertex
 10
2756.410823285984
 20
1529.897789069281
 30
0.0
  0
SEQEND
  5
18D6
330
18C2
100
AcDbEntity
  8
0
 62
     6
370
     0
  0
POLYLINE
  5
18D7
330
1F
100
AcDbEntity
  8
0
 62
     6
370
     0
100
AcDb2dPolyline
 66
     1
 10
0.0
 20
0.0
 30
0.0
 70
     1
  0
VERTEX
  5
18D8
330
18D7
100
AcDbEntity
  8
0
 62
     6
370
     0
100
AcDbVertex
100
AcDb2dVertex
 10
2756.368321486358
 20
1530.705323262158
 30
0.0
  0
VERTEX
  5
18D9
330
18D7
100
AcDbEntity
  8
0
 62
     6
370
     0
100
AcDbVertex
100
AcDb2dVertex
 10
2755.773296291606
 20
1530.64157056272
 30
0.0
  0
VERTEX
  5
18DA
330
18D7
100
AcDbEntity
  8
0
 62
     6
370
     0
100
AcDbVertex
100
AcDb2dVertex
 10
2754.987012998542
 20
1530.365308865157
 30
0.0
  0
VERTEX
  5
18DB
330
18D7
100
AcDbEntity
  8
0
 62
     6
370
     0
100
AcDbVertex
100
AcDb2dVertex
 10
2754.498242302853
 20
1529.982792668531
 30
0.0
  0
VERTEX
  5
18DC
330
18D7
100
AcDbEntity
  8
0
 62
     6
370
     0
100
AcDbVertex
100
AcDb2dVertex
 10
2756.410823285984
 20
1529.897789069281
 30
0.0
  0
VERTEX
  5
18DD
330
18D7
100
AcDbEntity
  8
0
 62
     6
370
     0
100
AcDbVertex
100
AcDb2dVertex
 10
2756.517077785046
 20
1529.897789069281
 30
0.0
  0
VERTEX
  5
18DE
330
18D7
100
AcDbEntity
  8
0
 62
     6
370
     0
100
AcDbVertex
100
AcDb2dVertex
 10
2757.260859278485
 20
1529.600276471905
 30
0.0
  0
VERTEX
  5
18DF
330
18D7
100
AcDbEntity
  8
0
 62
     6
370
     0
100
AcDbVertex
100
AcDb2dVertex
 10
2757.388364677361
 20
1529.47277107303
 30
0.0
  0
VERTEX
  5
18E0
330
18D7
100
AcDbEntity
  8
0
 62
     6
370
     0
100
AcDbVertex
100
AcDb2dVertex
 10
2757.728379074361
 20
1528.72898957959
 30
0.0
  0
VERTEX
  5
18E1
330
18D7
100
AcDbEntity
  8
0
 62
     6
370
     0
100
AcDbVertex
100
AcDb2dVertex
 10
2758.684669565927
 20
1528.877745878278
 30
0.0
  0
VERTEX
  5
18E2
330
18D7
100
AcDbEntity
  8
0
 62
     6
370
     0
100
AcDbVertex
100
AcDb2dVertex
 10
2758.429658768176
 20
1529.64277827153
 30
0.0
  0
VERTEX
  5
18E3
330
18D7
100
AcDbEntity
  8
0
 62
     6
370
     0
100
AcDbVertex
100
AcDb2dVertex
 10
2757.919637172675
 20
1530.237803466282
 30
0.0
  0
VERTEX
  5
18E4
330
18D7
100
AcDbEntity
  8
0
 62
     6
370
     0
100
AcDbVertex
100
AcDb2dVertex
 10
2757.919637172675
 20
1530.237803466282
 30
0.0
  0
VERTEX
  5
18E5
330
18D7
100
AcDbEntity
  8
0
 62
     6
370
     0
100
AcDbVertex
100
AcDb2dVertex
 10
2757.239608378672
 20
1530.577817863283
 30
0.0
  0
SEQEND
  5
18E6
330
18D7
100
AcDbEntity
  8
0
 62
     6
370
     0
  0
POLYLINE
  5
18E7
330
1F
100
AcDbEntity
  8
0
 62
     6
370
     0
100
AcDb2dPolyline
 66
     1
 10
0.0
 20
0.0
 30
0.0
 70
     1
  0
VERTEX
  5
18E8
330
18E7
100
AcDbEntity
  8
0
 62
     6
370
     0
100
AcDbVertex
100
AcDb2dVertex
 10
2763.933641819629
 20
1529.919039969093
 30
0.0
  0
VERTEX
  5
18E9
330
18E7
100
AcDbEntity
  8
0
 62
     6
370
     0
100
AcDbVertex
100
AcDb2dVertex
 10
2761.978559036874
 20
1529.897789069281
 30
0.0
  0
VERTEX
  5
18EA
330
18E7
100
AcDbEntity
  8
0
 62
     6
370
     0
100
AcDbVertex
100
AcDb2dVertex
 10
2762.531082432
 20
1529.791534570218
 30
0.0
  0
VERTEX
  5
18EB
330
18E7
100
AcDbEntity
  8
0
 62
     6
370
     0
100
AcDbVertex
100
AcDb2dVertex
 10
2763.189860326189
 20
1529.345265674154
 30
0.0
  0
VERTEX
  5
18EC
330
18E7
100
AcDbEntity
  8
0
 62
     6
370
     0
100
AcDbVertex
100
AcDb2dVertex
 10
2763.232362125814
 20
1529.281512974717
 30
0.0
  0
VERTEX
  5
18ED
330
18E7
100
AcDbEntity
  8
0
 62
     6
370
     0
100
AcDbVertex
100
AcDb2dVertex
 10
2763.572376522815
 20
1528.601484180715
 30
0.0
  0
VERTEX
  5
18EE
330
18E7
100
AcDbEntity
  8
0
 62
     6
370
     0
100
AcDbVertex
100
AcDb2dVertex
 10
2763.678631021878
 20
1527.708946388587
 30
0.0
  0
VERTEX
  5
18EF
330
18E7
100
AcDbEntity
  8
0
 62
     6
370
     0
100
AcDbVertex
100
AcDb2dVertex
 10
2763.678631021878
 20
1527.517688290274
 30
0.0
  0
VERTEX
  5
18F0
330
18E7
100
AcDbEntity
  8
0
 62
     6
370
     0
100
AcDbVertex
100
AcDb2dVertex
 10
2763.52987472319
 20
1526.646401397959
 30
0.0
  0
VERTEX
  5
18F1
330
18E7
100
AcDbEntity
  8
0
 62
     6
370
     0
100
AcDbVertex
100
AcDb2dVertex
 10
2763.189860326189
 20
1526.008874403582
 30
0.0
  0
VERTEX
  5
18F2
330
18E7
100
AcDbEntity
  8
0
 62
     6
370
     0
100
AcDbVertex
100
AcDb2dVertex
 10
2762.743591430125
 20
1525.647609106769
 30
0.0
  0
VERTEX
  5
18F3
330
18E7
100
AcDbEntity
  8
0
 62
     6
370
     0
100
AcDbVertex
100
AcDb2dVertex
 10
2761.978559036874
 20
1525.456351008456
 30
0.0
  0
VERTEX
  5
18F4
330
18E7
100
AcDbEntity
  8
0
 62
     6
370
     0
100
AcDbVertex
100
AcDb2dVertex
 10
2760.002225354305
 20
1525.435100108643
 30
0.0
  0
VERTEX
  5
18F5
330
18E7
100
AcDbEntity
  8
0
 62
     6
370
     0
100
AcDbVertex
100
AcDb2dVertex
 10
2760.405992450744
 20
1525.095085711642
 30
0.0
  0
VERTEX
  5
18F6
330
18E7
100
AcDbEntity
  8
0
 62
     6
370
     0
100
AcDbVertex
100
AcDb2dVertex
 10
2761.128523044371
 20
1524.755071314642
 30
0.0
  0
VERTEX
  5
18F7
330
18E7
100
AcDbEntity
  8
0
 62
     6
370
     0
100
AcDbVertex
100
AcDb2dVertex
 10
2761.978559036874
 20
1524.648816815579
 30
0.0
  0
VERTEX
  5
18F8
330
18E7
100
AcDbEntity
  8
0
 62
     6
370
     0
100
AcDbVertex
100
AcDb2dVertex
 10
2762.61608603125
 20
1524.712569515016
 30
0.0
  0
VERTEX
  5
18F9
330
18E7
100
AcDbEntity
  8
0
 62
     6
370
     0
100
AcDbVertex
100
AcDb2dVertex
 10
2763.381118424502
 20
1525.010082112392
 30
0.0
  0
VERTEX
  5
18FA
330
18E7
100
AcDbEntity
  8
0
 62
     6
370
     0
100
AcDbVertex
100
AcDb2dVertex
 10
2763.848638220379
 20
1525.350096509393
 30
0.0
  0
VERTEX
  5
18FB
330
18E7
100
AcDbEntity
  8
0
 62
     6
370
     0
100
AcDbVertex
100
AcDb2dVertex
 10
2764.35865981588
 20
1526.008874403582
 30
0.0
  0
VERTEX
  5
18FC
330
18E7
100
AcDbEntity
  8
0
 62
     6
370
     0
100
AcDbVertex
100
AcDb2dVertex
 10
2764.401161615504
 20
1526.115128902645
 30
0.0
  0
VERTEX
  5
18FD
330
18E7
100
AcDbEntity
  8
0
 62
     6
370
     0
100
AcDbVertex
100
AcDb2dVertex
 10
2764.613670613631
 20
1526.837659496272
 30
0.0
  0
VERTEX
  5
18FE
330
18E7
100
AcDbEntity
  8
0
 62
     6
370
     0
100
AcDbVertex
100
AcDb2dVertex
 10
2764.677423313068
 20
1527.751448188212
 30
0.0
  0
VERTEX
  5
18FF
330
18E7
100
AcDbEntity
  8
0
 62
     6
370
     0
100
AcDbVertex
100
AcDb2dVertex
 10
2764.613670613631
 20
1528.558982381088
 30
0.0
  0
VERTEX
  5
1900
330
18E7
100
AcDbEntity
  8
0
 62
     6
370
     0
100
AcDbVertex
100
AcDb2dVertex
 10
2764.35865981588
 20
1529.302763874529
 30
0.0
  0
SEQEND
  5
1901
330
18E7
100
AcDbEntity
  8
0
 62
     6
370
     0
  0
POLYLINE
  5
1902
330
1F
100
AcDbEntity
  8
0
 62
     6
370
     0
100
AcDb2dPolyline
 66
     1
 10
0.0
 20
0.0
 30
0.0
 70
     1
  0
VERTEX
  5
1903
330
1902
100
AcDbEntity
  8
0
 62
     6
370
     0
100
AcDbVertex
100
AcDb2dVertex
 10
2761.978559036874
 20
1530.705323262158
 30
0.0
  0
VERTEX
  5
1904
330
1902
100
AcDbEntity
  8
0
 62
     6
370
     0
100
AcDbVertex
100
AcDb2dVertex
 10
2761.617293740061
 20
1530.684072362345
 30
0.0
  0
VERTEX
  5
1905
330
1902
100
AcDbEntity
  8
0
 62
     6
370
     0
100
AcDbVertex
100
AcDb2dVertex
 10
2760.831010446995
 20
1530.492814264032
 30
0.0
  0
VERTEX
  5
1906
330
1902
100
AcDbEntity
  8
0
 62
     6
370
     0
100
AcDbVertex
100
AcDb2dVertex
 10
2760.150981652993
 20
1530.067796267781
 30
0.0
  0
VERTEX
  5
1907
330
1902
100
AcDbEntity
  8
0
 62
     6
370
     0
100
AcDbVertex
100
AcDb2dVertex
 10
2760.023476254118
 20
1529.940290868906
 30
0.0
  0
VERTEX
  5
1908
330
1902
100
AcDbEntity
  8
0
 62
     6
370
     0
100
AcDbVertex
100
AcDb2dVertex
 10
2759.598458257867
 20
1529.345265674154
 30
0.0
  0
VERTEX
  5
1909
330
1902
100
AcDbEntity
  8
0
 62
     6
370
     0
100
AcDbVertex
100
AcDb2dVertex
 10
2759.343447460116
 20
1528.601484180715
 30
0.0
  0
VERTEX
  5
190A
330
1902
100
AcDbEntity
  8
0
 62
     6
370
     0
100
AcDbVertex
100
AcDb2dVertex
 10
2759.258443860866
 20
1527.687695488775
 30
0.0
  0
VERTEX
  5
190B
330
1902
100
AcDbEntity
  8
0
 62
     6
370
     0
100
AcDbVertex
100
AcDb2dVertex
 10
2759.343447460116
 20
1526.795157696647
 30
0.0
  0
VERTEX
  5
190C
330
1902
100
AcDbEntity
  8
0
 62
     6
370
     0
100
AcDbVertex
100
AcDb2dVertex
 10
2759.598458257867
 20
1526.030125303395
 30
0.0
  0
VERTEX
  5
190D
330
1902
100
AcDbEntity
  8
0
 62
     6
370
     0
100
AcDbVertex
100
AcDb2dVertex
 10
2760.002225354305
 20
1525.435100108643
 30
0.0
  0
VERTEX
  5
190E
330
1902
100
AcDbEntity
  8
0
 62
     6
370
     0
100
AcDbVertex
100
AcDb2dVertex
 10
2761.978559036874
 20
1525.456351008456
 30
0.0
  0
VERTEX
  5
190F
330
1902
100
AcDbEntity
  8
0
 62
     6
370
     0
100
AcDbVertex
100
AcDb2dVertex
 10
2761.404784741934
 20
1525.562605507519
 30
0.0
  0
VERTEX
  5
1910
330
1902
100
AcDbEntity
  8
0
 62
     6
370
     0
100
AcDbVertex
100
AcDb2dVertex
 10
2760.746006847745
 20
1526.008874403582
 30
0.0
  0
VERTEX
  5
1911
330
1902
100
AcDbEntity
  8
0
 62
     6
370
     0
100
AcDbVertex
100
AcDb2dVertex
 10
2760.682254148307
 20
1526.093878002833
 30
0.0
  0
VERTEX
  5
1912
330
1902
100
AcDbEntity
  8
0
 62
     6
370
     0
100
AcDbVertex
100
AcDb2dVertex
 10
2760.363490651119
 20
1526.773906796835
 30
0.0
  0
VERTEX
  5
1913
330
1902
100
AcDbEntity
  8
0
 62
     6
370
     0
100
AcDbVertex
100
AcDb2dVertex
 10
2760.257236152056
 20
1527.687695488775
 30
0.0
  0
VERTEX
  5
1914
330
1902
100
AcDbEntity
  8
0
 62
     6
370
     0
100
AcDbVertex
100
AcDb2dVertex
 10
2760.278487051869
 20
1527.836451787463
 30
0.0
  0
VERTEX
  5
1915
330
1902
100
AcDbEntity
  8
0
 62
     6
370
     0
100
AcDbVertex
100
AcDb2dVertex
 10
2760.405992450744
 20
1528.707738679777
 30
0.0
  0
VERTEX
  5
1916
330
1902
100
AcDbEntity
  8
0
 62
     6
370
     0
100
AcDbVertex
100
AcDb2dVertex
 10
2760.746006847745
 20
1529.345265674154
 30
0.0
  0
VERTEX
  5
1917
330
1902
100
AcDbEntity
  8
0
 62
     6
370
     0
100
AcDbVertex
100
AcDb2dVertex
 10
2761.192275743808
 20
1529.706530970968
 30
0.0
  0
VERTEX
  5
1918
330
1902
100
AcDbEntity
  8
0
 62
     6
370
     0
100
AcDbVertex
100
AcDb2dVertex
 10
2761.978559036874
 20
1529.897789069281
 30
0.0
  0
VERTEX
  5
1919
330
1902
100
AcDbEntity
  8
0
 62
     6
370
     0
100
AcDbVertex
100
AcDb2dVertex
 10
2763.933641819629
 20
1529.919039969093
 30
0.0
  0
VERTEX
  5
191A
330
1902
100
AcDbEntity
  8
0
 62
     6
370
     0
100
AcDbVertex
100
AcDb2dVertex
 10
2763.52987472319
 20
1530.259054366094
 30
0.0
  0
VERTEX
  5
191B
330
1902
100
AcDbEntity
  8
0
 62
     6
370
     0
100
AcDbVertex
100
AcDb2dVertex
 10
2762.807344129563
 20
1530.599068763095
 30
0.0
  0
SEQEND
  5
191C
330
1902
100
AcDbEntity
  8
0
 62
     6
370
     0
  0
POLYLINE
  5
191D
330
1F
100
AcDbEntity
  8
0
 62
     6
370
     0
100
AcDb2dPolyline
 66
     1
 10
0.0
 20
0.0
 30
0.0
 70
     1
  0
VERTEX
  5
191E
330
191D
100
AcDbEntity
  8
0
 62
     6
370
     0
100
AcDbVertex
100
AcDb2dVertex
 10
2766.696258795261
 20
1530.577817863283
 30
0.0
  0
VERTEX
  5
191F
330
191D
100
AcDbEntity
  8
0
 62
     6
370
     0
100
AcDbVertex
100
AcDb2dVertex
 10
2765.824971902946
 20
1530.577817863283
 30
0.0
  0
VERTEX
  5
1920
330
191D
100
AcDbEntity
  8
0
 62
     6
370
     0
100
AcDbVertex
100
AcDb2dVertex
 10
2765.824971902946
 20
1524.776322214454
 30
0.0
  0
VERTEX
  5
1921
330
191D
100
AcDbEntity
  8
0
 62
     6
370
     0
100
AcDbVertex
100
AcDb2dVertex
 10
2766.802513294324
 20
1524.776322214454
 30
0.0
  0
VERTEX
  5
1922
330
191D
100
AcDbEntity
  8
0
 62
     6
370
     0
100
AcDbVertex
100
AcDb2dVertex
 10
2766.802513294324
 20
1527.81520088765
 30
0.0
  0
VERTEX
  5
1923
330
191D
100
AcDbEntity
  8
0
 62
     6
370
     0
100
AcDbVertex
100
AcDb2dVertex
 10
2766.823764194136
 20
1528.155215284651
 30
0.0
  0
VERTEX
  5
1924
330
191D
100
AcDbEntity
  8
0
 62
     6
370
     0
100
AcDbVertex
100
AcDb2dVertex
 10
2766.972520492824
 20
1528.962749477528
 30
0.0
  0
VERTEX
  5
1925
330
191D
100
AcDbEntity
  8
0
 62
     6
370
     0
100
AcDbVertex
100
AcDb2dVertex
 10
2767.333785789638
 20
1529.494021972842
 30
0.0
  0
VERTEX
  5
1926
330
191D
100
AcDbEntity
  8
0
 62
     6
370
     0
100
AcDbVertex
100
AcDb2dVertex
 10
2767.907560084577
 20
1529.685280071155
 30
0.0
  0
VERTEX
  5
1927
330
191D
100
AcDbEntity
  8
0
 62
     6
370
     0
100
AcDbVertex
100
AcDb2dVertex
 10
2766.696258795261
 20
1529.706530970968
 30
0.0
  0
SEQEND
  5
1928
330
191D
100
AcDbEntity
  8
0
 62
     6
370
     0
  0
POLYLINE
  5
1929
330
1F
100
AcDbEntity
  8
0
 62
     6
370
     0
100
AcDb2dPolyline
 66
     1
 10
0.0
 20
0.0
 30
0.0
 70
     1
  0
VERTEX
  5
192A
330
1929
100
AcDbEntity
  8
0
 62
     6
370
     0
100
AcDbVertex
100
AcDb2dVertex
 10
2767.950061884202
 20
1530.705323262158
 30
0.0
  0
VERTEX
  5
192B
330
1929
100
AcDbEntity
  8
0
 62
     6
370
     0
100
AcDbVertex
100
AcDb2dVertex
 10
2767.333785789638
 20
1530.514065163845
 30
0.0
  0
VERTEX
  5
192C
330
1929
100
AcDbEntity
  8
0
 62
     6
370
     0
100
AcDbVertex
100
AcDb2dVertex
 10
2767.206280390761
 20
1530.407810664782
 30
0.0
  0
VERTEX
  5
192D
330
1929
100
AcDbEntity
  8
0
 62
     6
370
     0
100
AcDbVertex
100
AcDb2dVertex
 10
2766.696258795261
 20
1529.706530970968
 30
0.0
  0
VERTEX
  5
192E
330
1929
100
AcDbEntity
  8
0
 62
     6
370
     0
100
AcDbVertex
100
AcDb2dVertex
 10
2767.907560084577
 20
1529.685280071155
 30
0.0
  0
VERTEX
  5
192F
330
1929
100
AcDbEntity
  8
0
 62
     6
370
     0
100
AcDbVertex
100
AcDb2dVertex
 10
2768.630090678204
 20
1529.47277107303
 30
0.0
  0
VERTEX
  5
1930
330
1929
100
AcDbEntity
  8
0
 62
     6
370
     0
100
AcDbVertex
100
AcDb2dVertex
 10
2768.970105075205
 20
1530.386559764969
 30
0.0
  0
VERTEX
  5
1931
330
1929
100
AcDbEntity
  8
0
 62
     6
370
     0
100
AcDbVertex
100
AcDb2dVertex
 10
2768.736345177266
 20
1530.514065163845
 30
0.0
  0
SEQEND
  5
1932
330
1929
100
AcDbEntity
  8
0
 62
     6
370
     0
  0
POLYLINE
  5
1933
330
1F
100
AcDbEntity
  8
0
 62
     6
370
     0
100
AcDb2dPolyline
 66
     1
 10
0.0
 20
0.0
 30
0.0
 70
     1
  0
VERTEX
  5
1934
330
1933
100
AcDbEntity
  8
0
 62
     6
370
     0
100
AcDbVertex
100
AcDb2dVertex
 10
2771.690220251212
 20
1525.668860006582
 30
0.0
  0
VERTEX
  5
1935
330
1933
100
AcDbEntity
  8
0
 62
     6
370
     0
100
AcDbVertex
100
AcDb2dVertex
 10
2771.265202254961
 20
1525.626358206956
 30
0.0
  0
VERTEX
  5
1936
330
1933
100
AcDbEntity
  8
0
 62
     6
370
     0
100
AcDbVertex
100
AcDb2dVertex
 10
2769.84139196752
 20
1525.328845609581
 30
0.0
  0
VERTEX
  5
1937
330
1933
100
AcDbEntity
  8
0
 62
     6
370
     0
100
AcDbVertex
100
AcDb2dVertex
 10
2770.266409963771
 20
1524.882576713517
 30
0.0
  0
VERTEX
  5
1938
330
1933
100
AcDbEntity
  8
0
 62
     6
370
     0
100
AcDbVertex
100
AcDb2dVertex
 10
2770.287660863583
 20
1524.861325813704
 30
0.0
  0
VERTEX
  5
1939
330
1933
100
AcDbEntity
  8
0
 62
     6
370
     0
100
AcDbVertex
100
AcDb2dVertex
 10
2771.095195056461
 20
1524.712569515016
 30
0.0
  0
VERTEX
  5
193A
330
1933
100
AcDbEntity
  8
0
 62
     6
370
     0
100
AcDbVertex
100
AcDb2dVertex
 10
2771.8389765499
 20
1524.797573114267
 30
0.0
  0
SEQEND
  5
193B
330
1933
100
AcDbEntity
  8
0
 62
     6
370
     0
  0
POLYLINE
  5
193C
330
1F
100
AcDbEntity
  8
0
 62
     6
370
     0
100
AcDb2dPolyline
 66
     1
 10
0.0
 20
0.0
 30
0.0
 70
     1
  0
VERTEX
  5
193D
330
193C
100
AcDbEntity
  8
0
 62
     6
370
     0
100
AcDbVertex
100
AcDb2dVertex
 10
2770.712678859835
 20
1532.596653345476
 30
0.0
  0
VERTEX
  5
193E
330
193C
100
AcDbEntity
  8
0
 62
     6
370
     0
100
AcDbVertex
100
AcDb2dVertex
 10
2769.735137468457
 20
1532.001628150724
 30
0.0
  0
VERTEX
  5
193F
330
193C
100
AcDbEntity
  8
0
 62
     6
370
     0
100
AcDbVertex
100
AcDb2dVertex
 10
2769.735137468457
 20
1530.577817863283
 30
0.0
  0
VERTEX
  5
1940
330
193C
100
AcDbEntity
  8
0
 62
     6
370
     0
100
AcDbVertex
100
AcDb2dVertex
 10
2769.012606874829
 20
1530.577817863283
 30
0.0
  0
VERTEX
  5
1941
330
193C
100
AcDbEntity
  8
0
 62
     6
370
     0
100
AcDbVertex
100
AcDb2dVertex
 10
2769.012606874829
 20
1529.81278547003
 30
0.0
  0
VERTEX
  5
1942
330
193C
100
AcDbEntity
  8
0
 62
     6
370
     0
100
AcDbVertex
100
AcDb2dVertex
 10
2769.735137468457
 20
1529.81278547003
 30
0.0
  0
VERTEX
  5
1943
330
193C
100
AcDbEntity
  8
0
 62
     6
370
     0
100
AcDbVertex
100
AcDb2dVertex
 10
2769.735137468457
 20
1526.476394199459
 30
0.0
  0
VERTEX
  5
1944
330
193C
100
AcDbEntity
  8
0
 62
     6
370
     0
100
AcDbVertex
100
AcDb2dVertex
 10
2769.735137468457
 20
1526.008874403582
 30
0.0
  0
VERTEX
  5
1945
330
193C
100
AcDbEntity
  8
0
 62
     6
370
     0
100
AcDbVertex
100
AcDb2dVertex
 10
2769.84139196752
 20
1525.328845609581
 30
0.0
  0
VERTEX
  5
1946
330
193C
100
AcDbEntity
  8
0
 62
     6
370
     0
100
AcDbVertex
100
AcDb2dVertex
 10
2771.265202254961
 20
1525.626358206956
 30
0.0
  0
VERTEX
  5
1947
330
193C
100
AcDbEntity
  8
0
 62
     6
370
     0
100
AcDbVertex
100
AcDb2dVertex
 10
2770.92518785796
 20
1525.690110906394
 30
0.0
  0
VERTEX
  5
1948
330
193C
100
AcDbEntity
  8
0
 62
     6
370
     0
100
AcDbVertex
100
AcDb2dVertex
 10
2770.755180659461
 20
1525.881369004707
 30
0.0
  0
VERTEX
  5
1949
330
193C
100
AcDbEntity
  8
0
 62
     6
370
     0
100
AcDbVertex
100
AcDb2dVertex
 10
2770.712678859835
 20
1526.412641500021
 30
0.0
  0
VERTEX
  5
194A
330
193C
100
AcDbEntity
  8
0
 62
     6
370
     0
100
AcDbVertex
100
AcDb2dVertex
 10
2770.712678859835
 20
1529.81278547003
 30
0.0
  0
VERTEX
  5
194B
330
193C
100
AcDbEntity
  8
0
 62
     6
370
     0
100
AcDbVertex
100
AcDb2dVertex
 10
2771.690220251212
 20
1529.81278547003
 30
0.0
  0
VERTEX
  5
194C
330
193C
100
AcDbEntity
  8
0
 62
     6
370
     0
100
AcDbVertex
100
AcDb2dVertex
 10
2771.690220251212
 20
1530.577817863283
 30
0.0
  0
VERTEX
  5
194D
330
193C
100
AcDbEntity
  8
0
 62
     6
370
     0
100
AcDbVertex
100
AcDb2dVertex
 10
2770.712678859835
 20
1530.577817863283
 30
0.0
  0
SEQEND
  5
194E
330
193C
100
AcDbEntity
  8
0
 62
     6
370
     0
  0
POLYLINE
  5
194F
330
1F
100
AcDbEntity
  8
0
 62
     6
370
     0
100
AcDb2dPolyline
 66
     1
 10
0.0
 20
0.0
 30
0.0
 70
     1
  0
VERTEX
  5
1950
330
194F
100
AcDbEntity
  8
0
 62
     6
370
     0
100
AcDbVertex
100
AcDb2dVertex
 10
2776.620429007726
 20
1526.646401397959
 30
0.0
  0
VERTEX
  5
1951
330
194F
100
AcDbEntity
  8
0
 62
     6
370
     0
100
AcDbVertex
100
AcDb2dVertex
 10
2776.49292360885
 20
1526.348888800584
 30
0.0
  0
VERTEX
  5
1952
330
194F
100
AcDbEntity
  8
0
 62
     6
370
     0
100
AcDbVertex
100
AcDb2dVertex
 10
2776.004152913162
 20
1525.732612706019
 30
0.0
  0
VERTEX
  5
1953
330
194F
100
AcDbEntity
  8
0
 62
     6
370
     0
100
AcDbVertex
100
AcDb2dVertex
 10
2775.876647514286
 20
1525.647609106769
 30
0.0
  0
VERTEX
  5
1954
330
194F
100
AcDbEntity
  8
0
 62
     6
370
     0
100
AcDbVertex
100
AcDb2dVertex
 10
2775.090364221221
 20
1525.456351008456
 30
0.0
  0
VERTEX
  5
1955
330
194F
100
AcDbEntity
  8
0
 62
     6
370
     0
100
AcDbVertex
100
AcDb2dVertex
 10
2773.071528739027
 20
1525.435100108643
 30
0.0
  0
VERTEX
  5
1956
330
194F
100
AcDbEntity
  8
0
 62
     6
370
     0
100
AcDbVertex
100
AcDb2dVertex
 10
2773.517797635092
 20
1525.07383481183
 30
0.0
  0
VERTEX
  5
1957
330
194F
100
AcDbEntity
  8
0
 62
     6
370
     0
100
AcDbVertex
100
AcDb2dVertex
 10
2774.219077328906
 20
1524.755071314642
 30
0.0
  0
VERTEX
  5
1958
330
194F
100
AcDbEntity
  8
0
 62
     6
370
     0
100
AcDbVertex
100
AcDb2dVertex
 10
2775.090364221221
 20
1524.648816815579
 30
0.0
  0
VERTEX
  5
1959
330
194F
100
AcDbEntity
  8
0
 62
     6
370
     0
100
AcDbVertex
100
AcDb2dVertex
 10
2775.217869620096
 20
1524.648816815579
 30
0.0
  0
VERTEX
  5
195A
330
194F
100
AcDbEntity
  8
0
 62
     6
370
     0
100
AcDbVertex
100
AcDb2dVertex
 10
2776.067905612599
 20
1524.797573114267
 30
0.0
  0
VERTEX
  5
195B
330
194F
100
AcDbEntity
  8
0
 62
     6
370
     0
100
AcDbVertex
100
AcDb2dVertex
 10
2776.7479344066
 20
1525.137587511268
 30
0.0
  0
VERTEX
  5
195C
330
194F
100
AcDbEntity
  8
0
 62
     6
370
     0
100
AcDbVertex
100
AcDb2dVertex
 10
2776.769185306414
 20
1525.15883841108
 30
0.0
  0
VERTEX
  5
195D
330
194F
100
AcDbEntity
  8
0
 62
     6
370
     0
100
AcDbVertex
100
AcDb2dVertex
 10
2777.300457801727
 20
1525.753863605832
 30
0.0
  0
VERTEX
  5
195E
330
194F
100
AcDbEntity
  8
0
 62
     6
370
     0
100
AcDbVertex
100
AcDb2dVertex
 10
2777.640472198728
 20
1526.518895999084
 30
0.0
  0
SEQEND
  5
195F
330
194F
100
AcDbEntity
  8
0
 62
     6
370
     0
  0
POLYLINE
  5
1960
330
1F
100
AcDbEntity
  8
0
 62
     6
370
     0
100
AcDb2dPolyline
 66
     1
 10
0.0
 20
0.0
 30
0.0
 70
     1
  0
VERTEX
  5
1961
330
1960
100
AcDbEntity
  8
0
 62
     6
370
     0
100
AcDbVertex
100
AcDb2dVertex
 10
2773.071528739027
 20
1529.897789069281
 30
0.0
  0
VERTEX
  5
1962
330
1960
100
AcDbEntity
  8
0
 62
     6
370
     0
100
AcDbVertex
100
AcDb2dVertex
 10
2772.66776164259
 20
1529.281512974717
 30
0.0
  0
VERTEX
  5
1963
330
1960
100
AcDbEntity
  8
0
 62
     6
370
     0
100
AcDbVertex
100
AcDb2dVertex
 10
2772.412750844839
 20
1528.537731481277
 30
0.0
  0
VERTEX
  5
1964
330
1960
100
AcDbEntity
  8
0
 62
     6
370
     0
100
AcDbVertex
100
AcDb2dVertex
 10
2772.327747245589
 20
1527.623942789336
 30
0.0
  0
VERTEX
  5
1965
330
1960
100
AcDbEntity
  8
0
 62
     6
370
     0
100
AcDbVertex
100
AcDb2dVertex
 10
2772.391499945026
 20
1526.81640859646
 30
0.0
  0
VERTEX
  5
1966
330
1960
100
AcDbEntity
  8
0
 62
     6
370
     0
100
AcDbVertex
100
AcDb2dVertex
 10
2772.646510742777
 20
1526.051376203208
 30
0.0
  0
VERTEX
  5
1967
330
1960
100
AcDbEntity
  8
0
 62
     6
370
     0
100
AcDbVertex
100
AcDb2dVertex
 10
2773.071528739027
 20
1525.435100108643
 30
0.0
  0
VERTEX
  5
1968
330
1960
100
AcDbEntity
  8
0
 62
     6
370
     0
100
AcDbVertex
100
AcDb2dVertex
 10
2775.090364221221
 20
1525.456351008456
 30
0.0
  0
VERTEX
  5
1969
330
1960
100
AcDbEntity
  8
0
 62
     6
370
     0
100
AcDbVertex
100
AcDb2dVertex
 10
2774.559091725909
 20
1525.541354607706
 30
0.0
  0
VERTEX
  5
196A
330
1960
100
AcDbEntity
  8
0
 62
     6
370
     0
100
AcDbVertex
100
AcDb2dVertex
 10
2773.879062931906
 20
1525.966372603958
 30
0.0
  0
VERTEX
  5
196B
330
1960
100
AcDbEntity
  8
0
 62
     6
370
     0
100
AcDbVertex
100
AcDb2dVertex
 10
2773.517797635092
 20
1526.561397798709
 30
0.0
  0
VERTEX
  5
196C
330
1960
100
AcDbEntity
  8
0
 62
     6
370
     0
100
AcDbVertex
100
AcDb2dVertex
 10
2773.347790436591
 20
1527.432684691024
 30
0.0
  0
VERTEX
  5
196D
330
1960
100
AcDbEntity
  8
0
 62
     6
370
     0
100
AcDbVertex
100
AcDb2dVertex
 10
2777.661723098541
 20
1527.432684691024
 30
0.0
  0
VERTEX
  5
196E
330
1960
100
AcDbEntity
  8
0
 62
     6
370
     0
100
AcDbVertex
100
AcDb2dVertex
 10
2777.661723098541
 20
1527.687695488775
 30
0.0
  0
VERTEX
  5
196F
330
1960
100
AcDbEntity
  8
0
 62
     6
370
     0
100
AcDbVertex
100
AcDb2dVertex
 10
2773.390292236217
 20
1528.240218883901
 30
0.0
  0
VERTEX
  5
1970
330
1960
100
AcDbEntity
  8
0
 62
     6
370
     0
100
AcDbVertex
100
AcDb2dVertex
 10
2773.496546735279
 20
1528.792742279028
 30
0.0
  0
VERTEX
  5
1971
330
1960
100
AcDbEntity
  8
0
 62
     6
370
     0
100
AcDbVertex
100
AcDb2dVertex
 10
2773.900313831718
 20
1529.451520173217
 30
0.0
  0
VERTEX
  5
1972
330
1960
100
AcDbEntity
  8
0
 62
     6
370
     0
100
AcDbVertex
100
AcDb2dVertex
 10
2774.261579128532
 20
1529.706530970968
 30
0.0
  0
VERTEX
  5
1973
330
1960
100
AcDbEntity
  8
0
 62
     6
370
     0
100
AcDbVertex
100
AcDb2dVertex
 10
2775.047862421596
 20
1529.897789069281
 30
0.0
  0
SEQEND
  5
1974
330
1960
100
AcDbEntity
  8
0
 62
     6
370
     0
  0
POLYLINE
  5
1975
330
1F
100
AcDbEntity
  8
0
 62
     6
370
     0
100
AcDb2dPolyline
 66
     1
 10
0.0
 20
0.0
 30
0.0
 70
     1
  0
VERTEX
  5
1976
330
1975
100
AcDbEntity
  8
0
 62
     6
370
     0
100
AcDbVertex
100
AcDb2dVertex
 10
2775.026611521783
 20
1530.705323262158
 30
0.0
  0
VERTEX
  5
1977
330
1975
100
AcDbEntity
  8
0
 62
     6
370
     0
100
AcDbVertex
100
AcDb2dVertex
 10
2774.452837226844
 20
1530.662821462533
 30
0.0
  0
VERTEX
  5
1978
330
1975
100
AcDbEntity
  8
0
 62
     6
370
     0
100
AcDbVertex
100
AcDb2dVertex
 10
2773.709055733405
 20
1530.386559764969
 30
0.0
  0
VERTEX
  5
1979
330
1975
100
AcDbEntity
  8
0
 62
     6
370
     0
100
AcDbVertex
100
AcDb2dVertex
 10
2773.071528739027
 20
1529.897789069281
 30
0.0
  0
VERTEX
  5
197A
330
1975
100
AcDbEntity
  8
0
 62
     6
370
     0
100
AcDbVertex
100
AcDb2dVertex
 10
2775.047862421596
 20
1529.897789069281
 30
0.0
  0
VERTEX
  5
197B
330
1975
100
AcDbEntity
  8
0
 62
     6
370
     0
100
AcDbVertex
100
AcDb2dVertex
 10
2775.621636716536
 20
1529.791534570218
 30
0.0
  0
VERTEX
  5
197C
330
1975
100
AcDbEntity
  8
0
 62
     6
370
     0
100
AcDbVertex
100
AcDb2dVertex
 10
2776.259163710912
 20
1529.324014774342
 30
0.0
  0
VERTEX
  5
197D
330
1975
100
AcDbEntity
  8
0
 62
     6
370
     0
100
AcDbVertex
100
AcDb2dVertex
 10
2776.429170909413
 20
1529.090254876403
 30
0.0
  0
VERTEX
  5
197E
330
1975
100
AcDbEntity
  8
0
 62
     6
370
     0
100
AcDbVertex
100
AcDb2dVertex
 10
2776.620429007726
 20
1528.240218883901
 30
0.0
  0
VERTEX
  5
197F
330
1975
100
AcDbEntity
  8
0
 62
     6
370
     0
100
AcDbVertex
100
AcDb2dVertex
 10
2773.390292236217
 20
1528.240218883901
 30
0.0
  0
VERTEX
  5
1980
330
1975
100
AcDbEntity
  8
0
 62
     6
370
     0
100
AcDbVertex
100
AcDb2dVertex
 10
2777.661723098541
 20
1527.687695488775
 30
0.0
  0
VERTEX
  5
1981
330
1975
100
AcDbEntity
  8
0
 62
     6
370
     0
100
AcDbVertex
100
AcDb2dVertex
 10
2777.597970399103
 20
1528.537731481277
 30
0.0
  0
VERTEX
  5
1982
330
1975
100
AcDbEntity
  8
0
 62
     6
370
     0
100
AcDbVertex
100
AcDb2dVertex
 10
2777.342959601352
 20
1529.302763874529
 30
0.0
  0
VERTEX
  5
1983
330
1975
100
AcDbEntity
  8
0
 62
     6
370
     0
100
AcDbVertex
100
AcDb2dVertex
 10
2776.939192504914
 20
1529.919039969093
 30
0.0
  0
VERTEX
  5
1984
330
1975
100
AcDbEntity
  8
0
 62
     6
370
     0
100
AcDbVertex
100
AcDb2dVertex
 10
2776.556676308288
 20
1530.237803466282
 30
0.0
  0
VERTEX
  5
1985
330
1975
100
AcDbEntity
  8
0
 62
     6
370
     0
100
AcDbVertex
100
AcDb2dVertex
 10
2775.855396614473
 20
1530.599068763095
 30
0.0
  0
SEQEND
  5
1986
330
1975
100
AcDbEntity
  8
0
 62
     6
370
     0
  0
POLYLINE
  5
1987
330
1F
100
AcDbEntity
  8
0
 62
     6
370
     0
100
AcDb2dPolyline
 66
     1
 10
0.0
 20
0.0
 30
0.0
 70
     1
  0
VERTEX
  5
1988
330
1987
100
AcDbEntity
  8
0
 62
     6
370
     0
100
AcDbVertex
100
AcDb2dVertex
 10
2785.737065027312
 20
1526.90141219571
 30
0.0
  0
VERTEX
  5
1989
330
1987
100
AcDbEntity
  8
0
 62
     6
370
     0
100
AcDbVertex
100
AcDb2dVertex
 10
2785.652061428063
 20
1526.455143299646
 30
0.0
  0
VERTEX
  5
198A
330
1987
100
AcDbEntity
  8
0
 62
     6
370
     0
100
AcDbVertex
100
AcDb2dVertex
 10
2785.248294331624
 20
1525.81761630527
 30
0.0
  0
VERTEX
  5
198B
330
1987
100
AcDbEntity
  8
0
 62
     6
370
     0
100
AcDbVertex
100
AcDb2dVertex
 10
2785.078287133123
 20
1525.668860006582
 30
0.0
  0
VERTEX
  5
198C
330
1987
100
AcDbEntity
  8
0
 62
     6
370
     0
100
AcDbVertex
100
AcDb2dVertex
 10
2784.29200384006
 20
1525.456351008456
 30
0.0
  0
VERTEX
  5
198D
330
1987
100
AcDbEntity
  8
0
 62
     6
370
     0
100
AcDbVertex
100
AcDb2dVertex
 10
2782.400673756741
 20
1525.435100108643
 30
0.0
  0
VERTEX
  5
198E
330
1987
100
AcDbEntity
  8
0
 62
     6
370
     0
100
AcDbVertex
100
AcDb2dVertex
 10
2782.761939053556
 20
1525.095085711642
 30
0.0
  0
VERTEX
  5
198F
330
1987
100
AcDbEntity
  8
0
 62
     6
370
     0
100
AcDbVertex
100
AcDb2dVertex
 10
2783.463218747369
 20
1524.755071314642
 30
0.0
  0
VERTEX
  5
1990
330
1987
100
AcDbEntity
  8
0
 62
     6
370
     0
100
AcDbVertex
100
AcDb2dVertex
 10
2784.29200384006
 20
1524.648816815579
 30
0.0
  0
VERTEX
  5
1991
330
1987
100
AcDbEntity
  8
0
 62
     6
370
     0
100
AcDbVertex
100
AcDb2dVertex
 10
2784.419509238934
 20
1524.648816815579
 30
0.0
  0
VERTEX
  5
1992
330
1987
100
AcDbEntity
  8
0
 62
     6
370
     0
100
AcDbVertex
100
AcDb2dVertex
 10
2785.227043431811
 20
1524.797573114267
 30
0.0
  0
VERTEX
  5
1993
330
1987
100
AcDbEntity
  8
0
 62
     6
370
     0
100
AcDbVertex
100
AcDb2dVertex
 10
2785.907072225813
 20
1525.222591110518
 30
0.0
  0
VERTEX
  5
1994
330
1987
100
AcDbEntity
  8
0
 62
     6
370
     0
100
AcDbVertex
100
AcDb2dVertex
 10
2786.013326724877
 20
1525.307594709768
 30
0.0
  0
VERTEX
  5
1995
330
1987
100
AcDbEntity
  8
0
 62
     6
370
     0
100
AcDbVertex
100
AcDb2dVertex
 10
2786.45959562094
 20
1525.966372603958
 30
0.0
  0
VERTEX
  5
1996
330
1987
100
AcDbEntity
  8
0
 62
     6
370
     0
100
AcDbVertex
100
AcDb2dVertex
 10
2786.71460641869
 20
1526.773906796835
 30
0.0
  0
SEQEND
  5
1997
330
1987
100
AcDbEntity
  8
0
 62
     6
370
     0
  0
POLYLINE
  5
1998
330
1F
100
AcDbEntity
  8
0
 62
     6
370
     0
100
AcDb2dPolyline
 66
     1
 10
0.0
 20
0.0
 30
0.0
 70
     1
  0
VERTEX
  5
1999
330
1998
100
AcDbEntity
  8
0
 62
     6
370
     0
100
AcDbVertex
100
AcDb2dVertex
 10
2782.443175556366
 20
1529.982792668531
 30
0.0
  0
VERTEX
  5
199A
330
1998
100
AcDbEntity
  8
0
 62
     6
370
     0
100
AcDbVertex
100
AcDb2dVertex
 10
2781.97565576049
 20
1529.302763874529
 30
0.0
  0
VERTEX
  5
199B
330
1998
100
AcDbEntity
  8
0
 62
     6
370
     0
100
AcDbVertex
100
AcDb2dVertex
 10
2781.97565576049
 20
1529.281512974717
 30
0.0
  0
VERTEX
  5
199C
330
1998
100
AcDbEntity
  8
0
 62
     6
370
     0
100
AcDbVertex
100
AcDb2dVertex
 10
2781.741895862552
 20
1528.516480581464
 30
0.0
  0
VERTEX
  5
199D
330
1998
100
AcDbEntity
  8
0
 62
     6
370
     0
100
AcDbVertex
100
AcDb2dVertex
 10
2781.678143163114
 20
1527.645193689149
 30
0.0
  0
VERTEX
  5
199E
330
1998
100
AcDbEntity
  8
0
 62
     6
370
     0
100
AcDbVertex
100
AcDb2dVertex
 10
2781.741895862552
 20
1526.795157696647
 30
0.0
  0
VERTEX
  5
199F
330
1998
100
AcDbEntity
  8
0
 62
     6
370
     0
100
AcDbVertex
100
AcDb2dVertex
 10
2781.97565576049
 20
1526.030125303395
 30
0.0
  0
VERTEX
  5
19A0
330
1998
100
AcDbEntity
  8
0
 62
     6
370
     0
100
AcDbVertex
100
AcDb2dVertex
 10
2782.400673756741
 20
1525.435100108643
 30
0.0
  0
VERTEX
  5
19A1
330
1998
100
AcDbEntity
  8
0
 62
     6
370
     0
100
AcDbVertex
100
AcDb2dVertex
 10
2784.29200384006
 20
1525.456351008456
 30
0.0
  0
VERTEX
  5
19A2
330
1998
100
AcDbEntity
  8
0
 62
     6
370
     0
100
AcDbVertex
100
AcDb2dVertex
 10
2783.781982244557
 20
1525.541354607706
 30
0.0
  0
VERTEX
  5
19A3
330
1998
100
AcDbEntity
  8
0
 62
     6
370
     0
100
AcDbVertex
100
AcDb2dVertex
 10
2783.123204350368
 20
1525.98762350377
 30
0.0
  0
VERTEX
  5
19A4
330
1998
100
AcDbEntity
  8
0
 62
     6
370
     0
100
AcDbVertex
100
AcDb2dVertex
 10
2783.059451650931
 20
1526.07262710302
 30
0.0
  0
VERTEX
  5
19A5
330
1998
100
AcDbEntity
  8
0
 62
     6
370
     0
100
AcDbVertex
100
AcDb2dVertex
 10
2782.761939053556
 20
1526.752655897022
 30
0.0
  0
VERTEX
  5
19A6
330
1998
100
AcDbEntity
  8
0
 62
     6
370
     0
100
AcDbVertex
100
AcDb2dVertex
 10
2782.676935454305
 20
1527.687695488775
 30
0.0
  0
VERTEX
  5
19A7
330
1998
100
AcDbEntity
  8
0
 62
     6
370
     0
100
AcDbVertex
100
AcDb2dVertex
 10
2782.676935454305
 20
1527.857702687275
 30
0.0
  0
VERTEX
  5
19A8
330
1998
100
AcDbEntity
  8
0
 62
     6
370
     0
100
AcDbVertex
100
AcDb2dVertex
 10
2782.80444085318
 20
1528.750240479403
 30
0.0
  0
VERTEX
  5
19A9
330
1998
100
AcDbEntity
  8
0
 62
     6
370
     0
100
AcDbVertex
100
AcDb2dVertex
 10
2783.144455250181
 20
1529.366516573967
 30
0.0
  0
VERTEX
  5
19AA
330
1998
100
AcDbEntity
  8
0
 62
     6
370
     0
100
AcDbVertex
100
AcDb2dVertex
 10
2783.569473246432
 20
1529.706530970968
 30
0.0
  0
VERTEX
  5
19AB
330
1998
100
AcDbEntity
  8
0
 62
     6
370
     0
100
AcDbVertex
100
AcDb2dVertex
 10
2784.355756539496
 20
1529.897789069281
 30
0.0
  0
SEQEND
  5
19AC
330
1998
100
AcDbEntity
  8
0
 62
     6
370
     0
  0
POLYLINE
  5
19AD
330
1F
100
AcDbEntity
  8
0
 62
     6
370
     0
100
AcDb2dPolyline
 66
     1
 10
0.0
 20
0.0
 30
0.0
 70
     1
  0
VERTEX
  5
19AE
330
19AD
100
AcDbEntity
  8
0
 62
     6
370
     0
100
AcDbVertex
100
AcDb2dVertex
 10
2784.313254739871
 20
1530.705323262158
 30
0.0
  0
VERTEX
  5
19AF
330
19AD
100
AcDbEntity
  8
0
 62
     6
370
     0
100
AcDbVertex
100
AcDb2dVertex
 10
2783.696978645307
 20
1530.64157056272
 30
0.0
  0
VERTEX
  5
19B0
330
19AD
100
AcDbEntity
  8
0
 62
     6
370
     0
100
AcDbVertex
100
AcDb2dVertex
 10
2782.931946252055
 20
1530.365308865157
 30
0.0
  0
VERTEX
  5
19B1
330
19AD
100
AcDbEntity
  8
0
 62
     6
370
     0
100
AcDbVertex
100
AcDb2dVertex
 10
2782.443175556366
 20
1529.982792668531
 30
0.0
  0
VERTEX
  5
19B2
330
19AD
100
AcDbEntity
  8
0
 62
     6
370
     0
100
AcDbVertex
100
AcDb2dVertex
 10
2784.355756539496
 20
1529.897789069281
 30
0.0
  0
VERTEX
  5
19B3
330
19AD
100
AcDbEntity
  8
0
 62
     6
370
     0
100
AcDbVertex
100
AcDb2dVertex
 10
2784.440760138747
 20
1529.897789069281
 30
0.0
  0
VERTEX
  5
19B4
330
19AD
100
AcDbEntity
  8
0
 62
     6
370
     0
100
AcDbVertex
100
AcDb2dVertex
 10
2785.184541632186
 20
1529.600276471905
 30
0.0
  0
VERTEX
  5
19B5
330
19AD
100
AcDbEntity
  8
0
 62
     6
370
     0
100
AcDbVertex
100
AcDb2dVertex
 10
2785.312047031061
 20
1529.47277107303
 30
0.0
  0
VERTEX
  5
19B6
330
19AD
100
AcDbEntity
  8
0
 62
     6
370
     0
100
AcDbVertex
100
AcDb2dVertex
 10
2785.673312327875
 20
1528.72898957959
 30
0.0
  0
VERTEX
  5
19B7
330
19AD
100
AcDbEntity
  8
0
 62
     6
370
     0
100
AcDbVertex
100
AcDb2dVertex
 10
2786.62960281944
 20
1528.877745878278
 30
0.0
  0
VERTEX
  5
19B8
330
19AD
100
AcDbEntity
  8
0
 62
     6
370
     0
100
AcDbVertex
100
AcDb2dVertex
 10
2786.353341121877
 20
1529.64277827153
 30
0.0
  0
VERTEX
  5
19B9
330
19AD
100
AcDbEntity
  8
0
 62
     6
370
     0
100
AcDbVertex
100
AcDb2dVertex
 10
2785.843319526375
 20
1530.237803466282
 30
0.0
  0
VERTEX
  5
19BA
330
19AD
100
AcDbEntity
  8
0
 62
     6
370
     0
100
AcDbVertex
100
AcDb2dVertex
 10
2785.843319526375
 20
1530.237803466282
 30
0.0
  0
VERTEX
  5
19BB
330
19AD
100
AcDbEntity
  8
0
 62
     6
370
     0
100
AcDbVertex
100
AcDb2dVertex
 10
2785.163290732374
 20
1530.577817863283
 30
0.0
  0
SEQEND
  5
19BC
330
19AD
100
AcDbEntity
  8
0
 62
     6
370
     0
  0
POLYLINE
  5
19BD
330
1F
100
AcDbEntity
  8
0
 62
     6
370
     0
100
AcDb2dPolyline
 66
     1
 10
0.0
 20
0.0
 30
0.0
 70
     1
  0
VERTEX
  5
19BE
330
19BD
100
AcDbEntity
  8
0
 62
     6
370
     0
100
AcDbVertex
100
AcDb2dVertex
 10
2791.85732417333
 20
1529.919039969093
 30
0.0
  0
VERTEX
  5
19BF
330
19BD
100
AcDbEntity
  8
0
 62
     6
370
     0
100
AcDbVertex
100
AcDb2dVertex
 10
2789.902241390574
 20
1529.897789069281
 30
0.0
  0
VERTEX
  5
19C0
330
19BD
100
AcDbEntity
  8
0
 62
     6
370
     0
100
AcDbVertex
100
AcDb2dVertex
 10
2790.4547647857
 20
1529.791534570218
 30
0.0
  0
VERTEX
  5
19C1
330
19BD
100
AcDbEntity
  8
0
 62
     6
370
     0
100
AcDbVertex
100
AcDb2dVertex
 10
2791.11354267989
 20
1529.345265674154
 30
0.0
  0
VERTEX
  5
19C2
330
19BD
100
AcDbEntity
  8
0
 62
     6
370
     0
100
AcDbVertex
100
AcDb2dVertex
 10
2791.177295379327
 20
1529.281512974717
 30
0.0
  0
VERTEX
  5
19C3
330
19BD
100
AcDbEntity
  8
0
 62
     6
370
     0
100
AcDbVertex
100
AcDb2dVertex
 10
2791.496058876516
 20
1528.601484180715
 30
0.0
  0
VERTEX
  5
19C4
330
19BD
100
AcDbEntity
  8
0
 62
     6
370
     0
100
AcDbVertex
100
AcDb2dVertex
 10
2791.602313375579
 20
1527.708946388587
 30
0.0
  0
VERTEX
  5
19C5
330
19BD
100
AcDbEntity
  8
0
 62
     6
370
     0
100
AcDbVertex
100
AcDb2dVertex
 10
2791.602313375579
 20
1527.517688290274
 30
0.0
  0
VERTEX
  5
19C6
330
19BD
100
AcDbEntity
  8
0
 62
     6
370
     0
100
AcDbVertex
100
AcDb2dVertex
 10
2791.453557076891
 20
1526.646401397959
 30
0.0
  0
VERTEX
  5
19C7
330
19BD
100
AcDbEntity
  8
0
 62
     6
370
     0
100
AcDbVertex
100
AcDb2dVertex
 10
2791.11354267989
 20
1526.008874403582
 30
0.0
  0
VERTEX
  5
19C8
330
19BD
100
AcDbEntity
  8
0
 62
     6
370
     0
100
AcDbVertex
100
AcDb2dVertex
 10
2790.667273783827
 20
1525.647609106769
 30
0.0
  0
VERTEX
  5
19C9
330
19BD
100
AcDbEntity
  8
0
 62
     6
370
     0
100
AcDbVertex
100
AcDb2dVertex
 10
2789.902241390574
 20
1525.456351008456
 30
0.0
  0
VERTEX
  5
19CA
330
19BD
100
AcDbEntity
  8
0
 62
     6
370
     0
100
AcDbVertex
100
AcDb2dVertex
 10
2787.947158607819
 20
1525.435100108643
 30
0.0
  0
VERTEX
  5
19CB
330
19BD
100
AcDbEntity
  8
0
 62
     6
370
     0
100
AcDbVertex
100
AcDb2dVertex
 10
2788.350925704258
 20
1525.095085711642
 30
0.0
  0
VERTEX
  5
19CC
330
19BD
100
AcDbEntity
  8
0
 62
     6
370
     0
100
AcDbVertex
100
AcDb2dVertex
 10
2789.052205398072
 20
1524.755071314642
 30
0.0
  0
VERTEX
  5
19CD
330
19BD
100
AcDbEntity
  8
0
 62
     6
370
     0
100
AcDbVertex
100
AcDb2dVertex
 10
2789.902241390574
 20
1524.648816815579
 30
0.0
  0
VERTEX
  5
19CE
330
19BD
100
AcDbEntity
  8
0
 62
     6
370
     0
100
AcDbVertex
100
AcDb2dVertex
 10
2790.539768384951
 20
1524.712569515016
 30
0.0
  0
VERTEX
  5
19CF
330
19BD
100
AcDbEntity
  8
0
 62
     6
370
     0
100
AcDbVertex
100
AcDb2dVertex
 10
2791.304800778203
 20
1525.010082112392
 30
0.0
  0
VERTEX
  5
19D0
330
19BD
100
AcDbEntity
  8
0
 62
     6
370
     0
100
AcDbVertex
100
AcDb2dVertex
 10
2791.793571473892
 20
1525.350096509393
 30
0.0
  0
VERTEX
  5
19D1
330
19BD
100
AcDbEntity
  8
0
 62
     6
370
     0
100
AcDbVertex
100
AcDb2dVertex
 10
2792.28234216958
 20
1526.008874403582
 30
0.0
  0
VERTEX
  5
19D2
330
19BD
100
AcDbEntity
  8
0
 62
     6
370
     0
100
AcDbVertex
100
AcDb2dVertex
 10
2792.324843969206
 20
1526.115128902645
 30
0.0
  0
VERTEX
  5
19D3
330
19BD
100
AcDbEntity
  8
0
 62
     6
370
     0
100
AcDbVertex
100
AcDb2dVertex
 10
2792.537352967331
 20
1526.837659496272
 30
0.0
  0
VERTEX
  5
19D4
330
19BD
100
AcDbEntity
  8
0
 62
     6
370
     0
100
AcDbVertex
100
AcDb2dVertex
 10
2792.622356566582
 20
1527.751448188212
 30
0.0
  0
VERTEX
  5
19D5
330
19BD
100
AcDbEntity
  8
0
 62
     6
370
     0
100
AcDbVertex
100
AcDb2dVertex
 10
2792.537352967331
 20
1528.558982381088
 30
0.0
  0
VERTEX
  5
19D6
330
19BD
100
AcDbEntity
  8
0
 62
     6
370
     0
100
AcDbVertex
100
AcDb2dVertex
 10
2792.28234216958
 20
1529.302763874529
 30
0.0
  0
SEQEND
  5
19D7
330
19BD
100
AcDbEntity
  8
0
 62
     6
370
     0
  0
POLYLINE
  5
19D8
330
1F
100
AcDbEntity
  8
0
 62
     6
370
     0
100
AcDb2dPolyline
 66
     1
 10
0.0
 20
0.0
 30
0.0
 70
     1
  0
VERTEX
  5
19D9
330
19D8
100
AcDbEntity
  8
0
 62
     6
370
     0
100
AcDbVertex
100
AcDb2dVertex
 10
2789.902241390574
 20
1530.705323262158
 30
0.0
  0
VERTEX
  5
19DA
330
19D8
100
AcDbEntity
  8
0
 62
     6
370
     0
100
AcDbVertex
100
AcDb2dVertex
 10
2789.540976093761
 20
1530.684072362345
 30
0.0
  0
VERTEX
  5
19DB
330
19D8
100
AcDbEntity
  8
0
 62
     6
370
     0
100
AcDbVertex
100
AcDb2dVertex
 10
2788.754692800696
 20
1530.492814264032
 30
0.0
  0
VERTEX
  5
19DC
330
19D8
100
AcDbEntity
  8
0
 62
     6
370
     0
100
AcDbVertex
100
AcDb2dVertex
 10
2788.074664006694
 20
1530.067796267781
 30
0.0
  0
VERTEX
  5
19DD
330
19D8
100
AcDbEntity
  8
0
 62
     6
370
     0
100
AcDbVertex
100
AcDb2dVertex
 10
2787.947158607819
 20
1529.940290868906
 30
0.0
  0
VERTEX
  5
19DE
330
19D8
100
AcDbEntity
  8
0
 62
     6
370
     0
100
AcDbVertex
100
AcDb2dVertex
 10
2787.522140611568
 20
1529.345265674154
 30
0.0
  0
VERTEX
  5
19DF
330
19D8
100
AcDbEntity
  8
0
 62
     6
370
     0
100
AcDbVertex
100
AcDb2dVertex
 10
2787.267129813816
 20
1528.601484180715
 30
0.0
  0
VERTEX
  5
19E0
330
19D8
100
AcDbEntity
  8
0
 62
     6
370
     0
100
AcDbVertex
100
AcDb2dVertex
 10
2787.182126214566
 20
1527.687695488775
 30
0.0
  0
VERTEX
  5
19E1
330
19D8
100
AcDbEntity
  8
0
 62
     6
370
     0
100
AcDbVertex
100
AcDb2dVertex
 10
2787.267129813816
 20
1526.795157696647
 30
0.0
  0
VERTEX
  5
19E2
330
19D8
100
AcDbEntity
  8
0
 62
     6
370
     0
100
AcDbVertex
100
AcDb2dVertex
 10
2787.522140611568
 20
1526.030125303395
 30
0.0
  0
VERTEX
  5
19E3
330
19D8
100
AcDbEntity
  8
0
 62
     6
370
     0
100
AcDbVertex
100
AcDb2dVertex
 10
2787.947158607819
 20
1525.435100108643
 30
0.0
  0
VERTEX
  5
19E4
330
19D8
100
AcDbEntity
  8
0
 62
     6
370
     0
100
AcDbVertex
100
AcDb2dVertex
 10
2789.902241390574
 20
1525.456351008456
 30
0.0
  0
VERTEX
  5
19E5
330
19D8
100
AcDbEntity
  8
0
 62
     6
370
     0
100
AcDbVertex
100
AcDb2dVertex
 10
2789.328467095635
 20
1525.562605507519
 30
0.0
  0
VERTEX
  5
19E6
330
19D8
100
AcDbEntity
  8
0
 62
     6
370
     0
100
AcDbVertex
100
AcDb2dVertex
 10
2788.690940101258
 20
1526.008874403582
 30
0.0
  0
VERTEX
  5
19E7
330
19D8
100
AcDbEntity
  8
0
 62
     6
370
     0
100
AcDbVertex
100
AcDb2dVertex
 10
2788.605936502009
 20
1526.093878002833
 30
0.0
  0
VERTEX
  5
19E8
330
19D8
100
AcDbEntity
  8
0
 62
     6
370
     0
100
AcDbVertex
100
AcDb2dVertex
 10
2788.308423904632
 20
1526.773906796835
 30
0.0
  0
VERTEX
  5
19E9
330
19D8
100
AcDbEntity
  8
0
 62
     6
370
     0
100
AcDbVertex
100
AcDb2dVertex
 10
2788.20216940557
 20
1527.687695488775
 30
0.0
  0
VERTEX
  5
19EA
330
19D8
100
AcDbEntity
  8
0
 62
     6
370
     0
100
AcDbVertex
100
AcDb2dVertex
 10
2788.20216940557
 20
1527.836451787463
 30
0.0
  0
VERTEX
  5
19EB
330
19D8
100
AcDbEntity
  8
0
 62
     6
370
     0
100
AcDbVertex
100
AcDb2dVertex
 10
2788.329674804444
 20
1528.707738679777
 30
0.0
  0
VERTEX
  5
19EC
330
19D8
100
AcDbEntity
  8
0
 62
     6
370
     0
100
AcDbVertex
100
AcDb2dVertex
 10
2788.690940101258
 20
1529.345265674154
 30
0.0
  0
VERTEX
  5
19ED
330
19D8
100
AcDbEntity
  8
0
 62
     6
370
     0
100
AcDbVertex
100
AcDb2dVertex
 10
2789.115958097511
 20
1529.706530970968
 30
0.0
  0
VERTEX
  5
19EE
330
19D8
100
AcDbEntity
  8
0
 62
     6
370
     0
100
AcDbVertex
100
AcDb2dVertex
 10
2789.902241390574
 20
1529.897789069281
 30
0.0
  0
VERTEX
  5
19EF
330
19D8
100
AcDbEntity
  8
0
 62
     6
370
     0
100
AcDbVertex
100
AcDb2dVertex
 10
2791.85732417333
 20
1529.919039969093
 30
0.0
  0
VERTEX
  5
19F0
330
19D8
100
AcDbEntity
  8
0
 62
     6
370
     0
100
AcDbVertex
100
AcDb2dVertex
 10
2791.453557076891
 20
1530.259054366094
 30
0.0
  0
VERTEX
  5
19F1
330
19D8
100
AcDbEntity
  8
0
 62
     6
370
     0
100
AcDbVertex
100
AcDb2dVertex
 10
2790.731026483264
 20
1530.599068763095
 30
0.0
  0
SEQEND
  5
19F2
330
19D8
100
AcDbEntity
  8
0
 62
     6
370
     0
  0
POLYLINE
  5
19F3
330
1F
100
AcDbEntity
  8
0
 62
     6
370
     0
100
AcDb2dPolyline
 66
     1
 10
0.0
 20
0.0
 30
0.0
 70
     1
  0
VERTEX
  5
19F4
330
19F3
100
AcDbEntity
  8
0
 62
     6
370
     0
100
AcDbVertex
100
AcDb2dVertex
 10
2801.143967391418
 20
1530.237803466282
 30
0.0
  0
VERTEX
  5
19F5
330
19F3
100
AcDbEntity
  8
0
 62
     6
370
     0
100
AcDbVertex
100
AcDb2dVertex
 10
2799.613902604913
 20
1529.855287269656
 30
0.0
  0
VERTEX
  5
19F6
330
19F3
100
AcDbEntity
  8
0
 62
     6
370
     0
100
AcDbVertex
100
AcDb2dVertex
 10
2800.187676899853
 20
1529.706530970968
 30
0.0
  0
VERTEX
  5
19F7
330
19F3
100
AcDbEntity
  8
0
 62
     6
370
     0
100
AcDbVertex
100
AcDb2dVertex
 10
2800.548942196666
 20
1529.281512974717
 30
0.0
  0
VERTEX
  5
19F8
330
19F3
100
AcDbEntity
  8
0
 62
     6
370
     0
100
AcDbVertex
100
AcDb2dVertex
 10
2800.548942196666
 20
1529.260262074904
 30
0.0
  0
VERTEX
  5
19F9
330
19F3
100
AcDbEntity
  8
0
 62
     6
370
     0
100
AcDbVertex
100
AcDb2dVertex
 10
2800.633945795916
 20
1528.431476982214
 30
0.0
  0
VERTEX
  5
19FA
330
19F3
100
AcDbEntity
  8
0
 62
     6
370
     0
100
AcDbVertex
100
AcDb2dVertex
 10
2800.633945795916
 20
1524.776322214454
 30
0.0
  0
VERTEX
  5
19FB
330
19F3
100
AcDbEntity
  8
0
 62
     6
370
     0
100
AcDbVertex
100
AcDb2dVertex
 10
2801.611487187294
 20
1524.776322214454
 30
0.0
  0
VERTEX
  5
19FC
330
19F3
100
AcDbEntity
  8
0
 62
     6
370
     0
100
AcDbVertex
100
AcDb2dVertex
 10
2801.611487187294
 20
1528.750240479403
 30
0.0
  0
VERTEX
  5
19FD
330
19F3
100
AcDbEntity
  8
0
 62
     6
370
     0
100
AcDbVertex
100
AcDb2dVertex
 10
2801.505232688231
 20
1529.600276471905
 30
0.0
  0
SEQEND
  5
19FE
330
19F3
100
AcDbEntity
  8
0
 62
     6
370
     0
  0
POLYLINE
  5
19FF
330
1F
100
AcDbEntity
  8
0
 62
     6
370
     0
100
AcDb2dPolyline
 66
     1
 10
0.0
 20
0.0
 30
0.0
 70
     1
  0
VERTEX
  5
1A00
330
19FF
100
AcDbEntity
  8
0
 62
     6
370
     0
100
AcDbVertex
100
AcDb2dVertex
 10
2795.214966343714
 20
1530.344057965344
 30
0.0
  0
VERTEX
  5
1A01
330
19FF
100
AcDbEntity
  8
0
 62
     6
370
     0
100
AcDbVertex
100
AcDb2dVertex
 10
2794.641192048775
 20
1529.770283670405
 30
0.0
  0
VERTEX
  5
1A02
330
19FF
100
AcDbEntity
  8
0
 62
     6
370
     0
100
AcDbVertex
100
AcDb2dVertex
 10
2795.406224442027
 20
1529.64277827153
 30
0.0
  0
VERTEX
  5
1A03
330
19FF
100
AcDbEntity
  8
0
 62
     6
370
     0
100
AcDbVertex
100
AcDb2dVertex
 10
2796.171256835279
 20
1529.855287269656
 30
0.0
  0
SEQEND
  5
1A04
330
19FF
100
AcDbEntity
  8
0
 62
     6
370
     0
  0
POLYLINE
  5
1A05
330
1F
100
AcDbEntity
  8
0
 62
     6
370
     0
100
AcDb2dPolyline
 66
     1
 10
0.0
 20
0.0
 30
0.0
 70
     1
  0
VERTEX
  5
1A06
330
1A05
100
AcDbEntity
  8
0
 62
     6
370
     0
100
AcDbVertex
100
AcDb2dVertex
 10
2794.641192048775
 20
1530.577817863283
 30
0.0
  0
VERTEX
  5
1A07
330
1A05
100
AcDbEntity
  8
0
 62
     6
370
     0
100
AcDbVertex
100
AcDb2dVertex
 10
2793.76990515646
 20
1530.577817863283
 30
0.0
  0
VERTEX
  5
1A08
330
1A05
100
AcDbEntity
  8
0
 62
     6
370
     0
100
AcDbVertex
100
AcDb2dVertex
 10
2793.76990515646
 20
1524.776322214454
 30
0.0
  0
VERTEX
  5
1A09
330
1A05
100
AcDbEntity
  8
0
 62
     6
370
     0
100
AcDbVertex
100
AcDb2dVertex
 10
2794.747446547837
 20
1524.776322214454
 30
0.0
  0
VERTEX
  5
1A0A
330
1A05
100
AcDbEntity
  8
0
 62
     6
370
     0
100
AcDbVertex
100
AcDb2dVertex
 10
2794.747446547837
 20
1527.793949987837
 30
0.0
  0
VERTEX
  5
1A0B
330
1A05
100
AcDbEntity
  8
0
 62
     6
370
     0
100
AcDbVertex
100
AcDb2dVertex
 10
2794.76869744765
 20
1528.261469783714
 30
0.0
  0
VERTEX
  5
1A0C
330
1A05
100
AcDbEntity
  8
0
 62
     6
370
     0
100
AcDbVertex
100
AcDb2dVertex
 10
2794.896202846525
 20
1529.005251277153
 30
0.0
  0
VERTEX
  5
1A0D
330
1A05
100
AcDbEntity
  8
0
 62
     6
370
     0
100
AcDbVertex
100
AcDb2dVertex
 10
2794.917453746338
 20
1529.005251277153
 30
0.0
  0
VERTEX
  5
1A0E
330
1A05
100
AcDbEntity
  8
0
 62
     6
370
     0
100
AcDbVertex
100
AcDb2dVertex
 10
2795.406224442027
 20
1529.64277827153
 30
0.0
  0
VERTEX
  5
1A0F
330
1A05
100
AcDbEntity
  8
0
 62
     6
370
     0
100
AcDbVertex
100
AcDb2dVertex
 10
2794.641192048775
 20
1529.770283670405
 30
0.0
  0
SEQEND
  5
1A10
330
1A05
100
AcDbEntity
  8
0
 62
     6
370
     0
  0
POLYLINE
  5
1A11
330
1F
100
AcDbEntity
  8
0
 62
     6
370
     0
100
AcDb2dPolyline
 66
     1
 10
0.0
 20
0.0
 30
0.0
 70
     1
  0
VERTEX
  5
1A12
330
1A11
100
AcDbEntity
  8
0
 62
     6
370
     0
100
AcDbVertex
100
AcDb2dVertex
 10
2799.826411603039
 20
1530.705323262158
 30
0.0
  0
VERTEX
  5
1A13
330
1A11
100
AcDbEntity
  8
0
 62
     6
370
     0
100
AcDbVertex
100
AcDb2dVertex
 10
2799.295139107726
 20
1530.64157056272
 30
0.0
  0
VERTEX
  5
1A14
330
1A11
100
AcDbEntity
  8
0
 62
     6
370
     0
100
AcDbVertex
100
AcDb2dVertex
 10
2798.615110313723
 20
1530.301556165719
 30
0.0
  0
VERTEX
  5
1A15
330
1A11
100
AcDbEntity
  8
0
 62
     6
370
     0
100
AcDbVertex
100
AcDb2dVertex
 10
2798.041336018784
 20
1529.685280071155
 30
0.0
  0
VERTEX
  5
1A16
330
1A11
100
AcDbEntity
  8
0
 62
     6
370
     0
100
AcDbVertex
100
AcDb2dVertex
 10
2798.827619311848
 20
1529.64277827153
 30
0.0
  0
VERTEX
  5
1A17
330
1A11
100
AcDbEntity
  8
0
 62
     6
370
     0
100
AcDbVertex
100
AcDb2dVertex
 10
2799.613902604913
 20
1529.855287269656
 30
0.0
  0
VERTEX
  5
1A18
330
1A11
100
AcDbEntity
  8
0
 62
     6
370
     0
100
AcDbVertex
100
AcDb2dVertex
 10
2801.143967391418
 20
1530.237803466282
 30
0.0
  0
VERTEX
  5
1A19
330
1A11
100
AcDbEntity
  8
0
 62
     6
370
     0
100
AcDbVertex
100
AcDb2dVertex
 10
2800.676447595541
 20
1530.556566963469
 30
0.0
  0
SEQEND
  5
1A1A
330
1A11
100
AcDbEntity
  8
0
 62
     6
370
     0
  0
POLYLINE
  5
1A1B
330
1F
100
AcDbEntity
  8
0
 62
     6
370
     0
100
AcDb2dPolyline
 66
     1
 10
0.0
 20
0.0
 30
0.0
 70
     1
  0
VERTEX
  5
1A1C
330
1A1B
100
AcDbEntity
  8
0
 62
     6
370
     0
100
AcDbVertex
100
AcDb2dVertex
 10
2796.405016733217
 20
1530.705323262158
 30
0.0
  0
VERTEX
  5
1A1D
330
1A1B
100
AcDbEntity
  8
0
 62
     6
370
     0
100
AcDbVertex
100
AcDb2dVertex
 10
2796.128755035653
 20
1530.684072362345
 30
0.0
  0
VERTEX
  5
1A1E
330
1A1B
100
AcDbEntity
  8
0
 62
     6
370
     0
100
AcDbVertex
100
AcDb2dVertex
 10
2795.363722642401
 20
1530.450312464407
 30
0.0
  0
VERTEX
  5
1A1F
330
1A1B
100
AcDbEntity
  8
0
 62
     6
370
     0
100
AcDbVertex
100
AcDb2dVertex
 10
2795.214966343714
 20
1530.344057965344
 30
0.0
  0
VERTEX
  5
1A20
330
1A1B
100
AcDbEntity
  8
0
 62
     6
370
     0
100
AcDbVertex
100
AcDb2dVertex
 10
2796.171256835279
 20
1529.855287269656
 30
0.0
  0
VERTEX
  5
1A21
330
1A1B
100
AcDbEntity
  8
0
 62
     6
370
     0
100
AcDbVertex
100
AcDb2dVertex
 10
2796.277511334342
 20
1529.855287269656
 30
0.0
  0
VERTEX
  5
1A22
330
1A1B
100
AcDbEntity
  8
0
 62
     6
370
     0
100
AcDbVertex
100
AcDb2dVertex
 10
2796.957540128343
 20
1529.536523772467
 30
0.0
  0
VERTEX
  5
1A23
330
1A1B
100
AcDbEntity
  8
0
 62
     6
370
     0
100
AcDbVertex
100
AcDb2dVertex
 10
2797.042543727594
 20
1529.387767473779
 30
0.0
  0
VERTEX
  5
1A24
330
1A1B
100
AcDbEntity
  8
0
 62
     6
370
     0
100
AcDbVertex
100
AcDb2dVertex
 10
2797.212550926094
 20
1528.537731481277
 30
0.0
  0
VERTEX
  5
1A25
330
1A1B
100
AcDbEntity
  8
0
 62
     6
370
     0
100
AcDbVertex
100
AcDb2dVertex
 10
2797.212550926094
 20
1524.776322214454
 30
0.0
  0
VERTEX
  5
1A26
330
1A1B
100
AcDbEntity
  8
0
 62
     6
370
     0
100
AcDbVertex
100
AcDb2dVertex
 10
2798.190092317471
 20
1524.776322214454
 30
0.0
  0
VERTEX
  5
1A27
330
1A1B
100
AcDbEntity
  8
0
 62
     6
370
     0
100
AcDbVertex
100
AcDb2dVertex
 10
2798.190092317471
 20
1528.155215284651
 30
0.0
  0
VERTEX
  5
1A28
330
1A1B
100
AcDbEntity
  8
0
 62
     6
370
     0
100
AcDbVertex
100
AcDb2dVertex
 10
2798.253845016909
 20
1528.81399317884
 30
0.0
  0
VERTEX
  5
1A29
330
1A1B
100
AcDbEntity
  8
0
 62
     6
370
     0
100
AcDbVertex
100
AcDb2dVertex
 10
2798.593859413911
 20
1529.451520173217
 30
0.0
  0
VERTEX
  5
1A2A
330
1A1B
100
AcDbEntity
  8
0
 62
     6
370
     0
100
AcDbVertex
100
AcDb2dVertex
 10
2798.827619311848
 20
1529.64277827153
 30
0.0
  0
VERTEX
  5
1A2B
330
1A1B
100
AcDbEntity
  8
0
 62
     6
370
     0
100
AcDbVertex
100
AcDb2dVertex
 10
2798.041336018784
 20
1529.685280071155
 30
0.0
  0
VERTEX
  5
1A2C
330
1A1B
100
AcDbEntity
  8
0
 62
     6
370
     0
100
AcDbVertex
100
AcDb2dVertex
 10
2797.977583319346
 20
1529.834036369843
 30
0.0
  0
VERTEX
  5
1A2D
330
1A1B
100
AcDbEntity
  8
0
 62
     6
370
     0
100
AcDbVertex
100
AcDb2dVertex
 10
2797.446310824032
 20
1530.429061564595
 30
0.0
  0
VERTEX
  5
1A2E
330
1A1B
100
AcDbEntity
  8
0
 62
     6
370
     0
100
AcDbVertex
100
AcDb2dVertex
 10
2797.233801825905
 20
1530.556566963469
 30
0.0
  0
SEQEND
  5
1A2F
330
1A1B
100
AcDbEntity
  8
0
 62
     6
370
     0
  0
POLYLINE
  5
1A30
330
1F
100
AcDbEntity
  8
0
 62
     6
370
     0
100
AcDb2dPolyline
 66
     1
 10
0.0
 20
0.0
 30
0.0
 70
     1
  0
VERTEX
  5
1A31
330
1A30
100
AcDbEntity
  8
0
 62
     6
370
     0
100
AcDbVertex
100
AcDb2dVertex
 10
2810.876879505569
 20
1530.577817863283
 30
0.0
  0
VERTEX
  5
1A32
330
1A30
100
AcDbEntity
  8
0
 62
     6
370
     0
100
AcDbVertex
100
AcDb2dVertex
 10
2809.878087214378
 20
1530.577817863283
 30
0.0
  0
VERTEX
  5
1A33
330
1A30
100
AcDbEntity
  8
0
 62
     6
370
     0
100
AcDbVertex
100
AcDb2dVertex
 10
2808.581782325812
 20
1527.028917594585
 30
0.0
  0
VERTEX
  5
1A34
330
1A30
100
AcDbEntity
  8
0
 62
     6
370
     0
100
AcDbVertex
100
AcDb2dVertex
 10
2808.475527826749
 20
1526.688903197584
 30
0.0
  0
VERTEX
  5
1A35
330
1A30
100
AcDbEntity
  8
0
 62
     6
370
     0
100
AcDbVertex
100
AcDb2dVertex
 10
2808.220517028999
 20
1525.945121704145
 30
0.0
  0
VERTEX
  5
1A36
330
1A30
100
AcDbEntity
  8
0
 62
     6
370
     0
100
AcDbVertex
100
AcDb2dVertex
 10
2807.774248132935
 20
1524.776322214454
 30
0.0
  0
VERTEX
  5
1A37
330
1A30
100
AcDbEntity
  8
0
 62
     6
370
     0
100
AcDbVertex
100
AcDb2dVertex
 10
2808.688036824875
 20
1524.776322214454
 30
0.0
  0
SEQEND
  5
1A38
330
1A30
100
AcDbEntity
  8
0
 62
     6
370
     0
  0
POLYLINE
  5
1A39
330
1F
100
AcDbEntity
  8
0
 62
     6
370
     0
100
AcDb2dPolyline
 66
     1
 10
0.0
 20
0.0
 30
0.0
 70
     1
  0
VERTEX
  5
1A3A
330
1A39
100
AcDbEntity
  8
0
 62
     6
370
     0
100
AcDbVertex
100
AcDb2dVertex
 10
2806.605448643244
 20
1530.577817863283
 30
0.0
  0
VERTEX
  5
1A3B
330
1A39
100
AcDbEntity
  8
0
 62
     6
370
     0
100
AcDbVertex
100
AcDb2dVertex
 10
2805.585405452242
 20
1530.577817863283
 30
0.0
  0
VERTEX
  5
1A3C
330
1A39
100
AcDbEntity
  8
0
 62
     6
370
     0
100
AcDbVertex
100
AcDb2dVertex
 10
2807.774248132935
 20
1524.776322214454
 30
0.0
  0
VERTEX
  5
1A3D
330
1A39
100
AcDbEntity
  8
0
 62
     6
370
     0
100
AcDbVertex
100
AcDb2dVertex
 10
2808.220517028999
 20
1525.945121704145
 30
0.0
  0
VERTEX
  5
1A3E
330
1A39
100
AcDbEntity
  8
0
 62
     6
370
     0
100
AcDbVertex
100
AcDb2dVertex
 10
2808.114262529936
 20
1526.306387000958
 30
0.0
  0
VERTEX
  5
1A3F
330
1A39
100
AcDbEntity
  8
0
 62
     6
370
     0
100
AcDbVertex
100
AcDb2dVertex
 10
2807.859251732186
 20
1527.113921193835
 30
0.0
  0
SEQEND
  5
1A40
330
1A39
100
AcDbEntity
  8
0
 62
     6
370
     0
  0
POLYLINE
  5
1A41
330
1F
100
AcDbEntity
  8
0
 62
     6
370
     0
100
AcDb2dPolyline
 66
     1
 10
0.0
 20
0.0
 30
0.0
 70
     1
  0
VERTEX
  5
1A42
330
1A41
100
AcDbEntity
  8
0
 62
     6
370
     0
100
AcDbVertex
100
AcDb2dVertex
 10
2815.722084662832
 20
1526.646401397959
 30
0.0
  0
VERTEX
  5
1A43
330
1A41
100
AcDbEntity
  8
0
 62
     6
370
     0
100
AcDbVertex
100
AcDb2dVertex
 10
2815.594579263957
 20
1526.348888800584
 30
0.0
  0
VERTEX
  5
1A44
330
1A41
100
AcDbEntity
  8
0
 62
     6
370
     0
100
AcDbVertex
100
AcDb2dVertex
 10
2815.105808568268
 20
1525.732612706019
 30
0.0
  0
VERTEX
  5
1A45
330
1A41
100
AcDbEntity
  8
0
 62
     6
370
     0
100
AcDbVertex
100
AcDb2dVertex
 10
2814.978303169392
 20
1525.647609106769
 30
0.0
  0
VERTEX
  5
1A46
330
1A41
100
AcDbEntity
  8
0
 62
     6
370
     0
100
AcDbVertex
100
AcDb2dVertex
 10
2814.192019876328
 20
1525.456351008456
 30
0.0
  0
VERTEX
  5
1A47
330
1A41
100
AcDbEntity
  8
0
 62
     6
370
     0
100
AcDbVertex
100
AcDb2dVertex
 10
2812.173184394135
 20
1525.435100108643
 30
0.0
  0
VERTEX
  5
1A48
330
1A41
100
AcDbEntity
  8
0
 62
     6
370
     0
100
AcDbVertex
100
AcDb2dVertex
 10
2812.619453290198
 20
1525.07383481183
 30
0.0
  0
VERTEX
  5
1A49
330
1A41
100
AcDbEntity
  8
0
 62
     6
370
     0
100
AcDbVertex
100
AcDb2dVertex
 10
2813.320732984013
 20
1524.755071314642
 30
0.0
  0
VERTEX
  5
1A4A
330
1A41
100
AcDbEntity
  8
0
 62
     6
370
     0
100
AcDbVertex
100
AcDb2dVertex
 10
2814.192019876328
 20
1524.648816815579
 30
0.0
  0
VERTEX
  5
1A4B
330
1A41
100
AcDbEntity
  8
0
 62
     6
370
     0
100
AcDbVertex
100
AcDb2dVertex
 10
2814.319525275204
 20
1524.648816815579
 30
0.0
  0
VERTEX
  5
1A4C
330
1A41
100
AcDbEntity
  8
0
 62
     6
370
     0
100
AcDbVertex
100
AcDb2dVertex
 10
2815.169561267705
 20
1524.797573114267
 30
0.0
  0
VERTEX
  5
1A4D
330
1A41
100
AcDbEntity
  8
0
 62
     6
370
     0
100
AcDbVertex
100
AcDb2dVertex
 10
2815.849590061707
 20
1525.137587511268
 30
0.0
  0
VERTEX
  5
1A4E
330
1A41
100
AcDbEntity
  8
0
 62
     6
370
     0
100
AcDbVertex
100
AcDb2dVertex
 10
2815.87084096152
 20
1525.15883841108
 30
0.0
  0
VERTEX
  5
1A4F
330
1A41
100
AcDbEntity
  8
0
 62
     6
370
     0
100
AcDbVertex
100
AcDb2dVertex
 10
2816.402113456833
 20
1525.753863605832
 30
0.0
  0
VERTEX
  5
1A50
330
1A41
100
AcDbEntity
  8
0
 62
     6
370
     0
100
AcDbVertex
100
AcDb2dVertex
 10
2816.742127853835
 20
1526.518895999084
 30
0.0
  0
SEQEND
  5
1A51
330
1A41
100
AcDbEntity
  8
0
 62
     6
370
     0
  0
POLYLINE
  5
1A52
330
1F
100
AcDbEntity
  8
0
 62
     6
370
     0
100
AcDb2dPolyline
 66
     1
 10
0.0
 20
0.0
 30
0.0
 70
     1
  0
VERTEX
  5
1A53
330
1A52
100
AcDbEntity
  8
0
 62
     6
370
     0
100
AcDbVertex
100
AcDb2dVertex
 10
2812.173184394135
 20
1529.897789069281
 30
0.0
  0
VERTEX
  5
1A54
330
1A52
100
AcDbEntity
  8
0
 62
     6
370
     0
100
AcDbVertex
100
AcDb2dVertex
 10
2811.769417297696
 20
1529.281512974717
 30
0.0
  0
VERTEX
  5
1A55
330
1A52
100
AcDbEntity
  8
0
 62
     6
370
     0
100
AcDbVertex
100
AcDb2dVertex
 10
2811.514406499945
 20
1528.537731481277
 30
0.0
  0
VERTEX
  5
1A56
330
1A52
100
AcDbEntity
  8
0
 62
     6
370
     0
100
AcDbVertex
100
AcDb2dVertex
 10
2811.429402900695
 20
1527.623942789336
 30
0.0
  0
VERTEX
  5
1A57
330
1A52
100
AcDbEntity
  8
0
 62
     6
370
     0
100
AcDbVertex
100
AcDb2dVertex
 10
2811.493155600132
 20
1526.81640859646
 30
0.0
  0
VERTEX
  5
1A58
330
1A52
100
AcDbEntity
  8
0
 62
     6
370
     0
100
AcDbVertex
100
AcDb2dVertex
 10
2811.748166397883
 20
1526.051376203208
 30
0.0
  0
VERTEX
  5
1A59
330
1A52
100
AcDbEntity
  8
0
 62
     6
370
     0
100
AcDbVertex
100
AcDb2dVertex
 10
2812.173184394135
 20
1525.435100108643
 30
0.0
  0
VERTEX
  5
1A5A
330
1A52
100
AcDbEntity
  8
0
 62
     6
370
     0
100
AcDbVertex
100
AcDb2dVertex
 10
2814.192019876328
 20
1525.456351008456
 30
0.0
  0
VERTEX
  5
1A5B
330
1A52
100
AcDbEntity
  8
0
 62
     6
370
     0
100
AcDbVertex
100
AcDb2dVertex
 10
2813.660747381014
 20
1525.541354607706
 30
0.0
  0
VERTEX
  5
1A5C
330
1A52
100
AcDbEntity
  8
0
 62
     6
370
     0
100
AcDbVertex
100
AcDb2dVertex
 10
2812.980718587012
 20
1525.966372603958
 30
0.0
  0
VERTEX
  5
1A5D
330
1A52
100
AcDbEntity
  8
0
 62
     6
370
     0
100
AcDbVertex
100
AcDb2dVertex
 10
2812.619453290198
 20
1526.561397798709
 30
0.0
  0
VERTEX
  5
1A5E
330
1A52
100
AcDbEntity
  8
0
 62
     6
370
     0
100
AcDbVertex
100
AcDb2dVertex
 10
2812.449446091698
 20
1527.432684691024
 30
0.0
  0
VERTEX
  5
1A5F
330
1A52
100
AcDbEntity
  8
0
 62
     6
370
     0
100
AcDbVertex
100
AcDb2dVertex
 10
2816.763378753647
 20
1527.432684691024
 30
0.0
  0
VERTEX
  5
1A60
330
1A52
100
AcDbEntity
  8
0
 62
     6
370
     0
100
AcDbVertex
100
AcDb2dVertex
 10
2816.763378753647
 20
1527.687695488775
 30
0.0
  0
VERTEX
  5
1A61
330
1A52
100
AcDbEntity
  8
0
 62
     6
370
     0
100
AcDbVertex
100
AcDb2dVertex
 10
2812.491947891324
 20
1528.240218883901
 30
0.0
  0
VERTEX
  5
1A62
330
1A52
100
AcDbEntity
  8
0
 62
     6
370
     0
100
AcDbVertex
100
AcDb2dVertex
 10
2812.598202390386
 20
1528.792742279028
 30
0.0
  0
VERTEX
  5
1A63
330
1A52
100
AcDbEntity
  8
0
 62
     6
370
     0
100
AcDbVertex
100
AcDb2dVertex
 10
2813.001969486824
 20
1529.451520173217
 30
0.0
  0
VERTEX
  5
1A64
330
1A52
100
AcDbEntity
  8
0
 62
     6
370
     0
100
AcDbVertex
100
AcDb2dVertex
 10
2813.363234783638
 20
1529.706530970968
 30
0.0
  0
VERTEX
  5
1A65
330
1A52
100
AcDbEntity
  8
0
 62
     6
370
     0
100
AcDbVertex
100
AcDb2dVertex
 10
2814.149518076702
 20
1529.897789069281
 30
0.0
  0
SEQEND
  5
1A66
330
1A52
100
AcDbEntity
  8
0
 62
     6
370
     0
  0
POLYLINE
  5
1A67
330
1F
100
AcDbEntity
  8
0
 62
     6
370
     0
100
AcDb2dPolyline
 66
     1
 10
0.0
 20
0.0
 30
0.0
 70
     1
  0
VERTEX
  5
1A68
330
1A67
100
AcDbEntity
  8
0
 62
     6
370
     0
100
AcDbVertex
100
AcDb2dVertex
 10
2814.12826717689
 20
1530.705323262158
 30
0.0
  0
VERTEX
  5
1A69
330
1A67
100
AcDbEntity
  8
0
 62
     6
370
     0
100
AcDbVertex
100
AcDb2dVertex
 10
2813.554492881952
 20
1530.662821462533
 30
0.0
  0
VERTEX
  5
1A6A
330
1A67
100
AcDbEntity
  8
0
 62
     6
370
     0
100
AcDbVertex
100
AcDb2dVertex
 10
2812.810711388511
 20
1530.386559764969
 30
0.0
  0
VERTEX
  5
1A6B
330
1A67
100
AcDbEntity
  8
0
 62
     6
370
     0
100
AcDbVertex
100
AcDb2dVertex
 10
2812.173184394135
 20
1529.897789069281
 30
0.0
  0
VERTEX
  5
1A6C
330
1A67
100
AcDbEntity
  8
0
 62
     6
370
     0
100
AcDbVertex
100
AcDb2dVertex
 10
2814.149518076702
 20
1529.897789069281
 30
0.0
  0
VERTEX
  5
1A6D
330
1A67
100
AcDbEntity
  8
0
 62
     6
370
     0
100
AcDbVertex
100
AcDb2dVertex
 10
2814.723292371642
 20
1529.791534570218
 30
0.0
  0
VERTEX
  5
1A6E
330
1A67
100
AcDbEntity
  8
0
 62
     6
370
     0
100
AcDbVertex
100
AcDb2dVertex
 10
2815.360819366018
 20
1529.324014774342
 30
0.0
  0
VERTEX
  5
1A6F
330
1A67
100
AcDbEntity
  8
0
 62
     6
370
     0
100
AcDbVertex
100
AcDb2dVertex
 10
2815.509575664706
 20
1529.090254876403
 30
0.0
  0
VERTEX
  5
1A70
330
1A67
100
AcDbEntity
  8
0
 62
     6
370
     0
100
AcDbVertex
100
AcDb2dVertex
 10
2815.722084662832
 20
1528.240218883901
 30
0.0
  0
VERTEX
  5
1A71
330
1A67
100
AcDbEntity
  8
0
 62
     6
370
     0
100
AcDbVertex
100
AcDb2dVertex
 10
2812.491947891324
 20
1528.240218883901
 30
0.0
  0
VERTEX
  5
1A72
330
1A67
100
AcDbEntity
  8
0
 62
     6
370
     0
100
AcDbVertex
100
AcDb2dVertex
 10
2816.763378753647
 20
1527.687695488775
 30
0.0
  0
VERTEX
  5
1A73
330
1A67
100
AcDbEntity
  8
0
 62
     6
370
     0
100
AcDbVertex
100
AcDb2dVertex
 10
2816.699626054209
 20
1528.537731481277
 30
0.0
  0
VERTEX
  5
1A74
330
1A67
100
AcDbEntity
  8
0
 62
     6
370
     0
100
AcDbVertex
100
AcDb2dVertex
 10
2816.444615256459
 20
1529.302763874529
 30
0.0
  0
VERTEX
  5
1A75
330
1A67
100
AcDbEntity
  8
0
 62
     6
370
     0
100
AcDbVertex
100
AcDb2dVertex
 10
2816.019597260208
 20
1529.919039969093
 30
0.0
  0
VERTEX
  5
1A76
330
1A67
100
AcDbEntity
  8
0
 62
     6
370
     0
100
AcDbVertex
100
AcDb2dVertex
 10
2815.658331963394
 20
1530.237803466282
 30
0.0
  0
VERTEX
  5
1A77
330
1A67
100
AcDbEntity
  8
0
 62
     6
370
     0
100
AcDbVertex
100
AcDb2dVertex
 10
2814.95705226958
 20
1530.599068763095
 30
0.0
  0
SEQEND
  5
1A78
330
1A67
100
AcDbEntity
  8
0
 62
     6
370
     0
  0
POLYLINE
  5
1A79
330
1F
100
AcDbEntity
  8
0
 62
     6
370
     0
100
AcDb2dPolyline
 66
     1
 10
0.0
 20
0.0
 30
0.0
 70
     1
  0
VERTEX
  5
1A7A
330
1A79
100
AcDbEntity
  8
0
 62
     6
370
     0
100
AcDbVertex
100
AcDb2dVertex
 10
2817.95342914315
 20
1524.776322214454
 30
0.0
  0
VERTEX
  5
1A7B
330
1A79
100
AcDbEntity
  8
0
 62
     6
370
     0
100
AcDbVertex
100
AcDb2dVertex
 10
2817.95342914315
 20
1532.787911443788
 30
0.0
  0
VERTEX
  5
1A7C
330
1A79
100
AcDbEntity
  8
0
 62
     6
370
     0
100
AcDbVertex
100
AcDb2dVertex
 10
2818.930970534528
 20
1532.787911443788
 30
0.0
  0
VERTEX
  5
1A7D
330
1A79
100
AcDbEntity
  8
0
 62
     6
370
     0
100
AcDbVertex
100
AcDb2dVertex
 10
2818.930970534528
 20
1524.776322214454
 30
0.0
  0
VERTEX
  5
1A7E
330
1A79
100
AcDbEntity
  8
0
 62
     6
370
     0
100
AcDbVertex
100
AcDb2dVertex
 10
2817.95342914315
 20
1524.776322214454
 30
0.0
  0
SEQEND
  5
1A7F
330
1A79
100
AcDbEntity
  8
0
 62
     6
370
     0
  0
POLYLINE
  5
1A80
330
1F
100
AcDbEntity
  8
0
 62
     6
370
     0
100
AcDb2dPolyline
 66
     1
 10
0.0
 20
0.0
 30
0.0
 70
     1
  0
VERTEX
  5
1A81
330
1A80
100
AcDbEntity
  8
0
 62
     6
370
     0
100
AcDbVertex
100
AcDb2dVertex
 10
2824.753717083169
 20
1529.919039969093
 30
0.0
  0
VERTEX
  5
1A82
330
1A80
100
AcDbEntity
  8
0
 62
     6
370
     0
100
AcDbVertex
100
AcDb2dVertex
 10
2822.798634300414
 20
1529.897789069281
 30
0.0
  0
VERTEX
  5
1A83
330
1A80
100
AcDbEntity
  8
0
 62
     6
370
     0
100
AcDbVertex
100
AcDb2dVertex
 10
2823.35115769554
 20
1529.791534570218
 30
0.0
  0
VERTEX
  5
1A84
330
1A80
100
AcDbEntity
  8
0
 62
     6
370
     0
100
AcDbVertex
100
AcDb2dVertex
 10
2824.009935589729
 20
1529.345265674154
 30
0.0
  0
VERTEX
  5
1A85
330
1A80
100
AcDbEntity
  8
0
 62
     6
370
     0
100
AcDbVertex
100
AcDb2dVertex
 10
2824.073688289167
 20
1529.281512974717
 30
0.0
  0
VERTEX
  5
1A86
330
1A80
100
AcDbEntity
  8
0
 62
     6
370
     0
100
AcDbVertex
100
AcDb2dVertex
 10
2824.392451786355
 20
1528.601484180715
 30
0.0
  0
VERTEX
  5
1A87
330
1A80
100
AcDbEntity
  8
0
 62
     6
370
     0
100
AcDbVertex
100
AcDb2dVertex
 10
2824.498706285418
 20
1527.708946388587
 30
0.0
  0
VERTEX
  5
1A88
330
1A80
100
AcDbEntity
  8
0
 62
     6
370
     0
100
AcDbVertex
100
AcDb2dVertex
 10
2824.498706285418
 20
1527.517688290274
 30
0.0
  0
VERTEX
  5
1A89
330
1A80
100
AcDbEntity
  8
0
 62
     6
370
     0
100
AcDbVertex
100
AcDb2dVertex
 10
2824.349949986731
 20
1526.646401397959
 30
0.0
  0
VERTEX
  5
1A8A
330
1A80
100
AcDbEntity
  8
0
 62
     6
370
     0
100
AcDbVertex
100
AcDb2dVertex
 10
2824.009935589729
 20
1526.008874403582
 30
0.0
  0
VERTEX
  5
1A8B
330
1A80
100
AcDbEntity
  8
0
 62
     6
370
     0
100
AcDbVertex
100
AcDb2dVertex
 10
2823.563666693666
 20
1525.647609106769
 30
0.0
  0
VERTEX
  5
1A8C
330
1A80
100
AcDbEntity
  8
0
 62
     6
370
     0
100
AcDbVertex
100
AcDb2dVertex
 10
2822.798634300414
 20
1525.456351008456
 30
0.0
  0
VERTEX
  5
1A8D
330
1A80
100
AcDbEntity
  8
0
 62
     6
370
     0
100
AcDbVertex
100
AcDb2dVertex
 10
2820.843551517658
 20
1525.435100108643
 30
0.0
  0
VERTEX
  5
1A8E
330
1A80
100
AcDbEntity
  8
0
 62
     6
370
     0
100
AcDbVertex
100
AcDb2dVertex
 10
2821.247318614096
 20
1525.095085711642
 30
0.0
  0
VERTEX
  5
1A8F
330
1A80
100
AcDbEntity
  8
0
 62
     6
370
     0
100
AcDbVertex
100
AcDb2dVertex
 10
2821.948598307912
 20
1524.755071314642
 30
0.0
  0
VERTEX
  5
1A90
330
1A80
100
AcDbEntity
  8
0
 62
     6
370
     0
100
AcDbVertex
100
AcDb2dVertex
 10
2822.798634300414
 20
1524.648816815579
 30
0.0
  0
VERTEX
  5
1A91
330
1A80
100
AcDbEntity
  8
0
 62
     6
370
     0
100
AcDbVertex
100
AcDb2dVertex
 10
2823.43616129479
 20
1524.712569515016
 30
0.0
  0
VERTEX
  5
1A92
330
1A80
100
AcDbEntity
  8
0
 62
     6
370
     0
100
AcDbVertex
100
AcDb2dVertex
 10
2824.201193688042
 20
1525.010082112392
 30
0.0
  0
VERTEX
  5
1A93
330
1A80
100
AcDbEntity
  8
0
 62
     6
370
     0
100
AcDbVertex
100
AcDb2dVertex
 10
2824.668713483919
 20
1525.350096509393
 30
0.0
  0
VERTEX
  5
1A94
330
1A80
100
AcDbEntity
  8
0
 62
     6
370
     0
100
AcDbVertex
100
AcDb2dVertex
 10
2825.17873507942
 20
1526.008874403582
 30
0.0
  0
VERTEX
  5
1A95
330
1A80
100
AcDbEntity
  8
0
 62
     6
370
     0
100
AcDbVertex
100
AcDb2dVertex
 10
2825.221236879045
 20
1526.115128902645
 30
0.0
  0
VERTEX
  5
1A96
330
1A80
100
AcDbEntity
  8
0
 62
     6
370
     0
100
AcDbVertex
100
AcDb2dVertex
 10
2825.433745877171
 20
1526.837659496272
 30
0.0
  0
VERTEX
  5
1A97
330
1A80
100
AcDbEntity
  8
0
 62
     6
370
     0
100
AcDbVertex
100
AcDb2dVertex
 10
2825.497498576609
 20
1527.751448188212
 30
0.0
  0
VERTEX
  5
1A98
330
1A80
100
AcDbEntity
  8
0
 62
     6
370
     0
100
AcDbVertex
100
AcDb2dVertex
 10
2825.433745877171
 20
1528.558982381088
 30
0.0
  0
VERTEX
  5
1A99
330
1A80
100
AcDbEntity
  8
0
 62
     6
370
     0
100
AcDbVertex
100
AcDb2dVertex
 10
2825.17873507942
 20
1529.302763874529
 30
0.0
  0
SEQEND
  5
1A9A
330
1A80
100
AcDbEntity
  8
0
 62
     6
370
     0
  0
POLYLINE
  5
1A9B
330
1F
100
AcDbEntity
  8
0
 62
     6
370
     0
100
AcDb2dPolyline
 66
     1
 10
0.0
 20
0.0
 30
0.0
 70
     1
  0
VERTEX
  5
1A9C
330
1A9B
100
AcDbEntity
  8
0
 62
     6
370
     0
100
AcDbVertex
100
AcDb2dVertex
 10
2822.798634300414
 20
1530.705323262158
 30
0.0
  0
VERTEX
  5
1A9D
330
1A9B
100
AcDbEntity
  8
0
 62
     6
370
     0
100
AcDbVertex
100
AcDb2dVertex
 10
2822.4373690036
 20
1530.684072362345
 30
0.0
  0
VERTEX
  5
1A9E
330
1A9B
100
AcDbEntity
  8
0
 62
     6
370
     0
100
AcDbVertex
100
AcDb2dVertex
 10
2821.651085710536
 20
1530.492814264032
 30
0.0
  0
VERTEX
  5
1A9F
330
1A9B
100
AcDbEntity
  8
0
 62
     6
370
     0
100
AcDbVertex
100
AcDb2dVertex
 10
2820.971056916534
 20
1530.067796267781
 30
0.0
  0
VERTEX
  5
1AA0
330
1A9B
100
AcDbEntity
  8
0
 62
     6
370
     0
100
AcDbVertex
100
AcDb2dVertex
 10
2820.843551517658
 20
1529.940290868906
 30
0.0
  0
VERTEX
  5
1AA1
330
1A9B
100
AcDbEntity
  8
0
 62
     6
370
     0
100
AcDbVertex
100
AcDb2dVertex
 10
2820.418533521407
 20
1529.345265674154
 30
0.0
  0
VERTEX
  5
1AA2
330
1A9B
100
AcDbEntity
  8
0
 62
     6
370
     0
100
AcDbVertex
100
AcDb2dVertex
 10
2820.163522723656
 20
1528.601484180715
 30
0.0
  0
VERTEX
  5
1AA3
330
1A9B
100
AcDbEntity
  8
0
 62
     6
370
     0
100
AcDbVertex
100
AcDb2dVertex
 10
2820.078519124406
 20
1527.687695488775
 30
0.0
  0
VERTEX
  5
1AA4
330
1A9B
100
AcDbEntity
  8
0
 62
     6
370
     0
100
AcDbVertex
100
AcDb2dVertex
 10
2820.163522723656
 20
1526.795157696647
 30
0.0
  0
VERTEX
  5
1AA5
330
1A9B
100
AcDbEntity
  8
0
 62
     6
370
     0
100
AcDbVertex
100
AcDb2dVertex
 10
2820.418533521407
 20
1526.030125303395
 30
0.0
  0
VERTEX
  5
1AA6
330
1A9B
100
AcDbEntity
  8
0
 62
     6
370
     0
100
AcDbVertex
100
AcDb2dVertex
 10
2820.843551517658
 20
1525.435100108643
 30
0.0
  0
VERTEX
  5
1AA7
330
1A9B
100
AcDbEntity
  8
0
 62
     6
370
     0
100
AcDbVertex
100
AcDb2dVertex
 10
2822.798634300414
 20
1525.456351008456
 30
0.0
  0
VERTEX
  5
1AA8
330
1A9B
100
AcDbEntity
  8
0
 62
     6
370
     0
100
AcDbVertex
100
AcDb2dVertex
 10
2822.224860005475
 20
1525.562605507519
 30
0.0
  0
VERTEX
  5
1AA9
330
1A9B
100
AcDbEntity
  8
0
 62
     6
370
     0
100
AcDbVertex
100
AcDb2dVertex
 10
2821.566082111285
 20
1526.008874403582
 30
0.0
  0
VERTEX
  5
1AAA
330
1A9B
100
AcDbEntity
  8
0
 62
     6
370
     0
100
AcDbVertex
100
AcDb2dVertex
 10
2821.502329411848
 20
1526.093878002833
 30
0.0
  0
VERTEX
  5
1AAB
330
1A9B
100
AcDbEntity
  8
0
 62
     6
370
     0
100
AcDbVertex
100
AcDb2dVertex
 10
2821.183565914659
 20
1526.773906796835
 30
0.0
  0
VERTEX
  5
1AAC
330
1A9B
100
AcDbEntity
  8
0
 62
     6
370
     0
100
AcDbVertex
100
AcDb2dVertex
 10
2821.098562315409
 20
1527.687695488775
 30
0.0
  0
VERTEX
  5
1AAD
330
1A9B
100
AcDbEntity
  8
0
 62
     6
370
     0
100
AcDbVertex
100
AcDb2dVertex
 10
2821.098562315409
 20
1527.836451787463
 30
0.0
  0
VERTEX
  5
1AAE
330
1A9B
100
AcDbEntity
  8
0
 62
     6
370
     0
100
AcDbVertex
100
AcDb2dVertex
 10
2821.226067714284
 20
1528.707738679777
 30
0.0
  0
VERTEX
  5
1AAF
330
1A9B
100
AcDbEntity
  8
0
 62
     6
370
     0
100
AcDbVertex
100
AcDb2dVertex
 10
2821.566082111285
 20
1529.345265674154
 30
0.0
  0
VERTEX
  5
1AB0
330
1A9B
100
AcDbEntity
  8
0
 62
     6
370
     0
100
AcDbVertex
100
AcDb2dVertex
 10
2822.012351007348
 20
1529.706530970968
 30
0.0
  0
VERTEX
  5
1AB1
330
1A9B
100
AcDbEntity
  8
0
 62
     6
370
     0
100
AcDbVertex
100
AcDb2dVertex
 10
2822.798634300414
 20
1529.897789069281
 30
0.0
  0
VERTEX
  5
1AB2
330
1A9B
100
AcDbEntity
  8
0
 62
     6
370
     0
100
AcDbVertex
100
AcDb2dVertex
 10
2824.753717083169
 20
1529.919039969093
 30
0.0
  0
VERTEX
  5
1AB3
330
1A9B
100
AcDbEntity
  8
0
 62
     6
370
     0
100
AcDbVertex
100
AcDb2dVertex
 10
2824.349949986731
 20
1530.259054366094
 30
0.0
  0
VERTEX
  5
1AB4
330
1A9B
100
AcDbEntity
  8
0
 62
     6
370
     0
100
AcDbVertex
100
AcDb2dVertex
 10
2823.627419393103
 20
1530.599068763095
 30
0.0
  0
SEQEND
  5
1AB5
330
1A9B
100
AcDbEntity
  8
0
 62
     6
370
     0
  0
POLYLINE
  5
1AB6
330
1F
100
AcDbEntity
  8
0
 62
     6
370
     0
100
AcDb2dPolyline
 66
     1
 10
0.0
 20
0.0
 30
0.0
 70
     1
  0
VERTEX
  5
1AB7
330
1AB6
100
AcDbEntity
  8
0
 62
     6
370
     0
100
AcDbVertex
100
AcDb2dVertex
 10
2830.427707333122
 20
1526.90141219571
 30
0.0
  0
VERTEX
  5
1AB8
330
1AB6
100
AcDbEntity
  8
0
 62
     6
370
     0
100
AcDbVertex
100
AcDb2dVertex
 10
2830.342703733871
 20
1526.455143299646
 30
0.0
  0
VERTEX
  5
1AB9
330
1AB6
100
AcDbEntity
  8
0
 62
     6
370
     0
100
AcDbVertex
100
AcDb2dVertex
 10
2829.938936637433
 20
1525.81761630527
 30
0.0
  0
VERTEX
  5
1ABA
330
1AB6
100
AcDbEntity
  8
0
 62
     6
370
     0
100
AcDbVertex
100
AcDb2dVertex
 10
2829.768929438932
 20
1525.668860006582
 30
0.0
  0
VERTEX
  5
1ABB
330
1AB6
100
AcDbEntity
  8
0
 62
     6
370
     0
100
AcDbVertex
100
AcDb2dVertex
 10
2828.982646145868
 20
1525.456351008456
 30
0.0
  0
VERTEX
  5
1ABC
330
1AB6
100
AcDbEntity
  8
0
 62
     6
370
     0
100
AcDbVertex
100
AcDb2dVertex
 10
2827.09131606255
 20
1525.435100108643
 30
0.0
  0
VERTEX
  5
1ABD
330
1AB6
100
AcDbEntity
  8
0
 62
     6
370
     0
100
AcDbVertex
100
AcDb2dVertex
 10
2827.452581359364
 20
1525.095085711642
 30
0.0
  0
VERTEX
  5
1ABE
330
1AB6
100
AcDbEntity
  8
0
 62
     6
370
     0
100
AcDbVertex
100
AcDb2dVertex
 10
2828.153861053178
 20
1524.755071314642
 30
0.0
  0
VERTEX
  5
1ABF
330
1AB6
100
AcDbEntity
  8
0
 62
     6
370
     0
100
AcDbVertex
100
AcDb2dVertex
 10
2828.982646145868
 20
1524.648816815579
 30
0.0
  0
VERTEX
  5
1AC0
330
1AB6
100
AcDbEntity
  8
0
 62
     6
370
     0
100
AcDbVertex
100
AcDb2dVertex
 10
2829.110151544743
 20
1524.648816815579
 30
0.0
  0
VERTEX
  5
1AC1
330
1AB6
100
AcDbEntity
  8
0
 62
     6
370
     0
100
AcDbVertex
100
AcDb2dVertex
 10
2829.917685737621
 20
1524.797573114267
 30
0.0
  0
VERTEX
  5
1AC2
330
1AB6
100
AcDbEntity
  8
0
 62
     6
370
     0
100
AcDbVertex
100
AcDb2dVertex
 10
2830.597714531622
 20
1525.222591110518
 30
0.0
  0
VERTEX
  5
1AC3
330
1AB6
100
AcDbEntity
  8
0
 62
     6
370
     0
100
AcDbVertex
100
AcDb2dVertex
 10
2830.703969030685
 20
1525.307594709768
 30
0.0
  0
VERTEX
  5
1AC4
330
1AB6
100
AcDbEntity
  8
0
 62
     6
370
     0
100
AcDbVertex
100
AcDb2dVertex
 10
2831.150237926749
 20
1525.966372603958
 30
0.0
  0
VERTEX
  5
1AC5
330
1AB6
100
AcDbEntity
  8
0
 62
     6
370
     0
100
AcDbVertex
100
AcDb2dVertex
 10
2831.405248724499
 20
1526.773906796835
 30
0.0
  0
SEQEND
  5
1AC6
330
1AB6
100
AcDbEntity
  8
0
 62
     6
370
     0
  0
POLYLINE
  5
1AC7
330
1F
100
AcDbEntity
  8
0
 62
     6
370
     0
100
AcDb2dPolyline
 66
     1
 10
0.0
 20
0.0
 30
0.0
 70
     1
  0
VERTEX
  5
1AC8
330
1AC7
100
AcDbEntity
  8
0
 62
     6
370
     0
100
AcDbVertex
100
AcDb2dVertex
 10
2827.133817862176
 20
1529.982792668531
 30
0.0
  0
VERTEX
  5
1AC9
330
1AC7
100
AcDbEntity
  8
0
 62
     6
370
     0
100
AcDbVertex
100
AcDb2dVertex
 10
2826.666298066299
 20
1529.302763874529
 30
0.0
  0
VERTEX
  5
1ACA
330
1AC7
100
AcDbEntity
  8
0
 62
     6
370
     0
100
AcDbVertex
100
AcDb2dVertex
 10
2826.666298066299
 20
1529.281512974717
 30
0.0
  0
VERTEX
  5
1ACB
330
1AC7
100
AcDbEntity
  8
0
 62
     6
370
     0
100
AcDbVertex
100
AcDb2dVertex
 10
2826.432538168361
 20
1528.516480581464
 30
0.0
  0
VERTEX
  5
1ACC
330
1AC7
100
AcDbEntity
  8
0
 62
     6
370
     0
100
AcDbVertex
100
AcDb2dVertex
 10
2826.347534569111
 20
1527.645193689149
 30
0.0
  0
VERTEX
  5
1ACD
330
1AC7
100
AcDbEntity
  8
0
 62
     6
370
     0
100
AcDbVertex
100
AcDb2dVertex
 10
2826.432538168361
 20
1526.795157696647
 30
0.0
  0
VERTEX
  5
1ACE
330
1AC7
100
AcDbEntity
  8
0
 62
     6
370
     0
100
AcDbVertex
100
AcDb2dVertex
 10
2826.666298066299
 20
1526.030125303395
 30
0.0
  0
VERTEX
  5
1ACF
330
1AC7
100
AcDbEntity
  8
0
 62
     6
370
     0
100
AcDbVertex
100
AcDb2dVertex
 10
2827.09131606255
 20
1525.435100108643
 30
0.0
  0
VERTEX
  5
1AD0
330
1AC7
100
AcDbEntity
  8
0
 62
     6
370
     0
100
AcDbVertex
100
AcDb2dVertex
 10
2828.982646145868
 20
1525.456351008456
 30
0.0
  0
VERTEX
  5
1AD1
330
1AC7
100
AcDbEntity
  8
0
 62
     6
370
     0
100
AcDbVertex
100
AcDb2dVertex
 10
2828.451373650554
 20
1525.541354607706
 30
0.0
  0
VERTEX
  5
1AD2
330
1AC7
100
AcDbEntity
  8
0
 62
     6
370
     0
100
AcDbVertex
100
AcDb2dVertex
 10
2827.813846656177
 20
1525.98762350377
 30
0.0
  0
VERTEX
  5
1AD3
330
1AC7
100
AcDbEntity
  8
0
 62
     6
370
     0
100
AcDbVertex
100
AcDb2dVertex
 10
2827.750093956741
 20
1526.07262710302
 30
0.0
  0
VERTEX
  5
1AD4
330
1AC7
100
AcDbEntity
  8
0
 62
     6
370
     0
100
AcDbVertex
100
AcDb2dVertex
 10
2827.452581359364
 20
1526.752655897022
 30
0.0
  0
VERTEX
  5
1AD5
330
1AC7
100
AcDbEntity
  8
0
 62
     6
370
     0
100
AcDbVertex
100
AcDb2dVertex
 10
2827.367577760114
 20
1527.687695488775
 30
0.0
  0
VERTEX
  5
1AD6
330
1AC7
100
AcDbEntity
  8
0
 62
     6
370
     0
100
AcDbVertex
100
AcDb2dVertex
 10
2827.367577760114
 20
1527.857702687275
 30
0.0
  0
VERTEX
  5
1AD7
330
1AC7
100
AcDbEntity
  8
0
 62
     6
370
     0
100
AcDbVertex
100
AcDb2dVertex
 10
2827.49508315899
 20
1528.750240479403
 30
0.0
  0
VERTEX
  5
1AD8
330
1AC7
100
AcDbEntity
  8
0
 62
     6
370
     0
100
AcDbVertex
100
AcDb2dVertex
 10
2827.83509755599
 20
1529.366516573967
 30
0.0
  0
VERTEX
  5
1AD9
330
1AC7
100
AcDbEntity
  8
0
 62
     6
370
     0
100
AcDbVertex
100
AcDb2dVertex
 10
2828.238864652428
 20
1529.706530970968
 30
0.0
  0
VERTEX
  5
1ADA
330
1AC7
100
AcDbEntity
  8
0
 62
     6
370
     0
100
AcDbVertex
100
AcDb2dVertex
 10
2829.025147945494
 20
1529.897789069281
 30
0.0
  0
SEQEND
  5
1ADB
330
1AC7
100
AcDbEntity
  8
0
 62
     6
370
     0
  0
POLYLINE
  5
1ADC
330
1F
100
AcDbEntity
  8
0
 62
     6
370
     0
100
AcDb2dPolyline
 66
     1
 10
0.0
 20
0.0
 30
0.0
 70
     1
  0
VERTEX
  5
1ADD
330
1ADC
100
AcDbEntity
  8
0
 62
     6
370
     0
100
AcDbVertex
100
AcDb2dVertex
 10
2829.00389704568
 20
1530.705323262158
 30
0.0
  0
VERTEX
  5
1ADE
330
1ADC
100
AcDbEntity
  8
0
 62
     6
370
     0
100
AcDbVertex
100
AcDb2dVertex
 10
2828.387620951116
 20
1530.64157056272
 30
0.0
  0
VERTEX
  5
1ADF
330
1ADC
100
AcDbEntity
  8
0
 62
     6
370
     0
100
AcDbVertex
100
AcDb2dVertex
 10
2827.622588557864
 20
1530.365308865157
 30
0.0
  0
VERTEX
  5
1AE0
330
1ADC
100
AcDbEntity
  8
0
 62
     6
370
     0
100
AcDbVertex
100
AcDb2dVertex
 10
2827.133817862176
 20
1529.982792668531
 30
0.0
  0
VERTEX
  5
1AE1
330
1ADC
100
AcDbEntity
  8
0
 62
     6
370
     0
100
AcDbVertex
100
AcDb2dVertex
 10
2829.025147945494
 20
1529.897789069281
 30
0.0
  0
VERTEX
  5
1AE2
330
1ADC
100
AcDbEntity
  8
0
 62
     6
370
     0
100
AcDbVertex
100
AcDb2dVertex
 10
2829.131402444557
 20
1529.897789069281
 30
0.0
  0
VERTEX
  5
1AE3
330
1ADC
100
AcDbEntity
  8
0
 62
     6
370
     0
100
AcDbVertex
100
AcDb2dVertex
 10
2829.875183937995
 20
1529.600276471905
 30
0.0
  0
VERTEX
  5
1AE4
330
1ADC
100
AcDbEntity
  8
0
 62
     6
370
     0
100
AcDbVertex
100
AcDb2dVertex
 10
2830.00268933687
 20
1529.47277107303
 30
0.0
  0
VERTEX
  5
1AE5
330
1ADC
100
AcDbEntity
  8
0
 62
     6
370
     0
100
AcDbVertex
100
AcDb2dVertex
 10
2830.363954633684
 20
1528.72898957959
 30
0.0
  0
VERTEX
  5
1AE6
330
1ADC
100
AcDbEntity
  8
0
 62
     6
370
     0
100
AcDbVertex
100
AcDb2dVertex
 10
2831.298994225436
 20
1528.877745878278
 30
0.0
  0
VERTEX
  5
1AE7
330
1ADC
100
AcDbEntity
  8
0
 62
     6
370
     0
100
AcDbVertex
100
AcDb2dVertex
 10
2831.043983427687
 20
1529.64277827153
 30
0.0
  0
VERTEX
  5
1AE8
330
1ADC
100
AcDbEntity
  8
0
 62
     6
370
     0
100
AcDbVertex
100
AcDb2dVertex
 10
2830.533961832184
 20
1530.237803466282
 30
0.0
  0
VERTEX
  5
1AE9
330
1ADC
100
AcDbEntity
  8
0
 62
     6
370
     0
100
AcDbVertex
100
AcDb2dVertex
 10
2830.533961832184
 20
1530.237803466282
 30
0.0
  0
VERTEX
  5
1AEA
330
1ADC
100
AcDbEntity
  8
0
 62
     6
370
     0
100
AcDbVertex
100
AcDb2dVertex
 10
2829.853933038183
 20
1530.577817863283
 30
0.0
  0
SEQEND
  5
1AEB
330
1ADC
100
AcDbEntity
  8
0
 62
     6
370
     0
  0
POLYLINE
  5
1AEC
330
1F
100
AcDbEntity
  8
0
 62
     6
370
     0
100
AcDb2dPolyline
 66
     1
 10
0.0
 20
0.0
 30
0.0
 70
     1
  0
VERTEX
  5
1AED
330
1AEC
100
AcDbEntity
  8
0
 62
     6
370
     0
100
AcDbVertex
100
AcDb2dVertex
 10
2833.23282610838
 20
1530.577817863283
 30
0.0
  0
VERTEX
  5
1AEE
330
1AEC
100
AcDbEntity
  8
0
 62
     6
370
     0
100
AcDbVertex
100
AcDb2dVertex
 10
2832.255284717002
 20
1530.577817863283
 30
0.0
  0
VERTEX
  5
1AEF
330
1AEC
100
AcDbEntity
  8
0
 62
     6
370
     0
100
AcDbVertex
100
AcDb2dVertex
 10
2832.255284717002
 20
1524.776322214454
 30
0.0
  0
VERTEX
  5
1AF0
330
1AEC
100
AcDbEntity
  8
0
 62
     6
370
     0
100
AcDbVertex
100
AcDb2dVertex
 10
2833.23282610838
 20
1524.776322214454
 30
0.0
  0
SEQEND
  5
1AF1
330
1AEC
100
AcDbEntity
  8
0
 62
     6
370
     0
  0
POLYLINE
  5
1AF2
330
1F
100
AcDbEntity
  8
0
 62
     6
370
     0
100
AcDb2dPolyline
 66
     1
 10
0.0
 20
0.0
 30
0.0
 70
     1
  0
VERTEX
  5
1AF3
330
1AF2
100
AcDbEntity
  8
0
 62
     6
370
     0
100
AcDbVertex
100
AcDb2dVertex
 10
2833.23282610838
 20
1532.787911443788
 30
0.0
  0
VERTEX
  5
1AF4
330
1AF2
100
AcDbEntity
  8
0
 62
     6
370
     0
100
AcDbVertex
100
AcDb2dVertex
 10
2832.255284717002
 20
1532.787911443788
 30
0.0
  0
VERTEX
  5
1AF5
330
1AF2
100
AcDbEntity
  8
0
 62
     6
370
     0
100
AcDbVertex
100
AcDb2dVertex
 10
2832.255284717002
 20
1531.64036285391
 30
0.0
  0
VERTEX
  5
1AF6
330
1AF2
100
AcDbEntity
  8
0
 62
     6
370
     0
100
AcDbVertex
100
AcDb2dVertex
 10
2833.23282610838
 20
1531.64036285391
 30
0.0
  0
SEQEND
  5
1AF7
330
1AF2
100
AcDbEntity
  8
0
 62
     6
370
     0
  0
POLYLINE
  5
1AF8
330
1F
100
AcDbEntity
  8
0
 62
     6
370
     0
100
AcDb2dPolyline
 66
     1
 10
0.0
 20
0.0
 30
0.0
 70
     1
  0
VERTEX
  5
1AF9
330
1AF8
100
AcDbEntity
  8
0
 62
     6
370
     0
100
AcDbVertex
100
AcDb2dVertex
 10
2837.695515069017
 20
1525.668860006582
 30
0.0
  0
VERTEX
  5
1AFA
330
1AF8
100
AcDbEntity
  8
0
 62
     6
370
     0
100
AcDbVertex
100
AcDb2dVertex
 10
2836.951733575577
 20
1525.456351008456
 30
0.0
  0
VERTEX
  5
1AFB
330
1AF8
100
AcDbEntity
  8
0
 62
     6
370
     0
100
AcDbVertex
100
AcDb2dVertex
 10
2835.591675987573
 20
1525.031333012205
 30
0.0
  0
VERTEX
  5
1AFC
330
1AF8
100
AcDbEntity
  8
0
 62
     6
370
     0
100
AcDbVertex
100
AcDb2dVertex
 10
2836.05919578345
 20
1524.797573114267
 30
0.0
  0
VERTEX
  5
1AFD
330
1AF8
100
AcDbEntity
  8
0
 62
     6
370
     0
100
AcDbVertex
100
AcDb2dVertex
 10
2836.866729976327
 20
1524.648816815579
 30
0.0
  0
VERTEX
  5
1AFE
330
1AF8
100
AcDbEntity
  8
0
 62
     6
370
     0
100
AcDbVertex
100
AcDb2dVertex
 10
2837.206744373327
 20
1524.670067715392
 30
0.0
  0
VERTEX
  5
1AFF
330
1AF8
100
AcDbEntity
  8
0
 62
     6
370
     0
100
AcDbVertex
100
AcDb2dVertex
 10
2837.929274966955
 20
1524.946329412955
 30
0.0
  0
VERTEX
  5
1B00
330
1AF8
100
AcDbEntity
  8
0
 62
     6
370
     0
100
AcDbVertex
100
AcDb2dVertex
 10
2838.481798362082
 20
1525.520103707894
 30
0.0
  0
SEQEND
  5
1B01
330
1AF8
100
AcDbEntity
  8
0
 62
     6
370
     0
  0
POLYLINE
  5
1B02
330
1F
100
AcDbEntity
  8
0
 62
     6
370
     0
100
AcDb2dPolyline
 66
     1
 10
0.0
 20
0.0
 30
0.0
 70
     1
  0
VERTEX
  5
1B03
330
1B02
100
AcDbEntity
  8
0
 62
     6
370
     0
100
AcDbVertex
100
AcDb2dVertex
 10
2836.824228176702
 20
1530.705323262158
 30
0.0
  0
VERTEX
  5
1B04
330
1B02
100
AcDbEntity
  8
0
 62
     6
370
     0
100
AcDbVertex
100
AcDb2dVertex
 10
2836.271704781575
 20
1530.64157056272
 30
0.0
  0
VERTEX
  5
1B05
330
1B02
100
AcDbEntity
  8
0
 62
     6
370
     0
100
AcDbVertex
100
AcDb2dVertex
 10
2835.527923288136
 20
1530.322807065532
 30
0.0
  0
VERTEX
  5
1B06
330
1B02
100
AcDbEntity
  8
0
 62
     6
370
     0
100
AcDbVertex
100
AcDb2dVertex
 10
2835.102905291885
 20
1529.961541768718
 30
0.0
  0
VERTEX
  5
1B07
330
1B02
100
AcDbEntity
  8
0
 62
     6
370
     0
100
AcDbVertex
100
AcDb2dVertex
 10
2834.65663639582
 20
1529.239011175091
 30
0.0
  0
VERTEX
  5
1B08
330
1B02
100
AcDbEntity
  8
0
 62
     6
370
     0
100
AcDbVertex
100
AcDb2dVertex
 10
2834.444127397695
 20
1528.516480581464
 30
0.0
  0
VERTEX
  5
1B09
330
1B02
100
AcDbEntity
  8
0
 62
     6
370
     0
100
AcDbVertex
100
AcDb2dVertex
 10
2834.359123798445
 20
1527.666444588962
 30
0.0
  0
VERTEX
  5
1B0A
330
1B02
100
AcDbEntity
  8
0
 62
     6
370
     0
100
AcDbVertex
100
AcDb2dVertex
 10
2834.444127397695
 20
1526.858910396085
 30
0.0
  0
VERTEX
  5
1B0B
330
1B02
100
AcDbEntity
  8
0
 62
     6
370
     0
100
AcDbVertex
100
AcDb2dVertex
 10
2834.699138195447
 20
1526.093878002833
 30
0.0
  0
VERTEX
  5
1B0C
330
1B02
100
AcDbEntity
  8
0
 62
     6
370
     0
100
AcDbVertex
100
AcDb2dVertex
 10
2834.996650792822
 20
1525.583856407331
 30
0.0
  0
VERTEX
  5
1B0D
330
1B02
100
AcDbEntity
  8
0
 62
     6
370
     0
100
AcDbVertex
100
AcDb2dVertex
 10
2835.591675987573
 20
1525.031333012205
 30
0.0
  0
VERTEX
  5
1B0E
330
1B02
100
AcDbEntity
  8
0
 62
     6
370
     0
100
AcDbVertex
100
AcDb2dVertex
 10
2836.951733575577
 20
1525.456351008456
 30
0.0
  0
VERTEX
  5
1B0F
330
1B02
100
AcDbEntity
  8
0
 62
     6
370
     0
100
AcDbVertex
100
AcDb2dVertex
 10
2836.505464679513
 20
1525.520103707894
 30
0.0
  0
VERTEX
  5
1B10
330
1B02
100
AcDbEntity
  8
0
 62
     6
370
     0
100
AcDbVertex
100
AcDb2dVertex
 10
2835.846686785324
 20
1526.008874403582
 30
0.0
  0
VERTEX
  5
1B11
330
1B02
100
AcDbEntity
  8
0
 62
     6
370
     0
100
AcDbVertex
100
AcDb2dVertex
 10
2835.782934085886
 20
1526.093878002833
 30
0.0
  0
VERTEX
  5
1B12
330
1B02
100
AcDbEntity
  8
0
 62
     6
370
     0
100
AcDbVertex
100
AcDb2dVertex
 10
2835.485421488511
 20
1526.752655897022
 30
0.0
  0
VERTEX
  5
1B13
330
1B02
100
AcDbEntity
  8
0
 62
     6
370
     0
100
AcDbVertex
100
AcDb2dVertex
 10
2835.379166989448
 20
1527.666444588962
 30
0.0
  0
VERTEX
  5
1B14
330
1B02
100
AcDbEntity
  8
0
 62
     6
370
     0
100
AcDbVertex
100
AcDb2dVertex
 10
2835.379166989448
 20
1527.836451787463
 30
0.0
  0
VERTEX
  5
1B15
330
1B02
100
AcDbEntity
  8
0
 62
     6
370
     0
100
AcDbVertex
100
AcDb2dVertex
 10
2835.506672388323
 20
1528.72898957959
 30
0.0
  0
VERTEX
  5
1B16
330
1B02
100
AcDbEntity
  8
0
 62
     6
370
     0
100
AcDbVertex
100
AcDb2dVertex
 10
2835.825435885511
 20
1529.366516573967
 30
0.0
  0
VERTEX
  5
1B17
330
1B02
100
AcDbEntity
  8
0
 62
     6
370
     0
100
AcDbVertex
100
AcDb2dVertex
 10
2836.165450282512
 20
1529.664029171343
 30
0.0
  0
VERTEX
  5
1B18
330
1B02
100
AcDbEntity
  8
0
 62
     6
370
     0
100
AcDbVertex
100
AcDb2dVertex
 10
2836.909231775953
 20
1529.897789069281
 30
0.0
  0
VERTEX
  5
1B19
330
1B02
100
AcDbEntity
  8
0
 62
     6
370
     0
100
AcDbVertex
100
AcDb2dVertex
 10
2838.418045662643
 20
1529.919039969093
 30
0.0
  0
VERTEX
  5
1B1A
330
1B02
100
AcDbEntity
  8
0
 62
     6
370
     0
100
AcDbVertex
100
AcDb2dVertex
 10
2838.375543863018
 20
1529.961541768718
 30
0.0
  0
VERTEX
  5
1B1B
330
1B02
100
AcDbEntity
  8
0
 62
     6
370
     0
100
AcDbVertex
100
AcDb2dVertex
 10
2837.738016868641
 20
1530.492814264032
 30
0.0
  0
VERTEX
  5
1B1C
330
1B02
100
AcDbEntity
  8
0
 62
     6
370
     0
100
AcDbVertex
100
AcDb2dVertex
 10
2837.631762369579
 20
1530.556566963469
 30
0.0
  0
SEQEND
  5
1B1D
330
1B02
100
AcDbEntity
  8
0
 62
     6
370
     0
  0
POLYLINE
  5
1B1E
330
1F
100
AcDbEntity
  8
0
 62
     6
370
     0
100
AcDb2dPolyline
 66
     1
 10
0.0
 20
0.0
 30
0.0
 70
     1
  0
VERTEX
  5
1B1F
330
1B1E
100
AcDbEntity
  8
0
 62
     6
370
     0
100
AcDbVertex
100
AcDb2dVertex
 10
2839.395587054021
 20
1532.787911443788
 30
0.0
  0
VERTEX
  5
1B20
330
1B1E
100
AcDbEntity
  8
0
 62
     6
370
     0
100
AcDbVertex
100
AcDb2dVertex
 10
2838.418045662643
 20
1532.787911443788
 30
0.0
  0
VERTEX
  5
1B21
330
1B1E
100
AcDbEntity
  8
0
 62
     6
370
     0
100
AcDbVertex
100
AcDb2dVertex
 10
2838.418045662643
 20
1529.919039969093
 30
0.0
  0
VERTEX
  5
1B22
330
1B1E
100
AcDbEntity
  8
0
 62
     6
370
     0
100
AcDbVertex
100
AcDb2dVertex
 10
2836.909231775953
 20
1529.897789069281
 30
0.0
  0
VERTEX
  5
1B23
330
1B1E
100
AcDbEntity
  8
0
 62
     6
370
     0
100
AcDbVertex
100
AcDb2dVertex
 10
2837.376751571828
 20
1529.81278547003
 30
0.0
  0
VERTEX
  5
1B24
330
1B1E
100
AcDbEntity
  8
0
 62
     6
370
     0
100
AcDbVertex
100
AcDb2dVertex
 10
2838.035529466017
 20
1529.345265674154
 30
0.0
  0
VERTEX
  5
1B25
330
1B1E
100
AcDbEntity
  8
0
 62
     6
370
     0
100
AcDbVertex
100
AcDb2dVertex
 10
2838.120533065268
 20
1529.217760275279
 30
0.0
  0
VERTEX
  5
1B26
330
1B1E
100
AcDbEntity
  8
0
 62
     6
370
     0
100
AcDbVertex
100
AcDb2dVertex
 10
2838.396794762831
 20
1528.516480581464
 30
0.0
  0
VERTEX
  5
1B27
330
1B1E
100
AcDbEntity
  8
0
 62
     6
370
     0
100
AcDbVertex
100
AcDb2dVertex
 10
2838.503049261893
 20
1527.581440989712
 30
0.0
  0
VERTEX
  5
1B28
330
1B1E
100
AcDbEntity
  8
0
 62
     6
370
     0
100
AcDbVertex
100
AcDb2dVertex
 10
2838.503049261893
 20
1527.517688290274
 30
0.0
  0
VERTEX
  5
1B29
330
1B1E
100
AcDbEntity
  8
0
 62
     6
370
     0
100
AcDbVertex
100
AcDb2dVertex
 10
2838.375543863018
 20
1526.625150498147
 30
0.0
  0
VERTEX
  5
1B2A
330
1B1E
100
AcDbEntity
  8
0
 62
     6
370
     0
100
AcDbVertex
100
AcDb2dVertex
 10
2838.05678036583
 20
1525.98762350377
 30
0.0
  0
VERTEX
  5
1B2B
330
1B1E
100
AcDbEntity
  8
0
 62
     6
370
     0
100
AcDbVertex
100
AcDb2dVertex
 10
2837.695515069017
 20
1525.668860006582
 30
0.0
  0
VERTEX
  5
1B2C
330
1B1E
100
AcDbEntity
  8
0
 62
     6
370
     0
100
AcDbVertex
100
AcDb2dVertex
 10
2838.481798362082
 20
1525.520103707894
 30
0.0
  0
VERTEX
  5
1B2D
330
1B1E
100
AcDbEntity
  8
0
 62
     6
370
     0
100
AcDbVertex
100
AcDb2dVertex
 10
2838.481798362082
 20
1524.776322214454
 30
0.0
  0
VERTEX
  5
1B2E
330
1B1E
100
AcDbEntity
  8
0
 62
     6
370
     0
100
AcDbVertex
100
AcDb2dVertex
 10
2839.395587054021
 20
1524.776322214454
 30
0.0
  0
SEQEND
  5
1B2F
330
1B1E
100
AcDbEntity
  8
0
 62
     6
370
     0
  0
POLYLINE
  5
1B30
330
1F
100
AcDbEntity
  8
0
 62
     6
370
     0
100
AcDb2dPolyline
 66
     1
 10
0.0
 20
0.0
 30
0.0
 70
     1
  0
VERTEX
  5
1B31
330
1B30
100
AcDbEntity
  8
0
 62
     6
370
     0
100
AcDbVertex
100
AcDb2dVertex
 10
2845.685853398538
 20
1525.498852808081
 30
0.0
  0
VERTEX
  5
1B32
330
1B30
100
AcDbEntity
  8
0
 62
     6
370
     0
100
AcDbVertex
100
AcDb2dVertex
 10
2844.70831200716
 20
1525.498852808081
 30
0.0
  0
VERTEX
  5
1B33
330
1B30
100
AcDbEntity
  8
0
 62
     6
370
     0
100
AcDbVertex
100
AcDb2dVertex
 10
2844.899570105474
 20
1524.776322214454
 30
0.0
  0
VERTEX
  5
1B34
330
1B30
100
AcDbEntity
  8
0
 62
     6
370
     0
100
AcDbVertex
100
AcDb2dVertex
 10
2845.940864196289
 20
1524.776322214454
 30
0.0
  0
VERTEX
  5
1B35
330
1B30
100
AcDbEntity
  8
0
 62
     6
370
     0
100
AcDbVertex
100
AcDb2dVertex
 10
2845.685853398538
 20
1525.477601908268
 30
0.0
  0
SEQEND
  5
1B36
330
1B30
100
AcDbEntity
  8
0
 62
     6
370
     0
  0
POLYLINE
  5
1B37
330
1F
100
AcDbEntity
  8
0
 62
     6
370
     0
100
AcDb2dPolyline
 66
     1
 10
0.0
 20
0.0
 30
0.0
 70
     1
  0
VERTEX
  5
1B38
330
1B37
100
AcDbEntity
  8
0
 62
     6
370
     0
100
AcDbVertex
100
AcDb2dVertex
 10
2842.009447730966
 20
1527.963957186338
 30
0.0
  0
VERTEX
  5
1B39
330
1B37
100
AcDbEntity
  8
0
 62
     6
370
     0
100
AcDbVertex
100
AcDb2dVertex
 10
2841.308168037151
 20
1527.645193689149
 30
0.0
  0
VERTEX
  5
1B3A
330
1B37
100
AcDbEntity
  8
0
 62
     6
370
     0
100
AcDbVertex
100
AcDb2dVertex
 10
2840.79814644165
 20
1527.092670294023
 30
0.0
  0
VERTEX
  5
1B3B
330
1B37
100
AcDbEntity
  8
0
 62
     6
370
     0
100
AcDbVertex
100
AcDb2dVertex
 10
2840.606888343337
 20
1526.306387000958
 30
0.0
  0
VERTEX
  5
1B3C
330
1B37
100
AcDbEntity
  8
0
 62
     6
370
     0
100
AcDbVertex
100
AcDb2dVertex
 10
2840.670641042775
 20
1525.775114505644
 30
0.0
  0
VERTEX
  5
1B3D
330
1B37
100
AcDbEntity
  8
0
 62
     6
370
     0
100
AcDbVertex
100
AcDb2dVertex
 10
2841.116909938838
 20
1525.116336611455
 30
0.0
  0
VERTEX
  5
1B3E
330
1B37
100
AcDbEntity
  8
0
 62
     6
370
     0
100
AcDbVertex
100
AcDb2dVertex
 10
2842.816981923843
 20
1525.413849208831
 30
0.0
  0
VERTEX
  5
1B3F
330
1B37
100
AcDbEntity
  8
0
 62
     6
370
     0
100
AcDbVertex
100
AcDb2dVertex
 10
2842.689476524967
 20
1525.413849208831
 30
0.0
  0
VERTEX
  5
1B40
330
1B37
100
AcDbEntity
  8
0
 62
     6
370
     0
100
AcDbVertex
100
AcDb2dVertex
 10
2841.945695031528
 20
1525.690110906394
 30
0.0
  0
VERTEX
  5
1B41
330
1B37
100
AcDbEntity
  8
0
 62
     6
370
     0
100
AcDbVertex
100
AcDb2dVertex
 10
2841.648182434152
 20
1526.327637900771
 30
0.0
  0
VERTEX
  5
1B42
330
1B37
100
AcDbEntity
  8
0
 62
     6
370
     0
100
AcDbVertex
100
AcDb2dVertex
 10
2841.775687833028
 20
1526.795157696647
 30
0.0
  0
VERTEX
  5
1B43
330
1B37
100
AcDbEntity
  8
0
 62
     6
370
     0
100
AcDbVertex
100
AcDb2dVertex
 10
2842.179454929466
 20
1527.113921193835
 30
0.0
  0
VERTEX
  5
1B44
330
1B37
100
AcDbEntity
  8
0
 62
     6
370
     0
100
AcDbVertex
100
AcDb2dVertex
 10
2842.200705829279
 20
1527.135172093648
 30
0.0
  0
VERTEX
  5
1B45
330
1B37
100
AcDbEntity
  8
0
 62
     6
370
     0
100
AcDbVertex
100
AcDb2dVertex
 10
2843.029490921968
 20
1527.326430191961
 30
0.0
  0
VERTEX
  5
1B46
330
1B37
100
AcDbEntity
  8
0
 62
     6
370
     0
100
AcDbVertex
100
AcDb2dVertex
 10
2843.943279613908
 20
1527.475186490649
 30
0.0
  0
VERTEX
  5
1B47
330
1B37
100
AcDbEntity
  8
0
 62
     6
370
     0
100
AcDbVertex
100
AcDb2dVertex
 10
2844.623308407911
 20
1527.687695488775
 30
0.0
  0
SEQEND
  5
1B48
330
1B37
100
AcDbEntity
  8
0
 62
     6
370
     0
  0
POLYLINE
  5
1B49
330
1F
100
AcDbEntity
  8
0
 62
     6
370
     0
100
AcDb2dPolyline
 66
     1
 10
0.0
 20
0.0
 30
0.0
 70
     1
  0
VERTEX
  5
1B4A
330
1B49
100
AcDbEntity
  8
0
 62
     6
370
     0
100
AcDbVertex
100
AcDb2dVertex
 10
2841.201913538089
 20
1529.919039969093
 30
0.0
  0
VERTEX
  5
1B4B
330
1B49
100
AcDbEntity
  8
0
 62
     6
370
     0
100
AcDbVertex
100
AcDb2dVertex
 10
2841.074408139213
 20
1529.72778187078
 30
0.0
  0
VERTEX
  5
1B4C
330
1B49
100
AcDbEntity
  8
0
 62
     6
370
     0
100
AcDbVertex
100
AcDb2dVertex
 10
2840.776895541837
 20
1528.920247677903
 30
0.0
  0
VERTEX
  5
1B4D
330
1B49
100
AcDbEntity
  8
0
 62
     6
370
     0
100
AcDbVertex
100
AcDb2dVertex
 10
2841.733186033403
 20
1528.792742279028
 30
0.0
  0
VERTEX
  5
1B4E
330
1B49
100
AcDbEntity
  8
0
 62
     6
370
     0
100
AcDbVertex
100
AcDb2dVertex
 10
2841.79693873284
 20
1529.005251277153
 30
0.0
  0
VERTEX
  5
1B4F
330
1B49
100
AcDbEntity
  8
0
 62
     6
370
     0
100
AcDbVertex
100
AcDb2dVertex
 10
2842.221956729091
 20
1529.64277827153
 30
0.0
  0
VERTEX
  5
1B50
330
1B49
100
AcDbEntity
  8
0
 62
     6
370
     0
100
AcDbVertex
100
AcDb2dVertex
 10
2842.391963927592
 20
1529.749032770593
 30
0.0
  0
VERTEX
  5
1B51
330
1B49
100
AcDbEntity
  8
0
 62
     6
370
     0
100
AcDbVertex
100
AcDb2dVertex
 10
2843.241999920094
 20
1529.897789069281
 30
0.0
  0
SEQEND
  5
1B52
330
1B49
100
AcDbEntity
  8
0
 62
     6
370
     0
  0
POLYLINE
  5
1B53
330
1F
100
AcDbEntity
  8
0
 62
     6
370
     0
100
AcDb2dPolyline
 66
     1
 10
0.0
 20
0.0
 30
0.0
 70
     1
  0
VERTEX
  5
1B54
330
1B53
100
AcDbEntity
  8
0
 62
     6
370
     0
100
AcDbVertex
100
AcDb2dVertex
 10
2843.390756218782
 20
1530.705323262158
 30
0.0
  0
VERTEX
  5
1B55
330
1B53
100
AcDbEntity
  8
0
 62
     6
370
     0
100
AcDbVertex
100
AcDb2dVertex
 10
2842.838232823655
 20
1530.684072362345
 30
0.0
  0
VERTEX
  5
1B56
330
1B53
100
AcDbEntity
  8
0
 62
     6
370
     0
100
AcDbVertex
100
AcDb2dVertex
 10
2842.073200430403
 20
1530.514065163845
 30
0.0
  0
VERTEX
  5
1B57
330
1B53
100
AcDbEntity
  8
0
 62
     6
370
     0
100
AcDbVertex
100
AcDb2dVertex
 10
2841.839440532465
 20
1530.407810664782
 30
0.0
  0
VERTEX
  5
1B58
330
1B53
100
AcDbEntity
  8
0
 62
     6
370
     0
100
AcDbVertex
100
AcDb2dVertex
 10
2841.201913538089
 20
1529.919039969093
 30
0.0
  0
VERTEX
  5
1B59
330
1B53
100
AcDbEntity
  8
0
 62
     6
370
     0
100
AcDbVertex
100
AcDb2dVertex
 10
2843.241999920094
 20
1529.897789069281
 30
0.0
  0
VERTEX
  5
1B5A
330
1B53
100
AcDbEntity
  8
0
 62
     6
370
     0
100
AcDbVertex
100
AcDb2dVertex
 10
2843.667017916346
 20
1529.855287269656
 30
0.0
  0
VERTEX
  5
1B5B
330
1B53
100
AcDbEntity
  8
0
 62
     6
370
     0
100
AcDbVertex
100
AcDb2dVertex
 10
2844.36829761016
 20
1529.55777467228
 30
0.0
  0
VERTEX
  5
1B5C
330
1B53
100
AcDbEntity
  8
0
 62
     6
370
     0
100
AcDbVertex
100
AcDb2dVertex
 10
2844.410799409784
 20
1529.494021972842
 30
0.0
  0
VERTEX
  5
1B5D
330
1B53
100
AcDbEntity
  8
0
 62
     6
370
     0
100
AcDbVertex
100
AcDb2dVertex
 10
2844.644559307723
 20
1528.707738679777
 30
0.0
  0
VERTEX
  5
1B5E
330
1B53
100
AcDbEntity
  8
0
 62
     6
370
     0
100
AcDbVertex
100
AcDb2dVertex
 10
2844.623308407911
 20
1528.452727882027
 30
0.0
  0
VERTEX
  5
1B5F
330
1B53
100
AcDbEntity
  8
0
 62
     6
370
     0
100
AcDbVertex
100
AcDb2dVertex
 10
2844.559555708473
 20
1528.431476982214
 30
0.0
  0
VERTEX
  5
1B60
330
1B53
100
AcDbEntity
  8
0
 62
     6
370
     0
100
AcDbVertex
100
AcDb2dVertex
 10
2843.858276014659
 20
1528.261469783714
 30
0.0
  0
VERTEX
  5
1B61
330
1B53
100
AcDbEntity
  8
0
 62
     6
370
     0
100
AcDbVertex
100
AcDb2dVertex
 10
2842.880734623281
 20
1528.112713485026
 30
0.0
  0
VERTEX
  5
1B62
330
1B53
100
AcDbEntity
  8
0
 62
     6
370
     0
100
AcDbVertex
100
AcDb2dVertex
 10
2842.816981923843
 20
1528.112713485026
 30
0.0
  0
VERTEX
  5
1B63
330
1B53
100
AcDbEntity
  8
0
 62
     6
370
     0
100
AcDbVertex
100
AcDb2dVertex
 10
2842.009447730966
 20
1527.963957186338
 30
0.0
  0
VERTEX
  5
1B64
330
1B53
100
AcDbEntity
  8
0
 62
     6
370
     0
100
AcDbVertex
100
AcDb2dVertex
 10
2844.623308407911
 20
1527.687695488775
 30
0.0
  0
VERTEX
  5
1B65
330
1B53
100
AcDbEntity
  8
0
 62
     6
370
     0
100
AcDbVertex
100
AcDb2dVertex
 10
2844.623308407911
 20
1527.326430191961
 30
0.0
  0
VERTEX
  5
1B66
330
1B53
100
AcDbEntity
  8
0
 62
     6
370
     0
100
AcDbVertex
100
AcDb2dVertex
 10
2844.623308407911
 20
1527.113921193835
 30
0.0
  0
VERTEX
  5
1B67
330
1B53
100
AcDbEntity
  8
0
 62
     6
370
     0
100
AcDbVertex
100
AcDb2dVertex
 10
2844.474552109222
 20
1526.348888800584
 30
0.0
  0
VERTEX
  5
1B68
330
1B53
100
AcDbEntity
  8
0
 62
     6
370
     0
100
AcDbVertex
100
AcDb2dVertex
 10
2844.410799409784
 20
1526.242634301521
 30
0.0
  0
VERTEX
  5
1B69
330
1B53
100
AcDbEntity
  8
0
 62
     6
370
     0
100
AcDbVertex
100
AcDb2dVertex
 10
2843.815774215033
 20
1525.668860006582
 30
0.0
  0
VERTEX
  5
1B6A
330
1B53
100
AcDbEntity
  8
0
 62
     6
370
     0
100
AcDbVertex
100
AcDb2dVertex
 10
2843.62451611672
 20
1525.583856407331
 30
0.0
  0
VERTEX
  5
1B6B
330
1B53
100
AcDbEntity
  8
0
 62
     6
370
     0
100
AcDbVertex
100
AcDb2dVertex
 10
2842.816981923843
 20
1525.413849208831
 30
0.0
  0
VERTEX
  5
1B6C
330
1B53
100
AcDbEntity
  8
0
 62
     6
370
     0
100
AcDbVertex
100
AcDb2dVertex
 10
2841.116909938838
 20
1525.116336611455
 30
0.0
  0
VERTEX
  5
1B6D
330
1B53
100
AcDbEntity
  8
0
 62
     6
370
     0
100
AcDbVertex
100
AcDb2dVertex
 10
2841.71193513359
 20
1524.776322214454
 30
0.0
  0
VERTEX
  5
1B6E
330
1B53
100
AcDbEntity
  8
0
 62
     6
370
     0
100
AcDbVertex
100
AcDb2dVertex
 10
2842.583222025904
 20
1524.648816815579
 30
0.0
  0
VERTEX
  5
1B6F
330
1B53
100
AcDbEntity
  8
0
 62
     6
370
     0
100
AcDbVertex
100
AcDb2dVertex
 10
2842.859483723469
 20
1524.670067715392
 30
0.0
  0
VERTEX
  5
1B70
330
1B53
100
AcDbEntity
  8
0
 62
     6
370
     0
100
AcDbVertex
100
AcDb2dVertex
 10
2843.667017916346
 20
1524.840074913892
 30
0.0
  0
VERTEX
  5
1B71
330
1B53
100
AcDbEntity
  8
0
 62
     6
370
     0
100
AcDbVertex
100
AcDb2dVertex
 10
2844.007032313346
 20
1524.98883121258
 30
0.0
  0
VERTEX
  5
1B72
330
1B53
100
AcDbEntity
  8
0
 62
     6
370
     0
100
AcDbVertex
100
AcDb2dVertex
 10
2844.70831200716
 20
1525.498852808081
 30
0.0
  0
VERTEX
  5
1B73
330
1B53
100
AcDbEntity
  8
0
 62
     6
370
     0
100
AcDbVertex
100
AcDb2dVertex
 10
2845.685853398538
 20
1525.498852808081
 30
0.0
  0
VERTEX
  5
1B74
330
1B53
100
AcDbEntity
  8
0
 62
     6
370
     0
100
AcDbVertex
100
AcDb2dVertex
 10
2845.643351598913
 20
1526.115128902645
 30
0.0
  0
VERTEX
  5
1B75
330
1B53
100
AcDbEntity
  8
0
 62
     6
370
     0
100
AcDbVertex
100
AcDb2dVertex
 10
2845.622100699101
 20
1527.198924793086
 30
0.0
  0
VERTEX
  5
1B76
330
1B53
100
AcDbEntity
  8
0
 62
     6
370
     0
100
AcDbVertex
100
AcDb2dVertex
 10
2845.622100699101
 20
1528.516480581464
 30
0.0
  0
VERTEX
  5
1B77
330
1B53
100
AcDbEntity
  8
0
 62
     6
370
     0
100
AcDbVertex
100
AcDb2dVertex
 10
2845.622100699101
 20
1528.622735080527
 30
0.0
  0
VERTEX
  5
1B78
330
1B53
100
AcDbEntity
  8
0
 62
     6
370
     0
100
AcDbVertex
100
AcDb2dVertex
 10
2845.579598899475
 20
1529.430269273404
 30
0.0
  0
VERTEX
  5
1B79
330
1B53
100
AcDbEntity
  8
0
 62
     6
370
     0
100
AcDbVertex
100
AcDb2dVertex
 10
2845.260835402287
 20
1530.089047167594
 30
0.0
  0
VERTEX
  5
1B7A
330
1B53
100
AcDbEntity
  8
0
 62
     6
370
     0
100
AcDbVertex
100
AcDb2dVertex
 10
2844.580806608285
 20
1530.535316063657
 30
0.0
  0
VERTEX
  5
1B7B
330
1B53
100
AcDbEntity
  8
0
 62
     6
370
     0
100
AcDbVertex
100
AcDb2dVertex
 10
2844.262043111097
 20
1530.620319662908
 30
0.0
  0
SEQEND
  5
1B7C
330
1B53
100
AcDbEntity
  8
0
 62
     6
370
     0
  0
POLYLINE
  5
1B7D
330
1F
100
AcDbEntity
  8
0
 62
     6
370
     0
100
AcDb2dPolyline
 66
     1
 10
0.0
 20
0.0
 30
0.0
 70
     1
  0
VERTEX
  5
1B7E
330
1B7D
100
AcDbEntity
  8
0
 62
     6
370
     0
100
AcDbVertex
100
AcDb2dVertex
 10
2850.127291459363
 20
1525.668860006582
 30
0.0
  0
VERTEX
  5
1B7F
330
1B7D
100
AcDbEntity
  8
0
 62
     6
370
     0
100
AcDbVertex
100
AcDb2dVertex
 10
2849.383509965923
 20
1525.456351008456
 30
0.0
  0
VERTEX
  5
1B80
330
1B7D
100
AcDbEntity
  8
0
 62
     6
370
     0
100
AcDbVertex
100
AcDb2dVertex
 10
2848.002201478108
 20
1525.031333012205
 30
0.0
  0
VERTEX
  5
1B81
330
1B7D
100
AcDbEntity
  8
0
 62
     6
370
     0
100
AcDbVertex
100
AcDb2dVertex
 10
2848.469721273983
 20
1524.797573114267
 30
0.0
  0
VERTEX
  5
1B82
330
1B7D
100
AcDbEntity
  8
0
 62
     6
370
     0
100
AcDbVertex
100
AcDb2dVertex
 10
2849.277255466861
 20
1524.648816815579
 30
0.0
  0
VERTEX
  5
1B83
330
1B7D
100
AcDbEntity
  8
0
 62
     6
370
     0
100
AcDbVertex
100
AcDb2dVertex
 10
2849.617269863861
 20
1524.670067715392
 30
0.0
  0
VERTEX
  5
1B84
330
1B7D
100
AcDbEntity
  8
0
 62
     6
370
     0
100
AcDbVertex
100
AcDb2dVertex
 10
2850.361051357301
 20
1524.946329412955
 30
0.0
  0
VERTEX
  5
1B85
330
1B7D
100
AcDbEntity
  8
0
 62
     6
370
     0
100
AcDbVertex
100
AcDb2dVertex
 10
2850.892323852615
 20
1525.520103707894
 30
0.0
  0
SEQEND
  5
1B86
330
1B7D
100
AcDbEntity
  8
0
 62
     6
370
     0
  0
POLYLINE
  5
1B87
330
1F
100
AcDbEntity
  8
0
 62
     6
370
     0
100
AcDb2dPolyline
 66
     1
 10
0.0
 20
0.0
 30
0.0
 70
     1
  0
VERTEX
  5
1B88
330
1B87
100
AcDbEntity
  8
0
 62
     6
370
     0
100
AcDbVertex
100
AcDb2dVertex
 10
2849.234753667235
 20
1530.705323262158
 30
0.0
  0
VERTEX
  5
1B89
330
1B87
100
AcDbEntity
  8
0
 62
     6
370
     0
100
AcDbVertex
100
AcDb2dVertex
 10
2848.703481171921
 20
1530.64157056272
 30
0.0
  0
VERTEX
  5
1B8A
330
1B87
100
AcDbEntity
  8
0
 62
     6
370
     0
100
AcDbVertex
100
AcDb2dVertex
 10
2847.938448778669
 20
1530.322807065532
 30
0.0
  0
VERTEX
  5
1B8B
330
1B87
100
AcDbEntity
  8
0
 62
     6
370
     0
100
AcDbVertex
100
AcDb2dVertex
 10
2847.513430782419
 20
1529.961541768718
 30
0.0
  0
VERTEX
  5
1B8C
330
1B87
100
AcDbEntity
  8
0
 62
     6
370
     0
100
AcDbVertex
100
AcDb2dVertex
 10
2847.088412786167
 20
1529.239011175091
 30
0.0
  0
VERTEX
  5
1B8D
330
1B87
100
AcDbEntity
  8
0
 62
     6
370
     0
100
AcDbVertex
100
AcDb2dVertex
 10
2846.875903788042
 20
1528.516480581464
 30
0.0
  0
VERTEX
  5
1B8E
330
1B87
100
AcDbEntity
  8
0
 62
     6
370
     0
100
AcDbVertex
100
AcDb2dVertex
 10
2846.790900188791
 20
1527.666444588962
 30
0.0
  0
VERTEX
  5
1B8F
330
1B87
100
AcDbEntity
  8
0
 62
     6
370
     0
100
AcDbVertex
100
AcDb2dVertex
 10
2846.875903788042
 20
1526.858910396085
 30
0.0
  0
VERTEX
  5
1B90
330
1B87
100
AcDbEntity
  8
0
 62
     6
370
     0
100
AcDbVertex
100
AcDb2dVertex
 10
2847.10966368598
 20
1526.093878002833
 30
0.0
  0
VERTEX
  5
1B91
330
1B87
100
AcDbEntity
  8
0
 62
     6
370
     0
100
AcDbVertex
100
AcDb2dVertex
 10
2847.428427183168
 20
1525.583856407331
 30
0.0
  0
VERTEX
  5
1B92
330
1B87
100
AcDbEntity
  8
0
 62
     6
370
     0
100
AcDbVertex
100
AcDb2dVertex
 10
2848.002201478108
 20
1525.031333012205
 30
0.0
  0
VERTEX
  5
1B93
330
1B87
100
AcDbEntity
  8
0
 62
     6
370
     0
100
AcDbVertex
100
AcDb2dVertex
 10
2849.383509965923
 20
1525.456351008456
 30
0.0
  0
VERTEX
  5
1B94
330
1B87
100
AcDbEntity
  8
0
 62
     6
370
     0
100
AcDbVertex
100
AcDb2dVertex
 10
2848.937241069859
 20
1525.520103707894
 30
0.0
  0
VERTEX
  5
1B95
330
1B87
100
AcDbEntity
  8
0
 62
     6
370
     0
100
AcDbVertex
100
AcDb2dVertex
 10
2848.257212275857
 20
1526.008874403582
 30
0.0
  0
VERTEX
  5
1B96
330
1B87
100
AcDbEntity
  8
0
 62
     6
370
     0
100
AcDbVertex
100
AcDb2dVertex
 10
2848.19345957642
 20
1526.093878002833
 30
0.0
  0
VERTEX
  5
1B97
330
1B87
100
AcDbEntity
  8
0
 62
     6
370
     0
100
AcDbVertex
100
AcDb2dVertex
 10
2847.895946979044
 20
1526.752655897022
 30
0.0
  0
VERTEX
  5
1B98
330
1B87
100
AcDbEntity
  8
0
 62
     6
370
     0
100
AcDbVertex
100
AcDb2dVertex
 10
2847.789692479981
 20
1527.666444588962
 30
0.0
  0
VERTEX
  5
1B99
330
1B87
100
AcDbEntity
  8
0
 62
     6
370
     0
100
AcDbVertex
100
AcDb2dVertex
 10
2847.810943379794
 20
1527.836451787463
 30
0.0
  0
VERTEX
  5
1B9A
330
1B87
100
AcDbEntity
  8
0
 62
     6
370
     0
100
AcDbVertex
100
AcDb2dVertex
 10
2847.917197878857
 20
1528.72898957959
 30
0.0
  0
VERTEX
  5
1B9B
330
1B87
100
AcDbEntity
  8
0
 62
     6
370
     0
100
AcDbVertex
100
AcDb2dVertex
 10
2848.235961376045
 20
1529.366516573967
 30
0.0
  0
VERTEX
  5
1B9C
330
1B87
100
AcDbEntity
  8
0
 62
     6
370
     0
100
AcDbVertex
100
AcDb2dVertex
 10
2848.575975773047
 20
1529.664029171343
 30
0.0
  0
VERTEX
  5
1B9D
330
1B87
100
AcDbEntity
  8
0
 62
     6
370
     0
100
AcDbVertex
100
AcDb2dVertex
 10
2849.341008166299
 20
1529.897789069281
 30
0.0
  0
VERTEX
  5
1B9E
330
1B87
100
AcDbEntity
  8
0
 62
     6
370
     0
100
AcDbVertex
100
AcDb2dVertex
 10
2850.828571153178
 20
1529.919039969093
 30
0.0
  0
VERTEX
  5
1B9F
330
1B87
100
AcDbEntity
  8
0
 62
     6
370
     0
100
AcDbVertex
100
AcDb2dVertex
 10
2850.807320253365
 20
1529.961541768718
 30
0.0
  0
VERTEX
  5
1BA0
330
1B87
100
AcDbEntity
  8
0
 62
     6
370
     0
100
AcDbVertex
100
AcDb2dVertex
 10
2850.169793258988
 20
1530.492814264032
 30
0.0
  0
VERTEX
  5
1BA1
330
1B87
100
AcDbEntity
  8
0
 62
     6
370
     0
100
AcDbVertex
100
AcDb2dVertex
 10
2850.042287860113
 20
1530.556566963469
 30
0.0
  0
SEQEND
  5
1BA2
330
1B87
100
AcDbEntity
  8
0
 62
     6
370
     0
  0
POLYLINE
  5
1BA3
330
1F
100
AcDbEntity
  8
0
 62
     6
370
     0
100
AcDb2dPolyline
 66
     1
 10
0.0
 20
0.0
 30
0.0
 70
     1
  0
VERTEX
  5
1BA4
330
1BA3
100
AcDbEntity
  8
0
 62
     6
370
     0
100
AcDbVertex
100
AcDb2dVertex
 10
2851.806112544555
 20
1532.787911443788
 30
0.0
  0
VERTEX
  5
1BA5
330
1BA3
100
AcDbEntity
  8
0
 62
     6
370
     0
100
AcDbVertex
100
AcDb2dVertex
 10
2850.828571153178
 20
1532.787911443788
 30
0.0
  0
VERTEX
  5
1BA6
330
1BA3
100
AcDbEntity
  8
0
 62
     6
370
     0
100
AcDbVertex
100
AcDb2dVertex
 10
2850.828571153178
 20
1529.919039969093
 30
0.0
  0
VERTEX
  5
1BA7
330
1BA3
100
AcDbEntity
  8
0
 62
     6
370
     0
100
AcDbVertex
100
AcDb2dVertex
 10
2849.341008166299
 20
1529.897789069281
 30
0.0
  0
VERTEX
  5
1BA8
330
1BA3
100
AcDbEntity
  8
0
 62
     6
370
     0
100
AcDbVertex
100
AcDb2dVertex
 10
2849.808527962174
 20
1529.81278547003
 30
0.0
  0
VERTEX
  5
1BA9
330
1BA3
100
AcDbEntity
  8
0
 62
     6
370
     0
100
AcDbVertex
100
AcDb2dVertex
 10
2850.467305856364
 20
1529.345265674154
 30
0.0
  0
VERTEX
  5
1BAA
330
1BA3
100
AcDbEntity
  8
0
 62
     6
370
     0
100
AcDbVertex
100
AcDb2dVertex
 10
2850.552309455614
 20
1529.217760275279
 30
0.0
  0
VERTEX
  5
1BAB
330
1BA3
100
AcDbEntity
  8
0
 62
     6
370
     0
100
AcDbVertex
100
AcDb2dVertex
 10
2850.828571153178
 20
1528.516480581464
 30
0.0
  0
VERTEX
  5
1BAC
330
1BA3
100
AcDbEntity
  8
0
 62
     6
370
     0
100
AcDbVertex
100
AcDb2dVertex
 10
2850.913574752428
 20
1527.581440989712
 30
0.0
  0
VERTEX
  5
1BAD
330
1BA3
100
AcDbEntity
  8
0
 62
     6
370
     0
100
AcDbVertex
100
AcDb2dVertex
 10
2850.913574752428
 20
1527.517688290274
 30
0.0
  0
VERTEX
  5
1BAE
330
1BA3
100
AcDbEntity
  8
0
 62
     6
370
     0
100
AcDbVertex
100
AcDb2dVertex
 10
2850.807320253365
 20
1526.625150498147
 30
0.0
  0
VERTEX
  5
1BAF
330
1BA3
100
AcDbEntity
  8
0
 62
     6
370
     0
100
AcDbVertex
100
AcDb2dVertex
 10
2850.467305856364
 20
1525.98762350377
 30
0.0
  0
VERTEX
  5
1BB0
330
1BA3
100
AcDbEntity
  8
0
 62
     6
370
     0
100
AcDbVertex
100
AcDb2dVertex
 10
2850.127291459363
 20
1525.668860006582
 30
0.0
  0
VERTEX
  5
1BB1
330
1BA3
100
AcDbEntity
  8
0
 62
     6
370
     0
100
AcDbVertex
100
AcDb2dVertex
 10
2850.892323852615
 20
1525.520103707894
 30
0.0
  0
VERTEX
  5
1BB2
330
1BA3
100
AcDbEntity
  8
0
 62
     6
370
     0
100
AcDbVertex
100
AcDb2dVertex
 10
2850.892323852615
 20
1524.776322214454
 30
0.0
  0
VERTEX
  5
1BB3
330
1BA3
100
AcDbEntity
  8
0
 62
     6
370
     0
100
AcDbVertex
100
AcDb2dVertex
 10
2851.806112544555
 20
1524.776322214454
 30
0.0
  0
SEQEND
  5
1BB4
330
1BA3
100
AcDbEntity
  8
0
 62
     6
370
     0
  0
POLYLINE
  5
1BB5
330
1F
100
AcDbEntity
  8
0
 62
     6
370
     0
100
AcDb2dPolyline
 66
     1
 10
0.0
 20
0.0
 30
0.0
 70
     1
  0
VERTEX
  5
1BB6
330
1BB5
100
AcDbEntity
  8
0
 62
     6
370
     0
100
AcDbVertex
100
AcDb2dVertex
 10
2857.310095596007
 20
1526.646401397959
 30
0.0
  0
VERTEX
  5
1BB7
330
1BB5
100
AcDbEntity
  8
0
 62
     6
370
     0
100
AcDbVertex
100
AcDb2dVertex
 10
2857.203841096946
 20
1526.348888800584
 30
0.0
  0
VERTEX
  5
1BB8
330
1BB5
100
AcDbEntity
  8
0
 62
     6
370
     0
100
AcDbVertex
100
AcDb2dVertex
 10
2856.715070401256
 20
1525.732612706019
 30
0.0
  0
VERTEX
  5
1BB9
330
1BB5
100
AcDbEntity
  8
0
 62
     6
370
     0
100
AcDbVertex
100
AcDb2dVertex
 10
2856.587565002381
 20
1525.647609106769
 30
0.0
  0
VERTEX
  5
1BBA
330
1BB5
100
AcDbEntity
  8
0
 62
     6
370
     0
100
AcDbVertex
100
AcDb2dVertex
 10
2855.801281709315
 20
1525.456351008456
 30
0.0
  0
VERTEX
  5
1BBB
330
1BB5
100
AcDbEntity
  8
0
 62
     6
370
     0
100
AcDbVertex
100
AcDb2dVertex
 10
2853.782446227123
 20
1525.435100108643
 30
0.0
  0
VERTEX
  5
1BBC
330
1BB5
100
AcDbEntity
  8
0
 62
     6
370
     0
100
AcDbVertex
100
AcDb2dVertex
 10
2854.207464223375
 20
1525.07383481183
 30
0.0
  0
VERTEX
  5
1BBD
330
1BB5
100
AcDbEntity
  8
0
 62
     6
370
     0
100
AcDbVertex
100
AcDb2dVertex
 10
2854.929994817
 20
1524.755071314642
 30
0.0
  0
VERTEX
  5
1BBE
330
1BB5
100
AcDbEntity
  8
0
 62
     6
370
     0
100
AcDbVertex
100
AcDb2dVertex
 10
2855.780030809503
 20
1524.648816815579
 30
0.0
  0
VERTEX
  5
1BBF
330
1BB5
100
AcDbEntity
  8
0
 62
     6
370
     0
100
AcDbVertex
100
AcDb2dVertex
 10
2855.928787108191
 20
1524.648816815579
 30
0.0
  0
VERTEX
  5
1BC0
330
1BB5
100
AcDbEntity
  8
0
 62
     6
370
     0
100
AcDbVertex
100
AcDb2dVertex
 10
2856.75757220088
 20
1524.797573114267
 30
0.0
  0
VERTEX
  5
1BC1
330
1BB5
100
AcDbEntity
  8
0
 62
     6
370
     0
100
AcDbVertex
100
AcDb2dVertex
 10
2857.437600994883
 20
1525.137587511268
 30
0.0
  0
VERTEX
  5
1BC2
330
1BB5
100
AcDbEntity
  8
0
 62
     6
370
     0
100
AcDbVertex
100
AcDb2dVertex
 10
2857.458851894695
 20
1525.15883841108
 30
0.0
  0
VERTEX
  5
1BC3
330
1BB5
100
AcDbEntity
  8
0
 62
     6
370
     0
100
AcDbVertex
100
AcDb2dVertex
 10
2857.990124390009
 20
1525.753863605832
 30
0.0
  0
VERTEX
  5
1BC4
330
1BB5
100
AcDbEntity
  8
0
 62
     6
370
     0
100
AcDbVertex
100
AcDb2dVertex
 10
2858.33013878701
 20
1526.518895999084
 30
0.0
  0
SEQEND
  5
1BC5
330
1BB5
100
AcDbEntity
  8
0
 62
     6
370
     0
  0
POLYLINE
  5
1BC6
330
1F
100
AcDbEntity
  8
0
 62
     6
370
     0
100
AcDb2dPolyline
 66
     1
 10
0.0
 20
0.0
 30
0.0
 70
     1
  0
VERTEX
  5
1BC7
330
1BC6
100
AcDbEntity
  8
0
 62
     6
370
     0
100
AcDbVertex
100
AcDb2dVertex
 10
2853.782446227123
 20
1529.897789069281
 30
0.0
  0
VERTEX
  5
1BC8
330
1BC6
100
AcDbEntity
  8
0
 62
     6
370
     0
100
AcDbVertex
100
AcDb2dVertex
 10
2853.357428230872
 20
1529.281512974717
 30
0.0
  0
VERTEX
  5
1BC9
330
1BC6
100
AcDbEntity
  8
0
 62
     6
370
     0
100
AcDbVertex
100
AcDb2dVertex
 10
2853.102417433121
 20
1528.537731481277
 30
0.0
  0
VERTEX
  5
1BCA
330
1BC6
100
AcDbEntity
  8
0
 62
     6
370
     0
100
AcDbVertex
100
AcDb2dVertex
 10
2853.038664733683
 20
1527.623942789336
 30
0.0
  0
VERTEX
  5
1BCB
330
1BC6
100
AcDbEntity
  8
0
 62
     6
370
     0
100
AcDbVertex
100
AcDb2dVertex
 10
2853.102417433121
 20
1526.81640859646
 30
0.0
  0
VERTEX
  5
1BCC
330
1BC6
100
AcDbEntity
  8
0
 62
     6
370
     0
100
AcDbVertex
100
AcDb2dVertex
 10
2853.357428230872
 20
1526.051376203208
 30
0.0
  0
VERTEX
  5
1BCD
330
1BC6
100
AcDbEntity
  8
0
 62
     6
370
     0
100
AcDbVertex
100
AcDb2dVertex
 10
2853.782446227123
 20
1525.435100108643
 30
0.0
  0
VERTEX
  5
1BCE
330
1BC6
100
AcDbEntity
  8
0
 62
     6
370
     0
100
AcDbVertex
100
AcDb2dVertex
 10
2855.801281709315
 20
1525.456351008456
 30
0.0
  0
VERTEX
  5
1BCF
330
1BC6
100
AcDbEntity
  8
0
 62
     6
370
     0
100
AcDbVertex
100
AcDb2dVertex
 10
2855.24875831419
 20
1525.541354607706
 30
0.0
  0
VERTEX
  5
1BD0
330
1BC6
100
AcDbEntity
  8
0
 62
     6
370
     0
100
AcDbVertex
100
AcDb2dVertex
 10
2854.58998042
 20
1525.966372603958
 30
0.0
  0
VERTEX
  5
1BD1
330
1BC6
100
AcDbEntity
  8
0
 62
     6
370
     0
100
AcDbVertex
100
AcDb2dVertex
 10
2854.207464223375
 20
1526.561397798709
 30
0.0
  0
VERTEX
  5
1BD2
330
1BC6
100
AcDbEntity
  8
0
 62
     6
370
     0
100
AcDbVertex
100
AcDb2dVertex
 10
2854.037457024873
 20
1527.432684691024
 30
0.0
  0
VERTEX
  5
1BD3
330
1BC6
100
AcDbEntity
  8
0
 62
     6
370
     0
100
AcDbVertex
100
AcDb2dVertex
 10
2858.351389686823
 20
1527.432684691024
 30
0.0
  0
VERTEX
  5
1BD4
330
1BC6
100
AcDbEntity
  8
0
 62
     6
370
     0
100
AcDbVertex
100
AcDb2dVertex
 10
2858.372640586635
 20
1527.687695488775
 30
0.0
  0
VERTEX
  5
1BD5
330
1BC6
100
AcDbEntity
  8
0
 62
     6
370
     0
100
AcDbVertex
100
AcDb2dVertex
 10
2854.101209724311
 20
1528.240218883901
 30
0.0
  0
VERTEX
  5
1BD6
330
1BC6
100
AcDbEntity
  8
0
 62
     6
370
     0
100
AcDbVertex
100
AcDb2dVertex
 10
2854.207464223375
 20
1528.792742279028
 30
0.0
  0
VERTEX
  5
1BD7
330
1BC6
100
AcDbEntity
  8
0
 62
     6
370
     0
100
AcDbVertex
100
AcDb2dVertex
 10
2854.611231319812
 20
1529.451520173217
 30
0.0
  0
VERTEX
  5
1BD8
330
1BC6
100
AcDbEntity
  8
0
 62
     6
370
     0
100
AcDbVertex
100
AcDb2dVertex
 10
2854.951245716813
 20
1529.706530970968
 30
0.0
  0
VERTEX
  5
1BD9
330
1BC6
100
AcDbEntity
  8
0
 62
     6
370
     0
100
AcDbVertex
100
AcDb2dVertex
 10
2855.737529009878
 20
1529.897789069281
 30
0.0
  0
SEQEND
  5
1BDA
330
1BC6
100
AcDbEntity
  8
0
 62
     6
370
     0
  0
POLYLINE
  5
1BDB
330
1F
100
AcDbEntity
  8
0
 62
     6
370
     0
100
AcDb2dPolyline
 66
     1
 10
0.0
 20
0.0
 30
0.0
 70
     1
  0
VERTEX
  5
1BDC
330
1BDB
100
AcDbEntity
  8
0
 62
     6
370
     0
100
AcDbVertex
100
AcDb2dVertex
 10
2855.737529009878
 20
1530.705323262158
 30
0.0
  0
VERTEX
  5
1BDD
330
1BDB
100
AcDbEntity
  8
0
 62
     6
370
     0
100
AcDbVertex
100
AcDb2dVertex
 10
2855.163754714939
 20
1530.662821462533
 30
0.0
  0
VERTEX
  5
1BDE
330
1BDB
100
AcDbEntity
  8
0
 62
     6
370
     0
100
AcDbVertex
100
AcDb2dVertex
 10
2854.398722321687
 20
1530.386559764969
 30
0.0
  0
VERTEX
  5
1BDF
330
1BDB
100
AcDbEntity
  8
0
 62
     6
370
     0
100
AcDbVertex
100
AcDb2dVertex
 10
2853.782446227123
 20
1529.897789069281
 30
0.0
  0
VERTEX
  5
1BE0
330
1BDB
100
AcDbEntity
  8
0
 62
     6
370
     0
100
AcDbVertex
100
AcDb2dVertex
 10
2855.737529009878
 20
1529.897789069281
 30
0.0
  0
VERTEX
  5
1BE1
330
1BDB
100
AcDbEntity
  8
0
 62
     6
370
     0
100
AcDbVertex
100
AcDb2dVertex
 10
2856.311303304817
 20
1529.791534570218
 30
0.0
  0
VERTEX
  5
1BE2
330
1BDB
100
AcDbEntity
  8
0
 62
     6
370
     0
100
AcDbVertex
100
AcDb2dVertex
 10
2856.970081199006
 20
1529.324014774342
 30
0.0
  0
VERTEX
  5
1BE3
330
1BDB
100
AcDbEntity
  8
0
 62
     6
370
     0
100
AcDbVertex
100
AcDb2dVertex
 10
2857.118837497694
 20
1529.090254876403
 30
0.0
  0
VERTEX
  5
1BE4
330
1BDB
100
AcDbEntity
  8
0
 62
     6
370
     0
100
AcDbVertex
100
AcDb2dVertex
 10
2857.33134649582
 20
1528.240218883901
 30
0.0
  0
VERTEX
  5
1BE5
330
1BDB
100
AcDbEntity
  8
0
 62
     6
370
     0
100
AcDbVertex
100
AcDb2dVertex
 10
2854.101209724311
 20
1528.240218883901
 30
0.0
  0
VERTEX
  5
1BE6
330
1BDB
100
AcDbEntity
  8
0
 62
     6
370
     0
100
AcDbVertex
100
AcDb2dVertex
 10
2858.372640586635
 20
1527.687695488775
 30
0.0
  0
VERTEX
  5
1BE7
330
1BDB
100
AcDbEntity
  8
0
 62
     6
370
     0
100
AcDbVertex
100
AcDb2dVertex
 10
2858.287636987385
 20
1528.537731481277
 30
0.0
  0
VERTEX
  5
1BE8
330
1BDB
100
AcDbEntity
  8
0
 62
     6
370
     0
100
AcDbVertex
100
AcDb2dVertex
 10
2858.053877089447
 20
1529.302763874529
 30
0.0
  0
VERTEX
  5
1BE9
330
1BDB
100
AcDbEntity
  8
0
 62
     6
370
     0
100
AcDbVertex
100
AcDb2dVertex
 10
2857.628859093196
 20
1529.919039969093
 30
0.0
  0
VERTEX
  5
1BEA
330
1BDB
100
AcDbEntity
  8
0
 62
     6
370
     0
100
AcDbVertex
100
AcDb2dVertex
 10
2857.267593796382
 20
1530.237803466282
 30
0.0
  0
VERTEX
  5
1BEB
330
1BDB
100
AcDbEntity
  8
0
 62
     6
370
     0
100
AcDbVertex
100
AcDb2dVertex
 10
2856.566314102568
 20
1530.599068763095
 30
0.0
  0
SEQEND
  5
1BEC
330
1BDB
100
AcDbEntity
  8
0
 62
     6
370
     0
  0
POLYLINE
  5
1BED
330
1F
100
AcDbEntity
  8
0
 62
     6
370
     0
100
AcDb2dPolyline
 66
     1
 10
0.0
 20
0.0
 30
0.0
 70
     1
  0
VERTEX
  5
1BEE
330
1BED
100
AcDbEntity
  8
0
 62
     6
370
     0
100
AcDbVertex
100
AcDb2dVertex
 10
2867.425523906785
 20
1525.498852808081
 30
0.0
  0
VERTEX
  5
1BEF
330
1BED
100
AcDbEntity
  8
0
 62
     6
370
     0
100
AcDbVertex
100
AcDb2dVertex
 10
2866.447982515407
 20
1525.498852808081
 30
0.0
  0
VERTEX
  5
1BF0
330
1BED
100
AcDbEntity
  8
0
 62
     6
370
     0
100
AcDbVertex
100
AcDb2dVertex
 10
2866.63924061372
 20
1524.776322214454
 30
0.0
  0
VERTEX
  5
1BF1
330
1BED
100
AcDbEntity
  8
0
 62
     6
370
     0
100
AcDbVertex
100
AcDb2dVertex
 10
2867.659283804723
 20
1524.776322214454
 30
0.0
  0
VERTEX
  5
1BF2
330
1BED
100
AcDbEntity
  8
0
 62
     6
370
     0
100
AcDbVertex
100
AcDb2dVertex
 10
2867.425523906785
 20
1525.477601908268
 30
0.0
  0
SEQEND
  5
1BF3
330
1BED
100
AcDbEntity
  8
0
 62
     6
370
     0
  0
POLYLINE
  5
1BF4
330
1F
100
AcDbEntity
  8
0
 62
     6
370
     0
100
AcDb2dPolyline
 66
     1
 10
0.0
 20
0.0
 30
0.0
 70
     1
  0
VERTEX
  5
1BF5
330
1BF4
100
AcDbEntity
  8
0
 62
     6
370
     0
100
AcDbVertex
100
AcDb2dVertex
 10
2863.749118239212
 20
1527.963957186338
 30
0.0
  0
VERTEX
  5
1BF6
330
1BF4
100
AcDbEntity
  8
0
 62
     6
370
     0
100
AcDbVertex
100
AcDb2dVertex
 10
2863.047838545398
 20
1527.645193689149
 30
0.0
  0
VERTEX
  5
1BF7
330
1BF4
100
AcDbEntity
  8
0
 62
     6
370
     0
100
AcDbVertex
100
AcDb2dVertex
 10
2862.537816949896
 20
1527.092670294023
 30
0.0
  0
VERTEX
  5
1BF8
330
1BF4
100
AcDbEntity
  8
0
 62
     6
370
     0
100
AcDbVertex
100
AcDb2dVertex
 10
2862.346558851584
 20
1526.306387000958
 30
0.0
  0
VERTEX
  5
1BF9
330
1BF4
100
AcDbEntity
  8
0
 62
     6
370
     0
100
AcDbVertex
100
AcDb2dVertex
 10
2862.410311551021
 20
1525.775114505644
 30
0.0
  0
VERTEX
  5
1BFA
330
1BF4
100
AcDbEntity
  8
0
 62
     6
370
     0
100
AcDbVertex
100
AcDb2dVertex
 10
2862.856580447085
 20
1525.116336611455
 30
0.0
  0
VERTEX
  5
1BFB
330
1BF4
100
AcDbEntity
  8
0
 62
     6
370
     0
100
AcDbVertex
100
AcDb2dVertex
 10
2864.55665243209
 20
1525.413849208831
 30
0.0
  0
VERTEX
  5
1BFC
330
1BF4
100
AcDbEntity
  8
0
 62
     6
370
     0
100
AcDbVertex
100
AcDb2dVertex
 10
2864.429147033214
 20
1525.413849208831
 30
0.0
  0
VERTEX
  5
1BFD
330
1BF4
100
AcDbEntity
  8
0
 62
     6
370
     0
100
AcDbVertex
100
AcDb2dVertex
 10
2863.685365539775
 20
1525.690110906394
 30
0.0
  0
VERTEX
  5
1BFE
330
1BF4
100
AcDbEntity
  8
0
 62
     6
370
     0
100
AcDbVertex
100
AcDb2dVertex
 10
2863.387852942399
 20
1526.327637900771
 30
0.0
  0
VERTEX
  5
1BFF
330
1BF4
100
AcDbEntity
  8
0
 62
     6
370
     0
100
AcDbVertex
100
AcDb2dVertex
 10
2863.515358341274
 20
1526.795157696647
 30
0.0
  0
VERTEX
  5
1C00
330
1BF4
100
AcDbEntity
  8
0
 62
     6
370
     0
100
AcDbVertex
100
AcDb2dVertex
 10
2863.8978745379
 20
1527.113921193835
 30
0.0
  0
VERTEX
  5
1C01
330
1BF4
100
AcDbEntity
  8
0
 62
     6
370
     0
100
AcDbVertex
100
AcDb2dVertex
 10
2863.940376337525
 20
1527.135172093648
 30
0.0
  0
VERTEX
  5
1C02
330
1BF4
100
AcDbEntity
  8
0
 62
     6
370
     0
100
AcDbVertex
100
AcDb2dVertex
 10
2864.769161430215
 20
1527.326430191961
 30
0.0
  0
VERTEX
  5
1C03
330
1BF4
100
AcDbEntity
  8
0
 62
     6
370
     0
100
AcDbVertex
100
AcDb2dVertex
 10
2865.682950122155
 20
1527.475186490649
 30
0.0
  0
VERTEX
  5
1C04
330
1BF4
100
AcDbEntity
  8
0
 62
     6
370
     0
100
AcDbVertex
100
AcDb2dVertex
 10
2866.362978916157
 20
1527.687695488775
 30
0.0
  0
SEQEND
  5
1C05
330
1BF4
100
AcDbEntity
  8
0
 62
     6
370
     0
  0
POLYLINE
  5
1C06
330
1F
100
AcDbEntity
  8
0
 62
     6
370
     0
100
AcDb2dPolyline
 66
     1
 10
0.0
 20
0.0
 30
0.0
 70
     1
  0
VERTEX
  5
1C07
330
1C06
100
AcDbEntity
  8
0
 62
     6
370
     0
100
AcDbVertex
100
AcDb2dVertex
 10
2862.941584046335
 20
1529.919039969093
 30
0.0
  0
VERTEX
  5
1C08
330
1C06
100
AcDbEntity
  8
0
 62
     6
370
     0
100
AcDbVertex
100
AcDb2dVertex
 10
2862.792827747647
 20
1529.72778187078
 30
0.0
  0
VERTEX
  5
1C09
330
1C06
100
AcDbEntity
  8
0
 62
     6
370
     0
100
AcDbVertex
100
AcDb2dVertex
 10
2862.495315150273
 20
1528.920247677903
 30
0.0
  0
VERTEX
  5
1C0A
330
1C06
100
AcDbEntity
  8
0
 62
     6
370
     0
100
AcDbVertex
100
AcDb2dVertex
 10
2863.472856541649
 20
1528.792742279028
 30
0.0
  0
VERTEX
  5
1C0B
330
1C06
100
AcDbEntity
  8
0
 62
     6
370
     0
100
AcDbVertex
100
AcDb2dVertex
 10
2863.536609241088
 20
1529.005251277153
 30
0.0
  0
VERTEX
  5
1C0C
330
1C06
100
AcDbEntity
  8
0
 62
     6
370
     0
100
AcDbVertex
100
AcDb2dVertex
 10
2863.961627237339
 20
1529.64277827153
 30
0.0
  0
VERTEX
  5
1C0D
330
1C06
100
AcDbEntity
  8
0
 62
     6
370
     0
100
AcDbVertex
100
AcDb2dVertex
 10
2864.131634435839
 20
1529.749032770593
 30
0.0
  0
VERTEX
  5
1C0E
330
1C06
100
AcDbEntity
  8
0
 62
     6
370
     0
100
AcDbVertex
100
AcDb2dVertex
 10
2864.98167042834
 20
1529.897789069281
 30
0.0
  0
SEQEND
  5
1C0F
330
1C06
100
AcDbEntity
  8
0
 62
     6
370
     0
  0
POLYLINE
  5
1C10
330
1F
100
AcDbEntity
  8
0
 62
     6
370
     0
100
AcDb2dPolyline
 66
     1
 10
0.0
 20
0.0
 30
0.0
 70
     1
  0
VERTEX
  5
1C11
330
1C10
100
AcDbEntity
  8
0
 62
     6
370
     0
100
AcDbVertex
100
AcDb2dVertex
 10
2865.109175827217
 20
1530.705323262158
 30
0.0
  0
VERTEX
  5
1C12
330
1C10
100
AcDbEntity
  8
0
 62
     6
370
     0
100
AcDbVertex
100
AcDb2dVertex
 10
2864.577903331902
 20
1530.684072362345
 30
0.0
  0
VERTEX
  5
1C13
330
1C10
100
AcDbEntity
  8
0
 62
     6
370
     0
100
AcDbVertex
100
AcDb2dVertex
 10
2863.81287093865
 20
1530.514065163845
 30
0.0
  0
VERTEX
  5
1C14
330
1C10
100
AcDbEntity
  8
0
 62
     6
370
     0
100
AcDbVertex
100
AcDb2dVertex
 10
2863.557860140899
 20
1530.407810664782
 30
0.0
  0
VERTEX
  5
1C15
330
1C10
100
AcDbEntity
  8
0
 62
     6
370
     0
100
AcDbVertex
100
AcDb2dVertex
 10
2862.941584046335
 20
1529.919039969093
 30
0.0
  0
VERTEX
  5
1C16
330
1C10
100
AcDbEntity
  8
0
 62
     6
370
     0
100
AcDbVertex
100
AcDb2dVertex
 10
2864.98167042834
 20
1529.897789069281
 30
0.0
  0
VERTEX
  5
1C17
330
1C10
100
AcDbEntity
  8
0
 62
     6
370
     0
100
AcDbVertex
100
AcDb2dVertex
 10
2865.406688424592
 20
1529.855287269656
 30
0.0
  0
VERTEX
  5
1C18
330
1C10
100
AcDbEntity
  8
0
 62
     6
370
     0
100
AcDbVertex
100
AcDb2dVertex
 10
2866.086717218593
 20
1529.55777467228
 30
0.0
  0
VERTEX
  5
1C19
330
1C10
100
AcDbEntity
  8
0
 62
     6
370
     0
100
AcDbVertex
100
AcDb2dVertex
 10
2866.150469918031
 20
1529.494021972842
 30
0.0
  0
VERTEX
  5
1C1A
330
1C10
100
AcDbEntity
  8
0
 62
     6
370
     0
100
AcDbVertex
100
AcDb2dVertex
 10
2866.362978916157
 20
1528.707738679777
 30
0.0
  0
VERTEX
  5
1C1B
330
1C10
100
AcDbEntity
  8
0
 62
     6
370
     0
100
AcDbVertex
100
AcDb2dVertex
 10
2866.362978916157
 20
1528.452727882027
 30
0.0
  0
VERTEX
  5
1C1C
330
1C10
100
AcDbEntity
  8
0
 62
     6
370
     0
100
AcDbVertex
100
AcDb2dVertex
 10
2866.299226216719
 20
1528.431476982214
 30
0.0
  0
VERTEX
  5
1C1D
330
1C10
100
AcDbEntity
  8
0
 62
     6
370
     0
100
AcDbVertex
100
AcDb2dVertex
 10
2865.597946522905
 20
1528.261469783714
 30
0.0
  0
VERTEX
  5
1C1E
330
1C10
100
AcDbEntity
  8
0
 62
     6
370
     0
100
AcDbVertex
100
AcDb2dVertex
 10
2864.620405131527
 20
1528.112713485026
 30
0.0
  0
VERTEX
  5
1C1F
330
1C10
100
AcDbEntity
  8
0
 62
     6
370
     0
100
AcDbVertex
100
AcDb2dVertex
 10
2864.55665243209
 20
1528.112713485026
 30
0.0
  0
VERTEX
  5
1C20
330
1C10
100
AcDbEntity
  8
0
 62
     6
370
     0
100
AcDbVertex
100
AcDb2dVertex
 10
2863.749118239212
 20
1527.963957186338
 30
0.0
  0
VERTEX
  5
1C21
330
1C10
100
AcDbEntity
  8
0
 62
     6
370
     0
100
AcDbVertex
100
AcDb2dVertex
 10
2866.362978916157
 20
1527.687695488775
 30
0.0
  0
VERTEX
  5
1C22
330
1C10
100
AcDbEntity
  8
0
 62
     6
370
     0
100
AcDbVertex
100
AcDb2dVertex
 10
2866.362978916157
 20
1527.326430191961
 30
0.0
  0
VERTEX
  5
1C23
330
1C10
100
AcDbEntity
  8
0
 62
     6
370
     0
100
AcDbVertex
100
AcDb2dVertex
 10
2866.362978916157
 20
1527.113921193835
 30
0.0
  0
VERTEX
  5
1C24
330
1C10
100
AcDbEntity
  8
0
 62
     6
370
     0
100
AcDbVertex
100
AcDb2dVertex
 10
2866.214222617469
 20
1526.348888800584
 30
0.0
  0
VERTEX
  5
1C25
330
1C10
100
AcDbEntity
  8
0
 62
     6
370
     0
100
AcDbVertex
100
AcDb2dVertex
 10
2866.150469918031
 20
1526.242634301521
 30
0.0
  0
VERTEX
  5
1C26
330
1C10
100
AcDbEntity
  8
0
 62
     6
370
     0
100
AcDbVertex
100
AcDb2dVertex
 10
2865.55544472328
 20
1525.668860006582
 30
0.0
  0
VERTEX
  5
1C27
330
1C10
100
AcDbEntity
  8
0
 62
     6
370
     0
100
AcDbVertex
100
AcDb2dVertex
 10
2865.364186624967
 20
1525.583856407331
 30
0.0
  0
VERTEX
  5
1C28
330
1C10
100
AcDbEntity
  8
0
 62
     6
370
     0
100
AcDbVertex
100
AcDb2dVertex
 10
2864.55665243209
 20
1525.413849208831
 30
0.0
  0
VERTEX
  5
1C29
330
1C10
100
AcDbEntity
  8
0
 62
     6
370
     0
100
AcDbVertex
100
AcDb2dVertex
 10
2862.856580447085
 20
1525.116336611455
 30
0.0
  0
VERTEX
  5
1C2A
330
1C10
100
AcDbEntity
  8
0
 62
     6
370
     0
100
AcDbVertex
100
AcDb2dVertex
 10
2863.451605641837
 20
1524.776322214454
 30
0.0
  0
VERTEX
  5
1C2B
330
1C10
100
AcDbEntity
  8
0
 62
     6
370
     0
100
AcDbVertex
100
AcDb2dVertex
 10
2864.322892534151
 20
1524.648816815579
 30
0.0
  0
VERTEX
  5
1C2C
330
1C10
100
AcDbEntity
  8
0
 62
     6
370
     0
100
AcDbVertex
100
AcDb2dVertex
 10
2864.599154231715
 20
1524.670067715392
 30
0.0
  0
VERTEX
  5
1C2D
330
1C10
100
AcDbEntity
  8
0
 62
     6
370
     0
100
AcDbVertex
100
AcDb2dVertex
 10
2865.406688424592
 20
1524.840074913892
 30
0.0
  0
VERTEX
  5
1C2E
330
1C10
100
AcDbEntity
  8
0
 62
     6
370
     0
100
AcDbVertex
100
AcDb2dVertex
 10
2865.746702821592
 20
1524.98883121258
 30
0.0
  0
VERTEX
  5
1C2F
330
1C10
100
AcDbEntity
  8
0
 62
     6
370
     0
100
AcDbVertex
100
AcDb2dVertex
 10
2866.447982515407
 20
1525.498852808081
 30
0.0
  0
VERTEX
  5
1C30
330
1C10
100
AcDbEntity
  8
0
 62
     6
370
     0
100
AcDbVertex
100
AcDb2dVertex
 10
2867.425523906785
 20
1525.498852808081
 30
0.0
  0
VERTEX
  5
1C31
330
1C10
100
AcDbEntity
  8
0
 62
     6
370
     0
100
AcDbVertex
100
AcDb2dVertex
 10
2867.383022107159
 20
1526.115128902645
 30
0.0
  0
VERTEX
  5
1C32
330
1C10
100
AcDbEntity
  8
0
 62
     6
370
     0
100
AcDbVertex
100
AcDb2dVertex
 10
2867.361771207347
 20
1527.198924793086
 30
0.0
  0
VERTEX
  5
1C33
330
1C10
100
AcDbEntity
  8
0
 62
     6
370
     0
100
AcDbVertex
100
AcDb2dVertex
 10
2867.361771207347
 20
1528.516480581464
 30
0.0
  0
VERTEX
  5
1C34
330
1C10
100
AcDbEntity
  8
0
 62
     6
370
     0
100
AcDbVertex
100
AcDb2dVertex
 10
2867.361771207347
 20
1528.622735080527
 30
0.0
  0
VERTEX
  5
1C35
330
1C10
100
AcDbEntity
  8
0
 62
     6
370
     0
100
AcDbVertex
100
AcDb2dVertex
 10
2867.319269407722
 20
1529.430269273404
 30
0.0
  0
VERTEX
  5
1C36
330
1C10
100
AcDbEntity
  8
0
 62
     6
370
     0
100
AcDbVertex
100
AcDb2dVertex
 10
2867.000505910534
 20
1530.089047167594
 30
0.0
  0
VERTEX
  5
1C37
330
1C10
100
AcDbEntity
  8
0
 62
     6
370
     0
100
AcDbVertex
100
AcDb2dVertex
 10
2866.320477116532
 20
1530.535316063657
 30
0.0
  0
VERTEX
  5
1C38
330
1C10
100
AcDbEntity
  8
0
 62
     6
370
     0
100
AcDbVertex
100
AcDb2dVertex
 10
2866.001713619343
 20
1530.620319662908
 30
0.0
  0
SEQEND
  5
1C39
330
1C10
100
AcDbEntity
  8
0
 62
     6
370
     0
  0
POLYLINE
  5
1C3A
330
1F
100
AcDbEntity
  8
0
 62
     6
370
     0
100
AcDb2dPolyline
 66
     1
 10
0.0
 20
0.0
 30
0.0
 70
     1
  0
VERTEX
  5
1C3B
330
1C3A
100
AcDbEntity
  8
0
 62
     6
370
     0
100
AcDbVertex
100
AcDb2dVertex
 10
2868.849334194226
 20
1524.776322214454
 30
0.0
  0
VERTEX
  5
1C3C
330
1C3A
100
AcDbEntity
  8
0
 62
     6
370
     0
100
AcDbVertex
100
AcDb2dVertex
 10
2868.849334194226
 20
1532.787911443788
 30
0.0
  0
VERTEX
  5
1C3D
330
1C3A
100
AcDbEntity
  8
0
 62
     6
370
     0
100
AcDbVertex
100
AcDb2dVertex
 10
2869.848126485416
 20
1532.787911443788
 30
0.0
  0
VERTEX
  5
1C3E
330
1C3A
100
AcDbEntity
  8
0
 62
     6
370
     0
100
AcDbVertex
100
AcDb2dVertex
 10
2869.848126485416
 20
1524.776322214454
 30
0.0
  0
VERTEX
  5
1C3F
330
1C3A
100
AcDbEntity
  8
0
 62
     6
370
     0
100
AcDbVertex
100
AcDb2dVertex
 10
2868.849334194226
 20
1524.776322214454
 30
0.0
  0
SEQEND
  5
1C40
330
1C3A
100
AcDbEntity
  8
0
 62
     6
370
     0
  0
POLYLINE
  5
1C41
330
1F
100
AcDbEntity
  8
0
 62
     6
370
     0
100
AcDb2dPolyline
 66
     1
 10
0.0
 20
0.0
 30
0.0
 70
     1
  0
VERTEX
  5
1C42
330
1C41
100
AcDbEntity
  8
0
 62
     6
370
     0
100
AcDbVertex
100
AcDb2dVertex
 10
2873.503281253177
 20
1525.668860006582
 30
0.0
  0
VERTEX
  5
1C43
330
1C41
100
AcDbEntity
  8
0
 62
     6
370
     0
100
AcDbVertex
100
AcDb2dVertex
 10
2873.078263256925
 20
1525.626358206956
 30
0.0
  0
VERTEX
  5
1C44
330
1C41
100
AcDbEntity
  8
0
 62
     6
370
     0
100
AcDbVertex
100
AcDb2dVertex
 10
2871.654452969485
 20
1525.328845609581
 30
0.0
  0
VERTEX
  5
1C45
330
1C41
100
AcDbEntity
  8
0
 62
     6
370
     0
100
AcDbVertex
100
AcDb2dVertex
 10
2872.079470965735
 20
1524.882576713517
 30
0.0
  0
VERTEX
  5
1C46
330
1C41
100
AcDbEntity
  8
0
 62
     6
370
     0
100
AcDbVertex
100
AcDb2dVertex
 10
2872.100721865547
 20
1524.861325813704
 30
0.0
  0
VERTEX
  5
1C47
330
1C41
100
AcDbEntity
  8
0
 62
     6
370
     0
100
AcDbVertex
100
AcDb2dVertex
 10
2872.908256058425
 20
1524.712569515016
 30
0.0
  0
VERTEX
  5
1C48
330
1C41
100
AcDbEntity
  8
0
 62
     6
370
     0
100
AcDbVertex
100
AcDb2dVertex
 10
2873.652037551864
 20
1524.797573114267
 30
0.0
  0
SEQEND
  5
1C49
330
1C41
100
AcDbEntity
  8
0
 62
     6
370
     0
  0
POLYLINE
  5
1C4A
330
1F
100
AcDbEntity
  8
0
 62
     6
370
     0
100
AcDb2dPolyline
 66
     1
 10
0.0
 20
0.0
 30
0.0
 70
     1
  0
VERTEX
  5
1C4B
330
1C4A
100
AcDbEntity
  8
0
 62
     6
370
     0
100
AcDbVertex
100
AcDb2dVertex
 10
2872.525739861799
 20
1532.596653345476
 30
0.0
  0
VERTEX
  5
1C4C
330
1C4A
100
AcDbEntity
  8
0
 62
     6
370
     0
100
AcDbVertex
100
AcDb2dVertex
 10
2871.548198470421
 20
1532.001628150724
 30
0.0
  0
VERTEX
  5
1C4D
330
1C4A
100
AcDbEntity
  8
0
 62
     6
370
     0
100
AcDbVertex
100
AcDb2dVertex
 10
2871.548198470421
 20
1530.577817863283
 30
0.0
  0
VERTEX
  5
1C4E
330
1C4A
100
AcDbEntity
  8
0
 62
     6
370
     0
100
AcDbVertex
100
AcDb2dVertex
 10
2870.825667876794
 20
1530.577817863283
 30
0.0
  0
VERTEX
  5
1C4F
330
1C4A
100
AcDbEntity
  8
0
 62
     6
370
     0
100
AcDbVertex
100
AcDb2dVertex
 10
2870.825667876794
 20
1529.81278547003
 30
0.0
  0
VERTEX
  5
1C50
330
1C4A
100
AcDbEntity
  8
0
 62
     6
370
     0
100
AcDbVertex
100
AcDb2dVertex
 10
2871.548198470421
 20
1529.81278547003
 30
0.0
  0
VERTEX
  5
1C51
330
1C4A
100
AcDbEntity
  8
0
 62
     6
370
     0
100
AcDbVertex
100
AcDb2dVertex
 10
2871.548198470421
 20
1526.476394199459
 30
0.0
  0
VERTEX
  5
1C52
330
1C4A
100
AcDbEntity
  8
0
 62
     6
370
     0
100
AcDbVertex
100
AcDb2dVertex
 10
2871.548198470421
 20
1526.008874403582
 30
0.0
  0
VERTEX
  5
1C53
330
1C4A
100
AcDbEntity
  8
0
 62
     6
370
     0
100
AcDbVertex
100
AcDb2dVertex
 10
2871.654452969485
 20
1525.328845609581
 30
0.0
  0
VERTEX
  5
1C54
330
1C4A
100
AcDbEntity
  8
0
 62
     6
370
     0
100
AcDbVertex
100
AcDb2dVertex
 10
2873.078263256925
 20
1525.626358206956
 30
0.0
  0
VERTEX
  5
1C55
330
1C4A
100
AcDbEntity
  8
0
 62
     6
370
     0
100
AcDbVertex
100
AcDb2dVertex
 10
2872.738248859925
 20
1525.690110906394
 30
0.0
  0
VERTEX
  5
1C56
330
1C4A
100
AcDbEntity
  8
0
 62
     6
370
     0
100
AcDbVertex
100
AcDb2dVertex
 10
2872.568241661424
 20
1525.881369004707
 30
0.0
  0
VERTEX
  5
1C57
330
1C4A
100
AcDbEntity
  8
0
 62
     6
370
     0
100
AcDbVertex
100
AcDb2dVertex
 10
2872.525739861799
 20
1526.412641500021
 30
0.0
  0
VERTEX
  5
1C58
330
1C4A
100
AcDbEntity
  8
0
 62
     6
370
     0
100
AcDbVertex
100
AcDb2dVertex
 10
2872.525739861799
 20
1529.81278547003
 30
0.0
  0
VERTEX
  5
1C59
330
1C4A
100
AcDbEntity
  8
0
 62
     6
370
     0
100
AcDbVertex
100
AcDb2dVertex
 10
2873.503281253177
 20
1529.81278547003
 30
0.0
  0
VERTEX
  5
1C5A
330
1C4A
100
AcDbEntity
  8
0
 62
     6
370
     0
100
AcDbVertex
100
AcDb2dVertex
 10
2873.503281253177
 20
1530.577817863283
 30
0.0
  0
VERTEX
  5
1C5B
330
1C4A
100
AcDbEntity
  8
0
 62
     6
370
     0
100
AcDbVertex
100
AcDb2dVertex
 10
2872.525739861799
 20
1530.577817863283
 30
0.0
  0
SEQEND
  5
1C5C
330
1C4A
100
AcDbEntity
  8
0
 62
     6
370
     0
  0
POLYLINE
  5
1C5D
330
1F
100
AcDbEntity
  8
0
 62
     6
370
     0
100
AcDb2dPolyline
 66
     1
 10
0.0
 20
0.0
 30
0.0
 70
     1
  0
VERTEX
  5
1C5E
330
1C5D
100
AcDbEntity
  8
0
 62
     6
370
     0
100
AcDbVertex
100
AcDb2dVertex
 10
2879.219773302754
 20
1525.498852808081
 30
0.0
  0
VERTEX
  5
1C5F
330
1C5D
100
AcDbEntity
  8
0
 62
     6
370
     0
100
AcDbVertex
100
AcDb2dVertex
 10
2878.242231911377
 20
1525.498852808081
 30
0.0
  0
VERTEX
  5
1C60
330
1C5D
100
AcDbEntity
  8
0
 62
     6
370
     0
100
AcDbVertex
100
AcDb2dVertex
 10
2878.43349000969
 20
1524.776322214454
 30
0.0
  0
VERTEX
  5
1C61
330
1C5D
100
AcDbEntity
  8
0
 62
     6
370
     0
100
AcDbVertex
100
AcDb2dVertex
 10
2879.474784100505
 20
1524.776322214454
 30
0.0
  0
VERTEX
  5
1C62
330
1C5D
100
AcDbEntity
  8
0
 62
     6
370
     0
100
AcDbVertex
100
AcDb2dVertex
 10
2879.219773302754
 20
1525.477601908268
 30
0.0
  0
SEQEND
  5
1C63
330
1C5D
100
AcDbEntity
  8
0
 62
     6
370
     0
  0
POLYLINE
  5
1C64
330
1F
100
AcDbEntity
  8
0
 62
     6
370
     0
100
AcDb2dPolyline
 66
     1
 10
0.0
 20
0.0
 30
0.0
 70
     1
  0
VERTEX
  5
1C65
330
1C64
100
AcDbEntity
  8
0
 62
     6
370
     0
100
AcDbVertex
100
AcDb2dVertex
 10
2875.543367635182
 20
1527.963957186338
 30
0.0
  0
VERTEX
  5
1C66
330
1C64
100
AcDbEntity
  8
0
 62
     6
370
     0
100
AcDbVertex
100
AcDb2dVertex
 10
2874.842087941368
 20
1527.645193689149
 30
0.0
  0
VERTEX
  5
1C67
330
1C64
100
AcDbEntity
  8
0
 62
     6
370
     0
100
AcDbVertex
100
AcDb2dVertex
 10
2874.332066345866
 20
1527.092670294023
 30
0.0
  0
VERTEX
  5
1C68
330
1C64
100
AcDbEntity
  8
0
 62
     6
370
     0
100
AcDbVertex
100
AcDb2dVertex
 10
2874.140808247553
 20
1526.306387000958
 30
0.0
  0
VERTEX
  5
1C69
330
1C64
100
AcDbEntity
  8
0
 62
     6
370
     0
100
AcDbVertex
100
AcDb2dVertex
 10
2874.204560946991
 20
1525.775114505644
 30
0.0
  0
VERTEX
  5
1C6A
330
1C64
100
AcDbEntity
  8
0
 62
     6
370
     0
100
AcDbVertex
100
AcDb2dVertex
 10
2874.650829843055
 20
1525.116336611455
 30
0.0
  0
VERTEX
  5
1C6B
330
1C64
100
AcDbEntity
  8
0
 62
     6
370
     0
100
AcDbVertex
100
AcDb2dVertex
 10
2876.35090182806
 20
1525.413849208831
 30
0.0
  0
VERTEX
  5
1C6C
330
1C64
100
AcDbEntity
  8
0
 62
     6
370
     0
100
AcDbVertex
100
AcDb2dVertex
 10
2876.223396429184
 20
1525.413849208831
 30
0.0
  0
VERTEX
  5
1C6D
330
1C64
100
AcDbEntity
  8
0
 62
     6
370
     0
100
AcDbVertex
100
AcDb2dVertex
 10
2875.479614935744
 20
1525.690110906394
 30
0.0
  0
VERTEX
  5
1C6E
330
1C64
100
AcDbEntity
  8
0
 62
     6
370
     0
100
AcDbVertex
100
AcDb2dVertex
 10
2875.182102338369
 20
1526.327637900771
 30
0.0
  0
VERTEX
  5
1C6F
330
1C64
100
AcDbEntity
  8
0
 62
     6
370
     0
100
AcDbVertex
100
AcDb2dVertex
 10
2875.309607737245
 20
1526.795157696647
 30
0.0
  0
VERTEX
  5
1C70
330
1C64
100
AcDbEntity
  8
0
 62
     6
370
     0
100
AcDbVertex
100
AcDb2dVertex
 10
2875.69212393387
 20
1527.113921193835
 30
0.0
  0
VERTEX
  5
1C71
330
1C64
100
AcDbEntity
  8
0
 62
     6
370
     0
100
AcDbVertex
100
AcDb2dVertex
 10
2875.734625733495
 20
1527.135172093648
 30
0.0
  0
VERTEX
  5
1C72
330
1C64
100
AcDbEntity
  8
0
 62
     6
370
     0
100
AcDbVertex
100
AcDb2dVertex
 10
2876.563410826186
 20
1527.326430191961
 30
0.0
  0
VERTEX
  5
1C73
330
1C64
100
AcDbEntity
  8
0
 62
     6
370
     0
100
AcDbVertex
100
AcDb2dVertex
 10
2877.477199518125
 20
1527.475186490649
 30
0.0
  0
VERTEX
  5
1C74
330
1C64
100
AcDbEntity
  8
0
 62
     6
370
     0
100
AcDbVertex
100
AcDb2dVertex
 10
2878.157228312126
 20
1527.687695488775
 30
0.0
  0
SEQEND
  5
1C75
330
1C64
100
AcDbEntity
  8
0
 62
     6
370
     0
  0
POLYLINE
  5
1C76
330
1F
100
AcDbEntity
  8
0
 62
     6
370
     0
100
AcDb2dPolyline
 66
     1
 10
0.0
 20
0.0
 30
0.0
 70
     1
  0
VERTEX
  5
1C77
330
1C76
100
AcDbEntity
  8
0
 62
     6
370
     0
100
AcDbVertex
100
AcDb2dVertex
 10
2874.735833442305
 20
1529.919039969093
 30
0.0
  0
VERTEX
  5
1C78
330
1C76
100
AcDbEntity
  8
0
 62
     6
370
     0
100
AcDbVertex
100
AcDb2dVertex
 10
2874.587077143617
 20
1529.72778187078
 30
0.0
  0
VERTEX
  5
1C79
330
1C76
100
AcDbEntity
  8
0
 62
     6
370
     0
100
AcDbVertex
100
AcDb2dVertex
 10
2874.310815446053
 20
1528.920247677903
 30
0.0
  0
VERTEX
  5
1C7A
330
1C76
100
AcDbEntity
  8
0
 62
     6
370
     0
100
AcDbVertex
100
AcDb2dVertex
 10
2875.267105937619
 20
1528.792742279028
 30
0.0
  0
VERTEX
  5
1C7B
330
1C76
100
AcDbEntity
  8
0
 62
     6
370
     0
100
AcDbVertex
100
AcDb2dVertex
 10
2875.330858637056
 20
1529.005251277153
 30
0.0
  0
VERTEX
  5
1C7C
330
1C76
100
AcDbEntity
  8
0
 62
     6
370
     0
100
AcDbVertex
100
AcDb2dVertex
 10
2875.755876633308
 20
1529.64277827153
 30
0.0
  0
VERTEX
  5
1C7D
330
1C76
100
AcDbEntity
  8
0
 62
     6
370
     0
100
AcDbVertex
100
AcDb2dVertex
 10
2875.925883831808
 20
1529.749032770593
 30
0.0
  0
VERTEX
  5
1C7E
330
1C76
100
AcDbEntity
  8
0
 62
     6
370
     0
100
AcDbVertex
100
AcDb2dVertex
 10
2876.77591982431
 20
1529.897789069281
 30
0.0
  0
SEQEND
  5
1C7F
330
1C76
100
AcDbEntity
  8
0
 62
     6
370
     0
  0
POLYLINE
  5
1C80
330
1F
100
AcDbEntity
  8
0
 62
     6
370
     0
100
AcDb2dPolyline
 66
     1
 10
0.0
 20
0.0
 30
0.0
 70
     1
  0
VERTEX
  5
1C81
330
1C80
100
AcDbEntity
  8
0
 62
     6
370
     0
100
AcDbVertex
100
AcDb2dVertex
 10
2876.903425223185
 20
1530.705323262158
 30
0.0
  0
VERTEX
  5
1C82
330
1C80
100
AcDbEntity
  8
0
 62
     6
370
     0
100
AcDbVertex
100
AcDb2dVertex
 10
2876.372152727871
 20
1530.684072362345
 30
0.0
  0
VERTEX
  5
1C83
330
1C80
100
AcDbEntity
  8
0
 62
     6
370
     0
100
AcDbVertex
100
AcDb2dVertex
 10
2875.607120334619
 20
1530.514065163845
 30
0.0
  0
VERTEX
  5
1C84
330
1C80
100
AcDbEntity
  8
0
 62
     6
370
     0
100
AcDbVertex
100
AcDb2dVertex
 10
2875.352109536869
 20
1530.407810664782
 30
0.0
  0
VERTEX
  5
1C85
330
1C80
100
AcDbEntity
  8
0
 62
     6
370
     0
100
AcDbVertex
100
AcDb2dVertex
 10
2874.735833442305
 20
1529.919039969093
 30
0.0
  0
VERTEX
  5
1C86
330
1C80
100
AcDbEntity
  8
0
 62
     6
370
     0
100
AcDbVertex
100
AcDb2dVertex
 10
2876.77591982431
 20
1529.897789069281
 30
0.0
  0
VERTEX
  5
1C87
330
1C80
100
AcDbEntity
  8
0
 62
     6
370
     0
100
AcDbVertex
100
AcDb2dVertex
 10
2877.200937820561
 20
1529.855287269656
 30
0.0
  0
VERTEX
  5
1C88
330
1C80
100
AcDbEntity
  8
0
 62
     6
370
     0
100
AcDbVertex
100
AcDb2dVertex
 10
2877.880966614563
 20
1529.55777467228
 30
0.0
  0
VERTEX
  5
1C89
330
1C80
100
AcDbEntity
  8
0
 62
     6
370
     0
100
AcDbVertex
100
AcDb2dVertex
 10
2877.944719314001
 20
1529.494021972842
 30
0.0
  0
VERTEX
  5
1C8A
330
1C80
100
AcDbEntity
  8
0
 62
     6
370
     0
100
AcDbVertex
100
AcDb2dVertex
 10
2878.157228312126
 20
1528.707738679777
 30
0.0
  0
VERTEX
  5
1C8B
330
1C80
100
AcDbEntity
  8
0
 62
     6
370
     0
100
AcDbVertex
100
AcDb2dVertex
 10
2878.157228312126
 20
1528.452727882027
 30
0.0
  0
VERTEX
  5
1C8C
330
1C80
100
AcDbEntity
  8
0
 62
     6
370
     0
100
AcDbVertex
100
AcDb2dVertex
 10
2878.093475612688
 20
1528.431476982214
 30
0.0
  0
VERTEX
  5
1C8D
330
1C80
100
AcDbEntity
  8
0
 62
     6
370
     0
100
AcDbVertex
100
AcDb2dVertex
 10
2877.392195918874
 20
1528.261469783714
 30
0.0
  0
VERTEX
  5
1C8E
330
1C80
100
AcDbEntity
  8
0
 62
     6
370
     0
100
AcDbVertex
100
AcDb2dVertex
 10
2876.414654527497
 20
1528.112713485026
 30
0.0
  0
VERTEX
  5
1C8F
330
1C80
100
AcDbEntity
  8
0
 62
     6
370
     0
100
AcDbVertex
100
AcDb2dVertex
 10
2876.35090182806
 20
1528.112713485026
 30
0.0
  0
VERTEX
  5
1C90
330
1C80
100
AcDbEntity
  8
0
 62
     6
370
     0
100
AcDbVertex
100
AcDb2dVertex
 10
2875.543367635182
 20
1527.963957186338
 30
0.0
  0
VERTEX
  5
1C91
330
1C80
100
AcDbEntity
  8
0
 62
     6
370
     0
100
AcDbVertex
100
AcDb2dVertex
 10
2878.157228312126
 20
1527.687695488775
 30
0.0
  0
VERTEX
  5
1C92
330
1C80
100
AcDbEntity
  8
0
 62
     6
370
     0
100
AcDbVertex
100
AcDb2dVertex
 10
2878.157228312126
 20
1527.326430191961
 30
0.0
  0
VERTEX
  5
1C93
330
1C80
100
AcDbEntity
  8
0
 62
     6
370
     0
100
AcDbVertex
100
AcDb2dVertex
 10
2878.157228312126
 20
1527.113921193835
 30
0.0
  0
VERTEX
  5
1C94
330
1C80
100
AcDbEntity
  8
0
 62
     6
370
     0
100
AcDbVertex
100
AcDb2dVertex
 10
2878.008472013438
 20
1526.348888800584
 30
0.0
  0
VERTEX
  5
1C95
330
1C80
100
AcDbEntity
  8
0
 62
     6
370
     0
100
AcDbVertex
100
AcDb2dVertex
 10
2877.944719314001
 20
1526.242634301521
 30
0.0
  0
VERTEX
  5
1C96
330
1C80
100
AcDbEntity
  8
0
 62
     6
370
     0
100
AcDbVertex
100
AcDb2dVertex
 10
2877.34969411925
 20
1525.668860006582
 30
0.0
  0
VERTEX
  5
1C97
330
1C80
100
AcDbEntity
  8
0
 62
     6
370
     0
100
AcDbVertex
100
AcDb2dVertex
 10
2877.158436020936
 20
1525.583856407331
 30
0.0
  0
VERTEX
  5
1C98
330
1C80
100
AcDbEntity
  8
0
 62
     6
370
     0
100
AcDbVertex
100
AcDb2dVertex
 10
2876.35090182806
 20
1525.413849208831
 30
0.0
  0
VERTEX
  5
1C99
330
1C80
100
AcDbEntity
  8
0
 62
     6
370
     0
100
AcDbVertex
100
AcDb2dVertex
 10
2874.650829843055
 20
1525.116336611455
 30
0.0
  0
VERTEX
  5
1C9A
330
1C80
100
AcDbEntity
  8
0
 62
     6
370
     0
100
AcDbVertex
100
AcDb2dVertex
 10
2875.245855037806
 20
1524.776322214454
 30
0.0
  0
VERTEX
  5
1C9B
330
1C80
100
AcDbEntity
  8
0
 62
     6
370
     0
100
AcDbVertex
100
AcDb2dVertex
 10
2876.117141930121
 20
1524.648816815579
 30
0.0
  0
VERTEX
  5
1C9C
330
1C80
100
AcDbEntity
  8
0
 62
     6
370
     0
100
AcDbVertex
100
AcDb2dVertex
 10
2876.393403627684
 20
1524.670067715392
 30
0.0
  0
VERTEX
  5
1C9D
330
1C80
100
AcDbEntity
  8
0
 62
     6
370
     0
100
AcDbVertex
100
AcDb2dVertex
 10
2877.200937820561
 20
1524.840074913892
 30
0.0
  0
VERTEX
  5
1C9E
330
1C80
100
AcDbEntity
  8
0
 62
     6
370
     0
100
AcDbVertex
100
AcDb2dVertex
 10
2877.540952217563
 20
1524.98883121258
 30
0.0
  0
VERTEX
  5
1C9F
330
1C80
100
AcDbEntity
  8
0
 62
     6
370
     0
100
AcDbVertex
100
AcDb2dVertex
 10
2878.242231911377
 20
1525.498852808081
 30
0.0
  0
VERTEX
  5
1CA0
330
1C80
100
AcDbEntity
  8
0
 62
     6
370
     0
100
AcDbVertex
100
AcDb2dVertex
 10
2879.219773302754
 20
1525.498852808081
 30
0.0
  0
VERTEX
  5
1CA1
330
1C80
100
AcDbEntity
  8
0
 62
     6
370
     0
100
AcDbVertex
100
AcDb2dVertex
 10
2879.177271503129
 20
1526.115128902645
 30
0.0
  0
VERTEX
  5
1CA2
330
1C80
100
AcDbEntity
  8
0
 62
     6
370
     0
100
AcDbVertex
100
AcDb2dVertex
 10
2879.156020603316
 20
1527.198924793086
 30
0.0
  0
VERTEX
  5
1CA3
330
1C80
100
AcDbEntity
  8
0
 62
     6
370
     0
100
AcDbVertex
100
AcDb2dVertex
 10
2879.156020603316
 20
1528.516480581464
 30
0.0
  0
VERTEX
  5
1CA4
330
1C80
100
AcDbEntity
  8
0
 62
     6
370
     0
100
AcDbVertex
100
AcDb2dVertex
 10
2879.156020603316
 20
1528.622735080527
 30
0.0
  0
VERTEX
  5
1CA5
330
1C80
100
AcDbEntity
  8
0
 62
     6
370
     0
100
AcDbVertex
100
AcDb2dVertex
 10
2879.113518803692
 20
1529.430269273404
 30
0.0
  0
VERTEX
  5
1CA6
330
1C80
100
AcDbEntity
  8
0
 62
     6
370
     0
100
AcDbVertex
100
AcDb2dVertex
 10
2878.794755306504
 20
1530.089047167594
 30
0.0
  0
VERTEX
  5
1CA7
330
1C80
100
AcDbEntity
  8
0
 62
     6
370
     0
100
AcDbVertex
100
AcDb2dVertex
 10
2878.114726512502
 20
1530.535316063657
 30
0.0
  0
VERTEX
  5
1CA8
330
1C80
100
AcDbEntity
  8
0
 62
     6
370
     0
100
AcDbVertex
100
AcDb2dVertex
 10
2877.795963015314
 20
1530.620319662908
 30
0.0
  0
SEQEND
  5
1CA9
330
1C80
100
AcDbEntity
  8
0
 62
     6
370
     0
  0
POLYLINE
  5
1CAA
330
1F
100
AcDbEntity
  8
0
 62
     6
370
     0
100
AcDb2dPolyline
 66
     1
 10
0.0
 20
0.0
 30
0.0
 70
     1
  0
VERTEX
  5
1CAB
330
1CAA
100
AcDbEntity
  8
0
 62
     6
370
     0
100
AcDbVertex
100
AcDb2dVertex
 10
2887.74138412759
 20
1526.646401397959
 30
0.0
  0
VERTEX
  5
1CAC
330
1CAA
100
AcDbEntity
  8
0
 62
     6
370
     0
100
AcDbVertex
100
AcDb2dVertex
 10
2887.613878728715
 20
1526.348888800584
 30
0.0
  0
VERTEX
  5
1CAD
330
1CAA
100
AcDbEntity
  8
0
 62
     6
370
     0
100
AcDbVertex
100
AcDb2dVertex
 10
2887.146358932838
 20
1525.732612706019
 30
0.0
  0
VERTEX
  5
1CAE
330
1CAA
100
AcDbEntity
  8
0
 62
     6
370
     0
100
AcDbVertex
100
AcDb2dVertex
 10
2887.018853533963
 20
1525.647609106769
 30
0.0
  0
VERTEX
  5
1CAF
330
1CAA
100
AcDbEntity
  8
0
 62
     6
370
     0
100
AcDbVertex
100
AcDb2dVertex
 10
2886.211319341086
 20
1525.456351008456
 30
0.0
  0
VERTEX
  5
1CB0
330
1CAA
100
AcDbEntity
  8
0
 62
     6
370
     0
100
AcDbVertex
100
AcDb2dVertex
 10
2884.192483858893
 20
1525.435100108643
 30
0.0
  0
VERTEX
  5
1CB1
330
1CAA
100
AcDbEntity
  8
0
 62
     6
370
     0
100
AcDbVertex
100
AcDb2dVertex
 10
2884.638752754956
 20
1525.07383481183
 30
0.0
  0
VERTEX
  5
1CB2
330
1CAA
100
AcDbEntity
  8
0
 62
     6
370
     0
100
AcDbVertex
100
AcDb2dVertex
 10
2885.361283348584
 20
1524.755071314642
 30
0.0
  0
VERTEX
  5
1CB3
330
1CAA
100
AcDbEntity
  8
0
 62
     6
370
     0
100
AcDbVertex
100
AcDb2dVertex
 10
2886.211319341086
 20
1524.648816815579
 30
0.0
  0
VERTEX
  5
1CB4
330
1CAA
100
AcDbEntity
  8
0
 62
     6
370
     0
100
AcDbVertex
100
AcDb2dVertex
 10
2886.338824739961
 20
1524.648816815579
 30
0.0
  0
VERTEX
  5
1CB5
330
1CAA
100
AcDbEntity
  8
0
 62
     6
370
     0
100
AcDbVertex
100
AcDb2dVertex
 10
2887.188860732464
 20
1524.797573114267
 30
0.0
  0
VERTEX
  5
1CB6
330
1CAA
100
AcDbEntity
  8
0
 62
     6
370
     0
100
AcDbVertex
100
AcDb2dVertex
 10
2887.868889526466
 20
1525.137587511268
 30
0.0
  0
VERTEX
  5
1CB7
330
1CAA
100
AcDbEntity
  8
0
 62
     6
370
     0
100
AcDbVertex
100
AcDb2dVertex
 10
2887.890140426278
 20
1525.15883841108
 30
0.0
  0
VERTEX
  5
1CB8
330
1CAA
100
AcDbEntity
  8
0
 62
     6
370
     0
100
AcDbVertex
100
AcDb2dVertex
 10
2888.421412921592
 20
1525.753863605832
 30
0.0
  0
VERTEX
  5
1CB9
330
1CAA
100
AcDbEntity
  8
0
 62
     6
370
     0
100
AcDbVertex
100
AcDb2dVertex
 10
2888.761427318593
 20
1526.518895999084
 30
0.0
  0
SEQEND
  5
1CBA
330
1CAA
100
AcDbEntity
  8
0
 62
     6
370
     0
  0
POLYLINE
  5
1CBB
330
1F
100
AcDbEntity
  8
0
 62
     6
370
     0
100
AcDb2dPolyline
 66
     1
 10
0.0
 20
0.0
 30
0.0
 70
     1
  0
VERTEX
  5
1CBC
330
1CBB
100
AcDbEntity
  8
0
 62
     6
370
     0
100
AcDbVertex
100
AcDb2dVertex
 10
2884.213734758706
 20
1529.897789069281
 30
0.0
  0
VERTEX
  5
1CBD
330
1CBB
100
AcDbEntity
  8
0
 62
     6
370
     0
100
AcDbVertex
100
AcDb2dVertex
 10
2883.788716762455
 20
1529.281512974717
 30
0.0
  0
VERTEX
  5
1CBE
330
1CBB
100
AcDbEntity
  8
0
 62
     6
370
     0
100
AcDbVertex
100
AcDb2dVertex
 10
2883.533705964703
 20
1528.537731481277
 30
0.0
  0
VERTEX
  5
1CBF
330
1CBB
100
AcDbEntity
  8
0
 62
     6
370
     0
100
AcDbVertex
100
AcDb2dVertex
 10
2883.448702365453
 20
1527.623942789336
 30
0.0
  0
VERTEX
  5
1CC0
330
1CBB
100
AcDbEntity
  8
0
 62
     6
370
     0
100
AcDbVertex
100
AcDb2dVertex
 10
2883.533705964703
 20
1526.81640859646
 30
0.0
  0
VERTEX
  5
1CC1
330
1CBB
100
AcDbEntity
  8
0
 62
     6
370
     0
100
AcDbVertex
100
AcDb2dVertex
 10
2883.767465862641
 20
1526.051376203208
 30
0.0
  0
VERTEX
  5
1CC2
330
1CBB
100
AcDbEntity
  8
0
 62
     6
370
     0
100
AcDbVertex
100
AcDb2dVertex
 10
2884.192483858893
 20
1525.435100108643
 30
0.0
  0
VERTEX
  5
1CC3
330
1CBB
100
AcDbEntity
  8
0
 62
     6
370
     0
100
AcDbVertex
100
AcDb2dVertex
 10
2886.211319341086
 20
1525.456351008456
 30
0.0
  0
VERTEX
  5
1CC4
330
1CBB
100
AcDbEntity
  8
0
 62
     6
370
     0
100
AcDbVertex
100
AcDb2dVertex
 10
2885.680046845772
 20
1525.541354607706
 30
0.0
  0
VERTEX
  5
1CC5
330
1CBB
100
AcDbEntity
  8
0
 62
     6
370
     0
100
AcDbVertex
100
AcDb2dVertex
 10
2885.00001805177
 20
1525.966372603958
 30
0.0
  0
VERTEX
  5
1CC6
330
1CBB
100
AcDbEntity
  8
0
 62
     6
370
     0
100
AcDbVertex
100
AcDb2dVertex
 10
2884.638752754956
 20
1526.561397798709
 30
0.0
  0
VERTEX
  5
1CC7
330
1CBB
100
AcDbEntity
  8
0
 62
     6
370
     0
100
AcDbVertex
100
AcDb2dVertex
 10
2884.468745556457
 20
1527.432684691024
 30
0.0
  0
VERTEX
  5
1CC8
330
1CBB
100
AcDbEntity
  8
0
 62
     6
370
     0
100
AcDbVertex
100
AcDb2dVertex
 10
2888.782678218405
 20
1527.432684691024
 30
0.0
  0
VERTEX
  5
1CC9
330
1CBB
100
AcDbEntity
  8
0
 62
     6
370
     0
100
AcDbVertex
100
AcDb2dVertex
 10
2888.782678218405
 20
1527.687695488775
 30
0.0
  0
VERTEX
  5
1CCA
330
1CBB
100
AcDbEntity
  8
0
 62
     6
370
     0
100
AcDbVertex
100
AcDb2dVertex
 10
2884.511247356082
 20
1528.240218883901
 30
0.0
  0
VERTEX
  5
1CCB
330
1CBB
100
AcDbEntity
  8
0
 62
     6
370
     0
100
AcDbVertex
100
AcDb2dVertex
 10
2884.617501855144
 20
1528.792742279028
 30
0.0
  0
VERTEX
  5
1CCC
330
1CBB
100
AcDbEntity
  8
0
 62
     6
370
     0
100
AcDbVertex
100
AcDb2dVertex
 10
2885.042519851396
 20
1529.451520173217
 30
0.0
  0
VERTEX
  5
1CCD
330
1CBB
100
AcDbEntity
  8
0
 62
     6
370
     0
100
AcDbVertex
100
AcDb2dVertex
 10
2885.382534248396
 20
1529.706530970968
 30
0.0
  0
VERTEX
  5
1CCE
330
1CBB
100
AcDbEntity
  8
0
 62
     6
370
     0
100
AcDbVertex
100
AcDb2dVertex
 10
2886.168817541461
 20
1529.897789069281
 30
0.0
  0
SEQEND
  5
1CCF
330
1CBB
100
AcDbEntity
  8
0
 62
     6
370
     0
  0
POLYLINE
  5
1CD0
330
1F
100
AcDbEntity
  8
0
 62
     6
370
     0
100
AcDb2dPolyline
 66
     1
 10
0.0
 20
0.0
 30
0.0
 70
     1
  0
VERTEX
  5
1CD1
330
1CD0
100
AcDbEntity
  8
0
 62
     6
370
     0
100
AcDbVertex
100
AcDb2dVertex
 10
2886.147566641648
 20
1530.705323262158
 30
0.0
  0
VERTEX
  5
1CD2
330
1CD0
100
AcDbEntity
  8
0
 62
     6
370
     0
100
AcDbVertex
100
AcDb2dVertex
 10
2885.573792346709
 20
1530.662821462533
 30
0.0
  0
VERTEX
  5
1CD3
330
1CD0
100
AcDbEntity
  8
0
 62
     6
370
     0
100
AcDbVertex
100
AcDb2dVertex
 10
2884.830010853269
 20
1530.386559764969
 30
0.0
  0
VERTEX
  5
1CD4
330
1CD0
100
AcDbEntity
  8
0
 62
     6
370
     0
100
AcDbVertex
100
AcDb2dVertex
 10
2884.213734758706
 20
1529.897789069281
 30
0.0
  0
VERTEX
  5
1CD5
330
1CD0
100
AcDbEntity
  8
0
 62
     6
370
     0
100
AcDbVertex
100
AcDb2dVertex
 10
2886.168817541461
 20
1529.897789069281
 30
0.0
  0
VERTEX
  5
1CD6
330
1CD0
100
AcDbEntity
  8
0
 62
     6
370
     0
100
AcDbVertex
100
AcDb2dVertex
 10
2886.7425918364
 20
1529.791534570218
 30
0.0
  0
VERTEX
  5
1CD7
330
1CD0
100
AcDbEntity
  8
0
 62
     6
370
     0
100
AcDbVertex
100
AcDb2dVertex
 10
2887.380118830776
 20
1529.324014774342
 30
0.0
  0
VERTEX
  5
1CD8
330
1CD0
100
AcDbEntity
  8
0
 62
     6
370
     0
100
AcDbVertex
100
AcDb2dVertex
 10
2887.550126029277
 20
1529.090254876403
 30
0.0
  0
VERTEX
  5
1CD9
330
1CD0
100
AcDbEntity
  8
0
 62
     6
370
     0
100
AcDbVertex
100
AcDb2dVertex
 10
2887.762635027403
 20
1528.240218883901
 30
0.0
  0
VERTEX
  5
1CDA
330
1CD0
100
AcDbEntity
  8
0
 62
     6
370
     0
100
AcDbVertex
100
AcDb2dVertex
 10
2884.511247356082
 20
1528.240218883901
 30
0.0
  0
VERTEX
  5
1CDB
330
1CD0
100
AcDbEntity
  8
0
 62
     6
370
     0
100
AcDbVertex
100
AcDb2dVertex
 10
2888.782678218405
 20
1527.687695488775
 30
0.0
  0
VERTEX
  5
1CDC
330
1CD0
100
AcDbEntity
  8
0
 62
     6
370
     0
100
AcDbVertex
100
AcDb2dVertex
 10
2888.718925518968
 20
1528.537731481277
 30
0.0
  0
VERTEX
  5
1CDD
330
1CD0
100
AcDbEntity
  8
0
 62
     6
370
     0
100
AcDbVertex
100
AcDb2dVertex
 10
2888.463914721217
 20
1529.302763874529
 30
0.0
  0
VERTEX
  5
1CDE
330
1CD0
100
AcDbEntity
  8
0
 62
     6
370
     0
100
AcDbVertex
100
AcDb2dVertex
 10
2888.060147624779
 20
1529.919039969093
 30
0.0
  0
VERTEX
  5
1CDF
330
1CD0
100
AcDbEntity
  8
0
 62
     6
370
     0
100
AcDbVertex
100
AcDb2dVertex
 10
2887.677631428152
 20
1530.237803466282
 30
0.0
  0
VERTEX
  5
1CE0
330
1CD0
100
AcDbEntity
  8
0
 62
     6
370
     0
100
AcDbVertex
100
AcDb2dVertex
 10
2886.976351734338
 20
1530.599068763095
 30
0.0
  0
SEQEND
  5
1CE1
330
1CD0
100
AcDbEntity
  8
0
 62
     6
370
     0
  0
POLYLINE
  5
1CE2
330
1F
100
AcDbEntity
  8
0
 62
     6
370
     0
100
AcDb2dPolyline
 66
     1
 10
0.0
 20
0.0
 30
0.0
 70
     1
  0
VERTEX
  5
1CE3
330
1CE2
100
AcDbEntity
  8
0
 62
     6
370
     0
100
AcDbVertex
100
AcDb2dVertex
 10
2897.346790842866
 20
1525.413849208831
 30
0.0
  0
VERTEX
  5
1CE4
330
1CE2
100
AcDbEntity
  8
0
 62
     6
370
     0
100
AcDbVertex
100
AcDb2dVertex
 10
2894.074152271732
 20
1525.371347409206
 30
0.0
  0
VERTEX
  5
1CE5
330
1CE2
100
AcDbEntity
  8
0
 62
     6
370
     0
100
AcDbVertex
100
AcDb2dVertex
 10
2894.074152271732
 20
1525.371347409206
 30
0.0
  0
VERTEX
  5
1CE6
330
1CE2
100
AcDbEntity
  8
0
 62
     6
370
     0
100
AcDbVertex
100
AcDb2dVertex
 10
2894.711679266109
 20
1524.861325813704
 30
0.0
  0
VERTEX
  5
1CE7
330
1CE2
100
AcDbEntity
  8
0
 62
     6
370
     0
100
AcDbVertex
100
AcDb2dVertex
 10
2894.796682865359
 20
1524.81882401408
 30
0.0
  0
VERTEX
  5
1CE8
330
1CE2
100
AcDbEntity
  8
0
 62
     6
370
     0
100
AcDbVertex
100
AcDb2dVertex
 10
2895.604217058238
 20
1524.648816815579
 30
0.0
  0
VERTEX
  5
1CE9
330
1CE2
100
AcDbEntity
  8
0
 62
     6
370
     0
100
AcDbVertex
100
AcDb2dVertex
 10
2896.114238653737
 20
1524.712569515016
 30
0.0
  0
VERTEX
  5
1CEA
330
1CE2
100
AcDbEntity
  8
0
 62
     6
370
     0
100
AcDbVertex
100
AcDb2dVertex
 10
2896.87927104699
 20
1525.031333012205
 30
0.0
  0
SEQEND
  5
1CEB
330
1CE2
100
AcDbEntity
  8
0
 62
     6
370
     0
  0
POLYLINE
  5
1CEC
330
1F
100
AcDbEntity
  8
0
 62
     6
370
     0
100
AcDb2dPolyline
 66
     1
 10
0.0
 20
0.0
 30
0.0
 70
     1
  0
VERTEX
  5
1CED
330
1CEC
100
AcDbEntity
  8
0
 62
     6
370
     0
100
AcDbVertex
100
AcDb2dVertex
 10
2896.96427464624
 20
1530.322807065532
 30
0.0
  0
VERTEX
  5
1CEE
330
1CEC
100
AcDbEntity
  8
0
 62
     6
370
     0
100
AcDbVertex
100
AcDb2dVertex
 10
2895.582966158424
 20
1529.940290868906
 30
0.0
  0
VERTEX
  5
1CEF
330
1CEC
100
AcDbEntity
  8
0
 62
     6
370
     0
100
AcDbVertex
100
AcDb2dVertex
 10
2896.007984154675
 20
1529.855287269656
 30
0.0
  0
VERTEX
  5
1CF0
330
1CEC
100
AcDbEntity
  8
0
 62
     6
370
     0
100
AcDbVertex
100
AcDb2dVertex
 10
2896.666762048864
 20
1529.387767473779
 30
0.0
  0
VERTEX
  5
1CF1
330
1CEC
100
AcDbEntity
  8
0
 62
     6
370
     0
100
AcDbVertex
100
AcDb2dVertex
 10
2896.709263848489
 20
1529.302763874529
 30
0.0
  0
VERTEX
  5
1CF2
330
1CEC
100
AcDbEntity
  8
0
 62
     6
370
     0
100
AcDbVertex
100
AcDb2dVertex
 10
2897.006776445865
 20
1528.64398598034
 30
0.0
  0
VERTEX
  5
1CF3
330
1CEC
100
AcDbEntity
  8
0
 62
     6
370
     0
100
AcDbVertex
100
AcDb2dVertex
 10
2897.113030944928
 20
1527.7301972884
 30
0.0
  0
VERTEX
  5
1CF4
330
1CEC
100
AcDbEntity
  8
0
 62
     6
370
     0
100
AcDbVertex
100
AcDb2dVertex
 10
2897.113030944928
 20
1527.517688290274
 30
0.0
  0
VERTEX
  5
1CF5
330
1CEC
100
AcDbEntity
  8
0
 62
     6
370
     0
100
AcDbVertex
100
AcDb2dVertex
 10
2896.985525546053
 20
1526.646401397959
 30
0.0
  0
VERTEX
  5
1CF6
330
1CEC
100
AcDbEntity
  8
0
 62
     6
370
     0
100
AcDbVertex
100
AcDb2dVertex
 10
2896.645511149051
 20
1526.008874403582
 30
0.0
  0
VERTEX
  5
1CF7
330
1CEC
100
AcDbEntity
  8
0
 62
     6
370
     0
100
AcDbVertex
100
AcDb2dVertex
 10
2896.284245852238
 20
1525.668860006582
 30
0.0
  0
VERTEX
  5
1CF8
330
1CEC
100
AcDbEntity
  8
0
 62
     6
370
     0
100
AcDbVertex
100
AcDb2dVertex
 10
2895.519213458986
 20
1525.456351008456
 30
0.0
  0
VERTEX
  5
1CF9
330
1CEC
100
AcDbEntity
  8
0
 62
     6
370
     0
100
AcDbVertex
100
AcDb2dVertex
 10
2897.346790842866
 20
1525.413849208831
 30
0.0
  0
VERTEX
  5
1CFA
330
1CEC
100
AcDbEntity
  8
0
 62
     6
370
     0
100
AcDbVertex
100
AcDb2dVertex
 10
2897.814310638743
 20
1526.115128902645
 30
0.0
  0
VERTEX
  5
1CFB
330
1CEC
100
AcDbEntity
  8
0
 62
     6
370
     0
100
AcDbVertex
100
AcDb2dVertex
 10
2898.048070536681
 20
1526.858910396085
 30
0.0
  0
VERTEX
  5
1CFC
330
1CEC
100
AcDbEntity
  8
0
 62
     6
370
     0
100
AcDbVertex
100
AcDb2dVertex
 10
2898.111823236119
 20
1527.7301972884
 30
0.0
  0
VERTEX
  5
1CFD
330
1CEC
100
AcDbEntity
  8
0
 62
     6
370
     0
100
AcDbVertex
100
AcDb2dVertex
 10
2898.048070536681
 20
1528.473978781839
 30
0.0
  0
VERTEX
  5
1CFE
330
1CEC
100
AcDbEntity
  8
0
 62
     6
370
     0
100
AcDbVertex
100
AcDb2dVertex
 10
2897.835561538555
 20
1529.239011175091
 30
0.0
  0
VERTEX
  5
1CFF
330
1CEC
100
AcDbEntity
  8
0
 62
     6
370
     0
100
AcDbVertex
100
AcDb2dVertex
 10
2897.538048941179
 20
1529.770283670405
 30
0.0
  0
SEQEND
  5
1D00
330
1CEC
100
AcDbEntity
  8
0
 62
     6
370
     0
  0
POLYLINE
  5
1D01
330
1F
100
AcDbEntity
  8
0
 62
     6
370
     0
100
AcDb2dPolyline
 66
     1
 10
0.0
 20
0.0
 30
0.0
 70
     1
  0
VERTEX
  5
1D02
330
1D01
100
AcDbEntity
  8
0
 62
     6
370
     0
100
AcDbVertex
100
AcDb2dVertex
 10
2893.989148672483
 20
1530.577817863283
 30
0.0
  0
VERTEX
  5
1D03
330
1D01
100
AcDbEntity
  8
0
 62
     6
370
     0
100
AcDbVertex
100
AcDb2dVertex
 10
2893.096610880355
 20
1530.577817863283
 30
0.0
  0
VERTEX
  5
1D04
330
1D01
100
AcDbEntity
  8
0
 62
     6
370
     0
100
AcDbVertex
100
AcDb2dVertex
 10
2893.096610880355
 20
1522.566228633948
 30
0.0
  0
VERTEX
  5
1D05
330
1D01
100
AcDbEntity
  8
0
 62
     6
370
     0
100
AcDbVertex
100
AcDb2dVertex
 10
2894.074152271732
 20
1522.566228633948
 30
0.0
  0
VERTEX
  5
1D06
330
1D01
100
AcDbEntity
  8
0
 62
     6
370
     0
100
AcDbVertex
100
AcDb2dVertex
 10
2894.074152271732
 20
1525.371347409206
 30
0.0
  0
VERTEX
  5
1D07
330
1D01
100
AcDbEntity
  8
0
 62
     6
370
     0
100
AcDbVertex
100
AcDb2dVertex
 10
2897.346790842866
 20
1525.413849208831
 30
0.0
  0
VERTEX
  5
1D08
330
1D01
100
AcDbEntity
  8
0
 62
     6
370
     0
100
AcDbVertex
100
AcDb2dVertex
 10
2895.519213458986
 20
1525.456351008456
 30
0.0
  0
VERTEX
  5
1D09
330
1D01
100
AcDbEntity
  8
0
 62
     6
370
     0
100
AcDbVertex
100
AcDb2dVertex
 10
2895.094195462736
 20
1525.520103707894
 30
0.0
  0
VERTEX
  5
1D0A
330
1D01
100
AcDbEntity
  8
0
 62
     6
370
     0
100
AcDbVertex
100
AcDb2dVertex
 10
2894.435417568546
 20
1525.98762350377
 30
0.0
  0
VERTEX
  5
1D0B
330
1D01
100
AcDbEntity
  8
0
 62
     6
370
     0
100
AcDbVertex
100
AcDb2dVertex
 10
2894.371664869109
 20
1526.051376203208
 30
0.0
  0
VERTEX
  5
1D0C
330
1D01
100
AcDbEntity
  8
0
 62
     6
370
     0
100
AcDbVertex
100
AcDb2dVertex
 10
2894.074152271732
 20
1526.73140499721
 30
0.0
  0
VERTEX
  5
1D0D
330
1D01
100
AcDbEntity
  8
0
 62
     6
370
     0
100
AcDbVertex
100
AcDb2dVertex
 10
2893.989148672483
 20
1527.645193689149
 30
0.0
  0
VERTEX
  5
1D0E
330
1D01
100
AcDbEntity
  8
0
 62
     6
370
     0
100
AcDbVertex
100
AcDb2dVertex
 10
2893.989148672483
 20
1527.857702687275
 30
0.0
  0
VERTEX
  5
1D0F
330
1D01
100
AcDbEntity
  8
0
 62
     6
370
     0
100
AcDbVertex
100
AcDb2dVertex
 10
2894.116654071357
 20
1528.707738679777
 30
0.0
  0
VERTEX
  5
1D10
330
1D01
100
AcDbEntity
  8
0
 62
     6
370
     0
100
AcDbVertex
100
AcDb2dVertex
 10
2894.456668468358
 20
1529.345265674154
 30
0.0
  0
VERTEX
  5
1D11
330
1D01
100
AcDbEntity
  8
0
 62
     6
370
     0
100
AcDbVertex
100
AcDb2dVertex
 10
2894.839184664985
 20
1529.706530970968
 30
0.0
  0
VERTEX
  5
1D12
330
1D01
100
AcDbEntity
  8
0
 62
     6
370
     0
100
AcDbVertex
100
AcDb2dVertex
 10
2893.989148672483
 20
1529.81278547003
 30
0.0
  0
SEQEND
  5
1D13
330
1D01
100
AcDbEntity
  8
0
 62
     6
370
     0
  0
POLYLINE
  5
1D14
330
1F
100
AcDbEntity
  8
0
 62
     6
370
     0
100
AcDb2dPolyline
 66
     1
 10
0.0
 20
0.0
 30
0.0
 70
     1
  0
VERTEX
  5
1D15
330
1D14
100
AcDbEntity
  8
0
 62
     6
370
     0
100
AcDbVertex
100
AcDb2dVertex
 10
2895.667969757674
 20
1530.705323262158
 30
0.0
  0
VERTEX
  5
1D16
330
1D14
100
AcDbEntity
  8
0
 62
     6
370
     0
100
AcDbVertex
100
AcDb2dVertex
 10
2895.476711659361
 20
1530.705323262158
 30
0.0
  0
VERTEX
  5
1D17
330
1D14
100
AcDbEntity
  8
0
 62
     6
370
     0
100
AcDbVertex
100
AcDb2dVertex
 10
2894.690428366296
 20
1530.492814264032
 30
0.0
  0
VERTEX
  5
1D18
330
1D14
100
AcDbEntity
  8
0
 62
     6
370
     0
100
AcDbVertex
100
AcDb2dVertex
 10
2894.584173867233
 20
1530.407810664782
 30
0.0
  0
VERTEX
  5
1D19
330
1D14
100
AcDbEntity
  8
0
 62
     6
370
     0
100
AcDbVertex
100
AcDb2dVertex
 10
2893.989148672483
 20
1529.81278547003
 30
0.0
  0
VERTEX
  5
1D1A
330
1D14
100
AcDbEntity
  8
0
 62
     6
370
     0
100
AcDbVertex
100
AcDb2dVertex
 10
2894.839184664985
 20
1529.706530970968
 30
0.0
  0
VERTEX
  5
1D1B
330
1D14
100
AcDbEntity
  8
0
 62
     6
370
     0
100
AcDbVertex
100
AcDb2dVertex
 10
2895.582966158424
 20
1529.940290868906
 30
0.0
  0
VERTEX
  5
1D1C
330
1D14
100
AcDbEntity
  8
0
 62
     6
370
     0
100
AcDbVertex
100
AcDb2dVertex
 10
2896.96427464624
 20
1530.322807065532
 30
0.0
  0
VERTEX
  5
1D1D
330
1D14
100
AcDbEntity
  8
0
 62
     6
370
     0
100
AcDbVertex
100
AcDb2dVertex
 10
2896.496754850364
 20
1530.577817863283
 30
0.0
  0
SEQEND
  5
1D1E
330
1D14
100
AcDbEntity
  8
0
 62
     6
370
     0
  0
POLYLINE
  5
1D1F
330
1F
100
AcDbEntity
  8
0
 62
     6
370
     0
100
AcDb2dPolyline
 66
     1
 10
0.0
 20
0.0
 30
0.0
 70
     1
  0
VERTEX
  5
1D20
330
1D1F
100
AcDbEntity
  8
0
 62
     6
370
     0
100
AcDbVertex
100
AcDb2dVertex
 10
2903.615806287571
 20
1529.919039969093
 30
0.0
  0
VERTEX
  5
1D21
330
1D1F
100
AcDbEntity
  8
0
 62
     6
370
     0
100
AcDbVertex
100
AcDb2dVertex
 10
2901.660723504815
 20
1529.897789069281
 30
0.0
  0
VERTEX
  5
1D22
330
1D1F
100
AcDbEntity
  8
0
 62
     6
370
     0
100
AcDbVertex
100
AcDb2dVertex
 10
2902.213246899942
 20
1529.791534570218
 30
0.0
  0
VERTEX
  5
1D23
330
1D1F
100
AcDbEntity
  8
0
 62
     6
370
     0
100
AcDbVertex
100
AcDb2dVertex
 10
2902.872024794131
 20
1529.345265674154
 30
0.0
  0
VERTEX
  5
1D24
330
1D1F
100
AcDbEntity
  8
0
 62
     6
370
     0
100
AcDbVertex
100
AcDb2dVertex
 10
2902.914526593756
 20
1529.281512974717
 30
0.0
  0
VERTEX
  5
1D25
330
1D1F
100
AcDbEntity
  8
0
 62
     6
370
     0
100
AcDbVertex
100
AcDb2dVertex
 10
2903.254540990757
 20
1528.601484180715
 30
0.0
  0
VERTEX
  5
1D26
330
1D1F
100
AcDbEntity
  8
0
 62
     6
370
     0
100
AcDbVertex
100
AcDb2dVertex
 10
2903.36079548982
 20
1527.708946388587
 30
0.0
  0
VERTEX
  5
1D27
330
1D1F
100
AcDbEntity
  8
0
 62
     6
370
     0
100
AcDbVertex
100
AcDb2dVertex
 10
2903.36079548982
 20
1527.517688290274
 30
0.0
  0
VERTEX
  5
1D28
330
1D1F
100
AcDbEntity
  8
0
 62
     6
370
     0
100
AcDbVertex
100
AcDb2dVertex
 10
2903.212039191132
 20
1526.646401397959
 30
0.0
  0
VERTEX
  5
1D29
330
1D1F
100
AcDbEntity
  8
0
 62
     6
370
     0
100
AcDbVertex
100
AcDb2dVertex
 10
2902.872024794131
 20
1526.008874403582
 30
0.0
  0
VERTEX
  5
1D2A
330
1D1F
100
AcDbEntity
  8
0
 62
     6
370
     0
100
AcDbVertex
100
AcDb2dVertex
 10
2902.425755898067
 20
1525.647609106769
 30
0.0
  0
VERTEX
  5
1D2B
330
1D1F
100
AcDbEntity
  8
0
 62
     6
370
     0
100
AcDbVertex
100
AcDb2dVertex
 10
2901.660723504815
 20
1525.456351008456
 30
0.0
  0
VERTEX
  5
1D2C
330
1D1F
100
AcDbEntity
  8
0
 62
     6
370
     0
100
AcDbVertex
100
AcDb2dVertex
 10
2899.684389822247
 20
1525.435100108643
 30
0.0
  0
VERTEX
  5
1D2D
330
1D1F
100
AcDbEntity
  8
0
 62
     6
370
     0
100
AcDbVertex
100
AcDb2dVertex
 10
2900.088156918686
 20
1525.095085711642
 30
0.0
  0
VERTEX
  5
1D2E
330
1D1F
100
AcDbEntity
  8
0
 62
     6
370
     0
100
AcDbVertex
100
AcDb2dVertex
 10
2900.810687512313
 20
1524.755071314642
 30
0.0
  0
VERTEX
  5
1D2F
330
1D1F
100
AcDbEntity
  8
0
 62
     6
370
     0
100
AcDbVertex
100
AcDb2dVertex
 10
2901.660723504815
 20
1524.648816815579
 30
0.0
  0
VERTEX
  5
1D30
330
1D1F
100
AcDbEntity
  8
0
 62
     6
370
     0
100
AcDbVertex
100
AcDb2dVertex
 10
2902.298250499192
 20
1524.712569515016
 30
0.0
  0
VERTEX
  5
1D31
330
1D1F
100
AcDbEntity
  8
0
 62
     6
370
     0
100
AcDbVertex
100
AcDb2dVertex
 10
2903.063282892444
 20
1525.010082112392
 30
0.0
  0
VERTEX
  5
1D32
330
1D1F
100
AcDbEntity
  8
0
 62
     6
370
     0
100
AcDbVertex
100
AcDb2dVertex
 10
2903.530802688321
 20
1525.350096509393
 30
0.0
  0
VERTEX
  5
1D33
330
1D1F
100
AcDbEntity
  8
0
 62
     6
370
     0
100
AcDbVertex
100
AcDb2dVertex
 10
2904.040824283822
 20
1526.008874403582
 30
0.0
  0
VERTEX
  5
1D34
330
1D1F
100
AcDbEntity
  8
0
 62
     6
370
     0
100
AcDbVertex
100
AcDb2dVertex
 10
2904.083326083448
 20
1526.115128902645
 30
0.0
  0
VERTEX
  5
1D35
330
1D1F
100
AcDbEntity
  8
0
 62
     6
370
     0
100
AcDbVertex
100
AcDb2dVertex
 10
2904.295835081573
 20
1526.837659496272
 30
0.0
  0
VERTEX
  5
1D36
330
1D1F
100
AcDbEntity
  8
0
 62
     6
370
     0
100
AcDbVertex
100
AcDb2dVertex
 10
2904.359587781011
 20
1527.751448188212
 30
0.0
  0
VERTEX
  5
1D37
330
1D1F
100
AcDbEntity
  8
0
 62
     6
370
     0
100
AcDbVertex
100
AcDb2dVertex
 10
2904.295835081573
 20
1528.558982381088
 30
0.0
  0
VERTEX
  5
1D38
330
1D1F
100
AcDbEntity
  8
0
 62
     6
370
     0
100
AcDbVertex
100
AcDb2dVertex
 10
2904.040824283822
 20
1529.302763874529
 30
0.0
  0
SEQEND
  5
1D39
330
1D1F
100
AcDbEntity
  8
0
 62
     6
370
     0
  0
POLYLINE
  5
1D3A
330
1F
100
AcDbEntity
  8
0
 62
     6
370
     0
100
AcDb2dPolyline
 66
     1
 10
0.0
 20
0.0
 30
0.0
 70
     1
  0
VERTEX
  5
1D3B
330
1D3A
100
AcDbEntity
  8
0
 62
     6
370
     0
100
AcDbVertex
100
AcDb2dVertex
 10
2901.660723504815
 20
1530.705323262158
 30
0.0
  0
VERTEX
  5
1D3C
330
1D3A
100
AcDbEntity
  8
0
 62
     6
370
     0
100
AcDbVertex
100
AcDb2dVertex
 10
2901.299458208002
 20
1530.684072362345
 30
0.0
  0
VERTEX
  5
1D3D
330
1D3A
100
AcDbEntity
  8
0
 62
     6
370
     0
100
AcDbVertex
100
AcDb2dVertex
 10
2900.513174914938
 20
1530.492814264032
 30
0.0
  0
VERTEX
  5
1D3E
330
1D3A
100
AcDbEntity
  8
0
 62
     6
370
     0
100
AcDbVertex
100
AcDb2dVertex
 10
2899.833146120935
 20
1530.067796267781
 30
0.0
  0
VERTEX
  5
1D3F
330
1D3A
100
AcDbEntity
  8
0
 62
     6
370
     0
100
AcDbVertex
100
AcDb2dVertex
 10
2899.70564072206
 20
1529.940290868906
 30
0.0
  0
VERTEX
  5
1D40
330
1D3A
100
AcDbEntity
  8
0
 62
     6
370
     0
100
AcDbVertex
100
AcDb2dVertex
 10
2899.280622725809
 20
1529.345265674154
 30
0.0
  0
VERTEX
  5
1D41
330
1D3A
100
AcDbEntity
  8
0
 62
     6
370
     0
100
AcDbVertex
100
AcDb2dVertex
 10
2899.025611928058
 20
1528.601484180715
 30
0.0
  0
VERTEX
  5
1D42
330
1D3A
100
AcDbEntity
  8
0
 62
     6
370
     0
100
AcDbVertex
100
AcDb2dVertex
 10
2898.940608328808
 20
1527.687695488775
 30
0.0
  0
VERTEX
  5
1D43
330
1D3A
100
AcDbEntity
  8
0
 62
     6
370
     0
100
AcDbVertex
100
AcDb2dVertex
 10
2899.025611928058
 20
1526.795157696647
 30
0.0
  0
VERTEX
  5
1D44
330
1D3A
100
AcDbEntity
  8
0
 62
     6
370
     0
100
AcDbVertex
100
AcDb2dVertex
 10
2899.259371825996
 20
1526.030125303395
 30
0.0
  0
VERTEX
  5
1D45
330
1D3A
100
AcDbEntity
  8
0
 62
     6
370
     0
100
AcDbVertex
100
AcDb2dVertex
 10
2899.684389822247
 20
1525.435100108643
 30
0.0
  0
VERTEX
  5
1D46
330
1D3A
100
AcDbEntity
  8
0
 62
     6
370
     0
100
AcDbVertex
100
AcDb2dVertex
 10
2901.660723504815
 20
1525.456351008456
 30
0.0
  0
VERTEX
  5
1D47
330
1D3A
100
AcDbEntity
  8
0
 62
     6
370
     0
100
AcDbVertex
100
AcDb2dVertex
 10
2901.086949209876
 20
1525.562605507519
 30
0.0
  0
VERTEX
  5
1D48
330
1D3A
100
AcDbEntity
  8
0
 62
     6
370
     0
100
AcDbVertex
100
AcDb2dVertex
 10
2900.428171315688
 20
1526.008874403582
 30
0.0
  0
VERTEX
  5
1D49
330
1D3A
100
AcDbEntity
  8
0
 62
     6
370
     0
100
AcDbVertex
100
AcDb2dVertex
 10
2900.364418616249
 20
1526.093878002833
 30
0.0
  0
VERTEX
  5
1D4A
330
1D3A
100
AcDbEntity
  8
0
 62
     6
370
     0
100
AcDbVertex
100
AcDb2dVertex
 10
2900.045655119062
 20
1526.773906796835
 30
0.0
  0
VERTEX
  5
1D4B
330
1D3A
100
AcDbEntity
  8
0
 62
     6
370
     0
100
AcDbVertex
100
AcDb2dVertex
 10
2899.939400619998
 20
1527.687695488775
 30
0.0
  0
VERTEX
  5
1D4C
330
1D3A
100
AcDbEntity
  8
0
 62
     6
370
     0
100
AcDbVertex
100
AcDb2dVertex
 10
2899.939400619998
 20
1527.836451787463
 30
0.0
  0
VERTEX
  5
1D4D
330
1D3A
100
AcDbEntity
  8
0
 62
     6
370
     0
100
AcDbVertex
100
AcDb2dVertex
 10
2900.088156918686
 20
1528.707738679777
 30
0.0
  0
VERTEX
  5
1D4E
330
1D3A
100
AcDbEntity
  8
0
 62
     6
370
     0
100
AcDbVertex
100
AcDb2dVertex
 10
2900.428171315688
 20
1529.345265674154
 30
0.0
  0
VERTEX
  5
1D4F
330
1D3A
100
AcDbEntity
  8
0
 62
     6
370
     0
100
AcDbVertex
100
AcDb2dVertex
 10
2900.874440211751
 20
1529.706530970968
 30
0.0
  0
VERTEX
  5
1D50
330
1D3A
100
AcDbEntity
  8
0
 62
     6
370
     0
100
AcDbVertex
100
AcDb2dVertex
 10
2901.660723504815
 20
1529.897789069281
 30
0.0
  0
VERTEX
  5
1D51
330
1D3A
100
AcDbEntity
  8
0
 62
     6
370
     0
100
AcDbVertex
100
AcDb2dVertex
 10
2903.615806287571
 20
1529.919039969093
 30
0.0
  0
VERTEX
  5
1D52
330
1D3A
100
AcDbEntity
  8
0
 62
     6
370
     0
100
AcDbVertex
100
AcDb2dVertex
 10
2903.212039191132
 20
1530.259054366094
 30
0.0
  0
VERTEX
  5
1D53
330
1D3A
100
AcDbEntity
  8
0
 62
     6
370
     0
100
AcDbVertex
100
AcDb2dVertex
 10
2902.489508597505
 20
1530.599068763095
 30
0.0
  0
SEQEND
  5
1D54
330
1D3A
100
AcDbEntity
  8
0
 62
     6
370
     0
  0
POLYLINE
  5
1D55
330
1F
100
AcDbEntity
  8
0
 62
     6
370
     0
100
AcDb2dPolyline
 66
     1
 10
0.0
 20
0.0
 30
0.0
 70
     1
  0
VERTEX
  5
1D56
330
1D55
100
AcDbEntity
  8
0
 62
     6
370
     0
100
AcDbVertex
100
AcDb2dVertex
 10
2907.653477251957
 20
1525.668860006582
 30
0.0
  0
VERTEX
  5
1D57
330
1D55
100
AcDbEntity
  8
0
 62
     6
370
     0
100
AcDbVertex
100
AcDb2dVertex
 10
2907.228459255705
 20
1525.626358206956
 30
0.0
  0
VERTEX
  5
1D58
330
1D55
100
AcDbEntity
  8
0
 62
     6
370
     0
100
AcDbVertex
100
AcDb2dVertex
 10
2905.804648968264
 20
1525.328845609581
 30
0.0
  0
VERTEX
  5
1D59
330
1D55
100
AcDbEntity
  8
0
 62
     6
370
     0
100
AcDbVertex
100
AcDb2dVertex
 10
2906.229666964515
 20
1524.882576713517
 30
0.0
  0
VERTEX
  5
1D5A
330
1D55
100
AcDbEntity
  8
0
 62
     6
370
     0
100
AcDbVertex
100
AcDb2dVertex
 10
2906.250917864328
 20
1524.861325813704
 30
0.0
  0
VERTEX
  5
1D5B
330
1D55
100
AcDbEntity
  8
0
 62
     6
370
     0
100
AcDbVertex
100
AcDb2dVertex
 10
2907.058452057205
 20
1524.712569515016
 30
0.0
  0
VERTEX
  5
1D5C
330
1D55
100
AcDbEntity
  8
0
 62
     6
370
     0
100
AcDbVertex
100
AcDb2dVertex
 10
2907.802233550644
 20
1524.797573114267
 30
0.0
  0
SEQEND
  5
1D5D
330
1D55
100
AcDbEntity
  8
0
 62
     6
370
     0
  0
POLYLINE
  5
1D5E
330
1F
100
AcDbEntity
  8
0
 62
     6
370
     0
100
AcDb2dPolyline
 66
     1
 10
0.0
 20
0.0
 30
0.0
 70
     1
  0
VERTEX
  5
1D5F
330
1D5E
100
AcDbEntity
  8
0
 62
     6
370
     0
100
AcDbVertex
100
AcDb2dVertex
 10
2906.67593586058
 20
1532.596653345476
 30
0.0
  0
VERTEX
  5
1D60
330
1D5E
100
AcDbEntity
  8
0
 62
     6
370
     0
100
AcDbVertex
100
AcDb2dVertex
 10
2905.698394469201
 20
1532.001628150724
 30
0.0
  0
VERTEX
  5
1D61
330
1D5E
100
AcDbEntity
  8
0
 62
     6
370
     0
100
AcDbVertex
100
AcDb2dVertex
 10
2905.698394469201
 20
1530.577817863283
 30
0.0
  0
VERTEX
  5
1D62
330
1D5E
100
AcDbEntity
  8
0
 62
     6
370
     0
100
AcDbVertex
100
AcDb2dVertex
 10
2904.975863875574
 20
1530.577817863283
 30
0.0
  0
VERTEX
  5
1D63
330
1D5E
100
AcDbEntity
  8
0
 62
     6
370
     0
100
AcDbVertex
100
AcDb2dVertex
 10
2904.975863875574
 20
1529.81278547003
 30
0.0
  0
VERTEX
  5
1D64
330
1D5E
100
AcDbEntity
  8
0
 62
     6
370
     0
100
AcDbVertex
100
AcDb2dVertex
 10
2905.698394469201
 20
1529.81278547003
 30
0.0
  0
VERTEX
  5
1D65
330
1D5E
100
AcDbEntity
  8
0
 62
     6
370
     0
100
AcDbVertex
100
AcDb2dVertex
 10
2905.698394469201
 20
1526.476394199459
 30
0.0
  0
VERTEX
  5
1D66
330
1D5E
100
AcDbEntity
  8
0
 62
     6
370
     0
100
AcDbVertex
100
AcDb2dVertex
 10
2905.698394469201
 20
1526.008874403582
 30
0.0
  0
VERTEX
  5
1D67
330
1D5E
100
AcDbEntity
  8
0
 62
     6
370
     0
100
AcDbVertex
100
AcDb2dVertex
 10
2905.804648968264
 20
1525.328845609581
 30
0.0
  0
VERTEX
  5
1D68
330
1D5E
100
AcDbEntity
  8
0
 62
     6
370
     0
100
AcDbVertex
100
AcDb2dVertex
 10
2907.228459255705
 20
1525.626358206956
 30
0.0
  0
VERTEX
  5
1D69
330
1D5E
100
AcDbEntity
  8
0
 62
     6
370
     0
100
AcDbVertex
100
AcDb2dVertex
 10
2906.888444858705
 20
1525.690110906394
 30
0.0
  0
VERTEX
  5
1D6A
330
1D5E
100
AcDbEntity
  8
0
 62
     6
370
     0
100
AcDbVertex
100
AcDb2dVertex
 10
2906.718437660204
 20
1525.881369004707
 30
0.0
  0
VERTEX
  5
1D6B
330
1D5E
100
AcDbEntity
  8
0
 62
     6
370
     0
100
AcDbVertex
100
AcDb2dVertex
 10
2906.67593586058
 20
1526.412641500021
 30
0.0
  0
VERTEX
  5
1D6C
330
1D5E
100
AcDbEntity
  8
0
 62
     6
370
     0
100
AcDbVertex
100
AcDb2dVertex
 10
2906.67593586058
 20
1529.81278547003
 30
0.0
  0
VERTEX
  5
1D6D
330
1D5E
100
AcDbEntity
  8
0
 62
     6
370
     0
100
AcDbVertex
100
AcDb2dVertex
 10
2907.653477251957
 20
1529.81278547003
 30
0.0
  0
VERTEX
  5
1D6E
330
1D5E
100
AcDbEntity
  8
0
 62
     6
370
     0
100
AcDbVertex
100
AcDb2dVertex
 10
2907.653477251957
 20
1530.577817863283
 30
0.0
  0
VERTEX
  5
1D6F
330
1D5E
100
AcDbEntity
  8
0
 62
     6
370
     0
100
AcDbVertex
100
AcDb2dVertex
 10
2906.67593586058
 20
1530.577817863283
 30
0.0
  0
SEQEND
  5
1D70
330
1D5E
100
AcDbEntity
  8
0
 62
     6
370
     0
  0
POLYLINE
  5
1D71
330
1F
100
AcDbEntity
  8
0
 62
     6
370
     0
100
AcDb2dPolyline
 66
     1
 10
0.0
 20
0.0
 30
0.0
 70
     1
  0
VERTEX
  5
1D72
330
1D71
100
AcDbEntity
  8
0
 62
     6
370
     0
100
AcDbVertex
100
AcDb2dVertex
 10
2912.58368600847
 20
1526.646401397959
 30
0.0
  0
VERTEX
  5
1D73
330
1D71
100
AcDbEntity
  8
0
 62
     6
370
     0
100
AcDbVertex
100
AcDb2dVertex
 10
2912.456180609595
 20
1526.348888800584
 30
0.0
  0
VERTEX
  5
1D74
330
1D71
100
AcDbEntity
  8
0
 62
     6
370
     0
100
AcDbVertex
100
AcDb2dVertex
 10
2911.967409913906
 20
1525.732612706019
 30
0.0
  0
VERTEX
  5
1D75
330
1D71
100
AcDbEntity
  8
0
 62
     6
370
     0
100
AcDbVertex
100
AcDb2dVertex
 10
2911.83990451503
 20
1525.647609106769
 30
0.0
  0
VERTEX
  5
1D76
330
1D71
100
AcDbEntity
  8
0
 62
     6
370
     0
100
AcDbVertex
100
AcDb2dVertex
 10
2911.053621221966
 20
1525.456351008456
 30
0.0
  0
VERTEX
  5
1D77
330
1D71
100
AcDbEntity
  8
0
 62
     6
370
     0
100
AcDbVertex
100
AcDb2dVertex
 10
2909.034785739773
 20
1525.435100108643
 30
0.0
  0
VERTEX
  5
1D78
330
1D71
100
AcDbEntity
  8
0
 62
     6
370
     0
100
AcDbVertex
100
AcDb2dVertex
 10
2909.481054635837
 20
1525.07383481183
 30
0.0
  0
VERTEX
  5
1D79
330
1D71
100
AcDbEntity
  8
0
 62
     6
370
     0
100
AcDbVertex
100
AcDb2dVertex
 10
2910.182334329651
 20
1524.755071314642
 30
0.0
  0
VERTEX
  5
1D7A
330
1D71
100
AcDbEntity
  8
0
 62
     6
370
     0
100
AcDbVertex
100
AcDb2dVertex
 10
2911.053621221966
 20
1524.648816815579
 30
0.0
  0
VERTEX
  5
1D7B
330
1D71
100
AcDbEntity
  8
0
 62
     6
370
     0
100
AcDbVertex
100
AcDb2dVertex
 10
2911.181126620841
 20
1524.648816815579
 30
0.0
  0
VERTEX
  5
1D7C
330
1D71
100
AcDbEntity
  8
0
 62
     6
370
     0
100
AcDbVertex
100
AcDb2dVertex
 10
2912.031162613344
 20
1524.797573114267
 30
0.0
  0
VERTEX
  5
1D7D
330
1D71
100
AcDbEntity
  8
0
 62
     6
370
     0
100
AcDbVertex
100
AcDb2dVertex
 10
2912.711191407345
 20
1525.137587511268
 30
0.0
  0
VERTEX
  5
1D7E
330
1D71
100
AcDbEntity
  8
0
 62
     6
370
     0
100
AcDbVertex
100
AcDb2dVertex
 10
2912.732442307158
 20
1525.15883841108
 30
0.0
  0
VERTEX
  5
1D7F
330
1D71
100
AcDbEntity
  8
0
 62
     6
370
     0
100
AcDbVertex
100
AcDb2dVertex
 10
2913.263714802472
 20
1525.753863605832
 30
0.0
  0
VERTEX
  5
1D80
330
1D71
100
AcDbEntity
  8
0
 62
     6
370
     0
100
AcDbVertex
100
AcDb2dVertex
 10
2913.603729199472
 20
1526.518895999084
 30
0.0
  0
SEQEND
  5
1D81
330
1D71
100
AcDbEntity
  8
0
 62
     6
370
     0
  0
POLYLINE
  5
1D82
330
1F
100
AcDbEntity
  8
0
 62
     6
370
     0
100
AcDb2dPolyline
 66
     1
 10
0.0
 20
0.0
 30
0.0
 70
     1
  0
VERTEX
  5
1D83
330
1D82
100
AcDbEntity
  8
0
 62
     6
370
     0
100
AcDbVertex
100
AcDb2dVertex
 10
2909.034785739773
 20
1529.897789069281
 30
0.0
  0
VERTEX
  5
1D84
330
1D82
100
AcDbEntity
  8
0
 62
     6
370
     0
100
AcDbVertex
100
AcDb2dVertex
 10
2908.631018643335
 20
1529.281512974717
 30
0.0
  0
VERTEX
  5
1D85
330
1D82
100
AcDbEntity
  8
0
 62
     6
370
     0
100
AcDbVertex
100
AcDb2dVertex
 10
2908.376007845584
 20
1528.537731481277
 30
0.0
  0
VERTEX
  5
1D86
330
1D82
100
AcDbEntity
  8
0
 62
     6
370
     0
100
AcDbVertex
100
AcDb2dVertex
 10
2908.291004246333
 20
1527.623942789336
 30
0.0
  0
VERTEX
  5
1D87
330
1D82
100
AcDbEntity
  8
0
 62
     6
370
     0
100
AcDbVertex
100
AcDb2dVertex
 10
2908.354756945771
 20
1526.81640859646
 30
0.0
  0
VERTEX
  5
1D88
330
1D82
100
AcDbEntity
  8
0
 62
     6
370
     0
100
AcDbVertex
100
AcDb2dVertex
 10
2908.609767743522
 20
1526.051376203208
 30
0.0
  0
VERTEX
  5
1D89
330
1D82
100
AcDbEntity
  8
0
 62
     6
370
     0
100
AcDbVertex
100
AcDb2dVertex
 10
2909.034785739773
 20
1525.435100108643
 30
0.0
  0
VERTEX
  5
1D8A
330
1D82
100
AcDbEntity
  8
0
 62
     6
370
     0
100
AcDbVertex
100
AcDb2dVertex
 10
2911.053621221966
 20
1525.456351008456
 30
0.0
  0
VERTEX
  5
1D8B
330
1D82
100
AcDbEntity
  8
0
 62
     6
370
     0
100
AcDbVertex
100
AcDb2dVertex
 10
2910.522348726652
 20
1525.541354607706
 30
0.0
  0
VERTEX
  5
1D8C
330
1D82
100
AcDbEntity
  8
0
 62
     6
370
     0
100
AcDbVertex
100
AcDb2dVertex
 10
2909.84231993265
 20
1525.966372603958
 30
0.0
  0
VERTEX
  5
1D8D
330
1D82
100
AcDbEntity
  8
0
 62
     6
370
     0
100
AcDbVertex
100
AcDb2dVertex
 10
2909.481054635837
 20
1526.561397798709
 30
0.0
  0
VERTEX
  5
1D8E
330
1D82
100
AcDbEntity
  8
0
 62
     6
370
     0
100
AcDbVertex
100
AcDb2dVertex
 10
2909.311047437336
 20
1527.432684691024
 30
0.0
  0
VERTEX
  5
1D8F
330
1D82
100
AcDbEntity
  8
0
 62
     6
370
     0
100
AcDbVertex
100
AcDb2dVertex
 10
2913.624980099286
 20
1527.432684691024
 30
0.0
  0
VERTEX
  5
1D90
330
1D82
100
AcDbEntity
  8
0
 62
     6
370
     0
100
AcDbVertex
100
AcDb2dVertex
 10
2913.624980099286
 20
1527.687695488775
 30
0.0
  0
VERTEX
  5
1D91
330
1D82
100
AcDbEntity
  8
0
 62
     6
370
     0
100
AcDbVertex
100
AcDb2dVertex
 10
2909.353549236961
 20
1528.240218883901
 30
0.0
  0
VERTEX
  5
1D92
330
1D82
100
AcDbEntity
  8
0
 62
     6
370
     0
100
AcDbVertex
100
AcDb2dVertex
 10
2909.459803736024
 20
1528.792742279028
 30
0.0
  0
VERTEX
  5
1D93
330
1D82
100
AcDbEntity
  8
0
 62
     6
370
     0
100
AcDbVertex
100
AcDb2dVertex
 10
2909.863570832463
 20
1529.451520173217
 30
0.0
  0
VERTEX
  5
1D94
330
1D82
100
AcDbEntity
  8
0
 62
     6
370
     0
100
AcDbVertex
100
AcDb2dVertex
 10
2910.224836129276
 20
1529.706530970968
 30
0.0
  0
VERTEX
  5
1D95
330
1D82
100
AcDbEntity
  8
0
 62
     6
370
     0
100
AcDbVertex
100
AcDb2dVertex
 10
2911.011119422341
 20
1529.897789069281
 30
0.0
  0
SEQEND
  5
1D96
330
1D82
100
AcDbEntity
  8
0
 62
     6
370
     0
  0
POLYLINE
  5
1D97
330
1F
100
AcDbEntity
  8
0
 62
     6
370
     0
100
AcDb2dPolyline
 66
     1
 10
0.0
 20
0.0
 30
0.0
 70
     1
  0
VERTEX
  5
1D98
330
1D97
100
AcDbEntity
  8
0
 62
     6
370
     0
100
AcDbVertex
100
AcDb2dVertex
 10
2910.989868522528
 20
1530.705323262158
 30
0.0
  0
VERTEX
  5
1D99
330
1D97
100
AcDbEntity
  8
0
 62
     6
370
     0
100
AcDbVertex
100
AcDb2dVertex
 10
2910.416094227589
 20
1530.662821462533
 30
0.0
  0
VERTEX
  5
1D9A
330
1D97
100
AcDbEntity
  8
0
 62
     6
370
     0
100
AcDbVertex
100
AcDb2dVertex
 10
2909.67231273415
 20
1530.386559764969
 30
0.0
  0
VERTEX
  5
1D9B
330
1D97
100
AcDbEntity
  8
0
 62
     6
370
     0
100
AcDbVertex
100
AcDb2dVertex
 10
2909.034785739773
 20
1529.897789069281
 30
0.0
  0
VERTEX
  5
1D9C
330
1D97
100
AcDbEntity
  8
0
 62
     6
370
     0
100
AcDbVertex
100
AcDb2dVertex
 10
2911.011119422341
 20
1529.897789069281
 30
0.0
  0
VERTEX
  5
1D9D
330
1D97
100
AcDbEntity
  8
0
 62
     6
370
     0
100
AcDbVertex
100
AcDb2dVertex
 10
2911.584893717281
 20
1529.791534570218
 30
0.0
  0
VERTEX
  5
1D9E
330
1D97
100
AcDbEntity
  8
0
 62
     6
370
     0
100
AcDbVertex
100
AcDb2dVertex
 10
2912.222420711657
 20
1529.324014774342
 30
0.0
  0
VERTEX
  5
1D9F
330
1D97
100
AcDbEntity
  8
0
 62
     6
370
     0
100
AcDbVertex
100
AcDb2dVertex
 10
2912.392427910157
 20
1529.090254876403
 30
0.0
  0
VERTEX
  5
1DA0
330
1D97
100
AcDbEntity
  8
0
 62
     6
370
     0
100
AcDbVertex
100
AcDb2dVertex
 10
2912.58368600847
 20
1528.240218883901
 30
0.0
  0
VERTEX
  5
1DA1
330
1D97
100
AcDbEntity
  8
0
 62
     6
370
     0
100
AcDbVertex
100
AcDb2dVertex
 10
2909.353549236961
 20
1528.240218883901
 30
0.0
  0
VERTEX
  5
1DA2
330
1D97
100
AcDbEntity
  8
0
 62
     6
370
     0
100
AcDbVertex
100
AcDb2dVertex
 10
2913.624980099286
 20
1527.687695488775
 30
0.0
  0
VERTEX
  5
1DA3
330
1D97
100
AcDbEntity
  8
0
 62
     6
370
     0
100
AcDbVertex
100
AcDb2dVertex
 10
2913.561227399848
 20
1528.537731481277
 30
0.0
  0
VERTEX
  5
1DA4
330
1D97
100
AcDbEntity
  8
0
 62
     6
370
     0
100
AcDbVertex
100
AcDb2dVertex
 10
2913.306216602098
 20
1529.302763874529
 30
0.0
  0
VERTEX
  5
1DA5
330
1D97
100
AcDbEntity
  8
0
 62
     6
370
     0
100
AcDbVertex
100
AcDb2dVertex
 10
2912.902449505658
 20
1529.919039969093
 30
0.0
  0
VERTEX
  5
1DA6
330
1D97
100
AcDbEntity
  8
0
 62
     6
370
     0
100
AcDbVertex
100
AcDb2dVertex
 10
2912.519933309032
 20
1530.237803466282
 30
0.0
  0
VERTEX
  5
1DA7
330
1D97
100
AcDbEntity
  8
0
 62
     6
370
     0
100
AcDbVertex
100
AcDb2dVertex
 10
2911.818653615218
 20
1530.599068763095
 30
0.0
  0
SEQEND
  5
1DA8
330
1D97
100
AcDbEntity
  8
0
 62
     6
370
     0
  0
POLYLINE
  5
1DA9
330
1F
100
AcDbEntity
  8
0
 62
     6
370
     0
100
AcDb2dPolyline
 66
     1
 10
0.0
 20
0.0
 30
0.0
 70
     1
  0
VERTEX
  5
1DAA
330
1DA9
100
AcDbEntity
  8
0
 62
     6
370
     0
100
AcDbVertex
100
AcDb2dVertex
 10
2911.457388318405
 20
1532.830413243414
 30
0.0
  0
VERTEX
  5
1DAB
330
1DA9
100
AcDbEntity
  8
0
 62
     6
370
     0
100
AcDbVertex
100
AcDb2dVertex
 10
2910.416094227589
 20
1532.830413243414
 30
0.0
  0
VERTEX
  5
1DAC
330
1DA9
100
AcDbEntity
  8
0
 62
     6
370
     0
100
AcDbVertex
100
AcDb2dVertex
 10
2909.226043838086
 20
1531.300348456909
 30
0.0
  0
VERTEX
  5
1DAD
330
1DA9
100
AcDbEntity
  8
0
 62
     6
370
     0
100
AcDbVertex
100
AcDb2dVertex
 10
2910.352341528152
 20
1531.300348456909
 30
0.0
  0
VERTEX
  5
1DAE
330
1DA9
100
AcDbEntity
  8
0
 62
     6
370
     0
100
AcDbVertex
100
AcDb2dVertex
 10
2910.968617622716
 20
1532.21413714885
 30
0.0
  0
SEQEND
  5
1DAF
330
1DA9
100
AcDbEntity
  8
0
 62
     6
370
     0
  0
POLYLINE
  5
1DB0
330
1F
100
AcDbEntity
  8
0
 62
     6
370
     0
100
AcDb2dPolyline
 66
     1
 10
0.0
 20
0.0
 30
0.0
 70
     1
  0
VERTEX
  5
1DB1
330
1DB0
100
AcDbEntity
  8
0
 62
     6
370
     0
100
AcDbVertex
100
AcDb2dVertex
 10
2911.457388318405
 20
1532.830413243414
 30
0.0
  0
VERTEX
  5
1DB2
330
1DB0
100
AcDbEntity
  8
0
 62
     6
370
     0
100
AcDbVertex
100
AcDb2dVertex
 10
2910.968617622716
 20
1532.21413714885
 30
0.0
  0
VERTEX
  5
1DB3
330
1DB0
100
AcDbEntity
  8
0
 62
     6
370
     0
100
AcDbVertex
100
AcDb2dVertex
 10
2911.563642817467
 20
1531.300348456909
 30
0.0
  0
VERTEX
  5
1DB4
330
1DB0
100
AcDbEntity
  8
0
 62
     6
370
     0
100
AcDbVertex
100
AcDb2dVertex
 10
2912.689940507533
 20
1531.300348456909
 30
0.0
  0
SEQEND
  5
1DB5
330
1DB0
100
AcDbEntity
  8
0
 62
     6
370
     0
  0
POLYLINE
  5
1DB6
330
1F
100
AcDbEntity
  8
0
 62
     6
370
     0
100
AcDb2dPolyline
 66
     1
 10
0.0
 20
0.0
 30
0.0
 70
     1
  0
VERTEX
  5
1DB7
330
1DB6
100
AcDbEntity
  8
0
 62
     6
370
     0
100
AcDbVertex
100
AcDb2dVertex
 10
2919.171464950363
 20
1530.025294468156
 30
0.0
  0
VERTEX
  5
1DB8
330
1DB6
100
AcDbEntity
  8
0
 62
     6
370
     0
100
AcDbVertex
100
AcDb2dVertex
 10
2917.343887566483
 20
1529.855287269656
 30
0.0
  0
VERTEX
  5
1DB9
330
1DB6
100
AcDbEntity
  8
0
 62
     6
370
     0
100
AcDbVertex
100
AcDb2dVertex
 10
2918.045167260297
 20
1529.685280071155
 30
0.0
  0
VERTEX
  5
1DBA
330
1DB6
100
AcDbEntity
  8
0
 62
     6
370
     0
100
AcDbVertex
100
AcDb2dVertex
 10
2918.427683456923
 20
1529.196509375466
 30
0.0
  0
VERTEX
  5
1DBB
330
1DB6
100
AcDbEntity
  8
0
 62
     6
370
     0
100
AcDbVertex
100
AcDb2dVertex
 10
2918.448934356736
 20
1529.154007575841
 30
0.0
  0
VERTEX
  5
1DBC
330
1DB6
100
AcDbEntity
  8
0
 62
     6
370
     0
100
AcDbVertex
100
AcDb2dVertex
 10
2918.555188855799
 20
1528.303971583339
 30
0.0
  0
VERTEX
  5
1DBD
330
1DB6
100
AcDbEntity
  8
0
 62
     6
370
     0
100
AcDbVertex
100
AcDb2dVertex
 10
2918.555188855799
 20
1524.776322214454
 30
0.0
  0
VERTEX
  5
1DBE
330
1DB6
100
AcDbEntity
  8
0
 62
     6
370
     0
100
AcDbVertex
100
AcDb2dVertex
 10
2919.532730247177
 20
1524.776322214454
 30
0.0
  0
VERTEX
  5
1DBF
330
1DB6
100
AcDbEntity
  8
0
 62
     6
370
     0
100
AcDbVertex
100
AcDb2dVertex
 10
2919.532730247177
 20
1528.346473382964
 30
0.0
  0
VERTEX
  5
1DC0
330
1DB6
100
AcDbEntity
  8
0
 62
     6
370
     0
100
AcDbVertex
100
AcDb2dVertex
 10
2919.532730247177
 20
1528.516480581464
 30
0.0
  0
VERTEX
  5
1DC1
330
1DB6
100
AcDbEntity
  8
0
 62
     6
370
     0
100
AcDbVertex
100
AcDb2dVertex
 10
2919.490228447551
 20
1529.302763874529
 30
0.0
  0
SEQEND
  5
1DC2
330
1DB6
100
AcDbEntity
  8
0
 62
     6
370
     0
  0
POLYLINE
  5
1DC3
330
1F
100
AcDbEntity
  8
0
 62
     6
370
     0
100
AcDb2dPolyline
 66
     1
 10
0.0
 20
0.0
 30
0.0
 70
     1
  0
VERTEX
  5
1DC4
330
1DC3
100
AcDbEntity
  8
0
 62
     6
370
     0
100
AcDbVertex
100
AcDb2dVertex
 10
2915.707568280917
 20
1530.577817863283
 30
0.0
  0
VERTEX
  5
1DC5
330
1DC3
100
AcDbEntity
  8
0
 62
     6
370
     0
100
AcDbVertex
100
AcDb2dVertex
 10
2914.836281388601
 20
1530.577817863283
 30
0.0
  0
VERTEX
  5
1DC6
330
1DC3
100
AcDbEntity
  8
0
 62
     6
370
     0
100
AcDbVertex
100
AcDb2dVertex
 10
2914.836281388601
 20
1524.776322214454
 30
0.0
  0
VERTEX
  5
1DC7
330
1DC3
100
AcDbEntity
  8
0
 62
     6
370
     0
100
AcDbVertex
100
AcDb2dVertex
 10
2915.813822779979
 20
1524.776322214454
 30
0.0
  0
VERTEX
  5
1DC8
330
1DC3
100
AcDbEntity
  8
0
 62
     6
370
     0
100
AcDbVertex
100
AcDb2dVertex
 10
2915.813822779979
 20
1527.942706286525
 30
0.0
  0
VERTEX
  5
1DC9
330
1DC3
100
AcDbEntity
  8
0
 62
     6
370
     0
100
AcDbVertex
100
AcDb2dVertex
 10
2915.920077279042
 20
1528.877745878278
 30
0.0
  0
VERTEX
  5
1DCA
330
1DC3
100
AcDbEntity
  8
0
 62
     6
370
     0
100
AcDbVertex
100
AcDb2dVertex
 10
2916.260091676043
 20
1529.451520173217
 30
0.0
  0
VERTEX
  5
1DCB
330
1DC3
100
AcDbEntity
  8
0
 62
     6
370
     0
100
AcDbVertex
100
AcDb2dVertex
 10
2916.557604273418
 20
1529.664029171343
 30
0.0
  0
VERTEX
  5
1DCC
330
1DC3
100
AcDbEntity
  8
0
 62
     6
370
     0
100
AcDbVertex
100
AcDb2dVertex
 10
2915.707568280917
 20
1529.749032770593
 30
0.0
  0
SEQEND
  5
1DCD
330
1DC3
100
AcDbEntity
  8
0
 62
     6
370
     0
  0
POLYLINE
  5
1DCE
330
1F
100
AcDbEntity
  8
0
 62
     6
370
     0
100
AcDb2dPolyline
 66
     1
 10
0.0
 20
0.0
 30
0.0
 70
     1
  0
VERTEX
  5
1DCF
330
1DCE
100
AcDbEntity
  8
0
 62
     6
370
     0
100
AcDbVertex
100
AcDb2dVertex
 10
2917.556396564608
 20
1530.705323262158
 30
0.0
  0
VERTEX
  5
1DD0
330
1DCE
100
AcDbEntity
  8
0
 62
     6
370
     0
100
AcDbVertex
100
AcDb2dVertex
 10
2916.961371369858
 20
1530.64157056272
 30
0.0
  0
VERTEX
  5
1DD1
330
1DCE
100
AcDbEntity
  8
0
 62
     6
370
     0
100
AcDbVertex
100
AcDb2dVertex
 10
2916.260091676043
 20
1530.322807065532
 30
0.0
  0
VERTEX
  5
1DD2
330
1DCE
100
AcDbEntity
  8
0
 62
     6
370
     0
100
AcDbVertex
100
AcDb2dVertex
 10
2915.707568280917
 20
1529.749032770593
 30
0.0
  0
VERTEX
  5
1DD3
330
1DCE
100
AcDbEntity
  8
0
 62
     6
370
     0
100
AcDbVertex
100
AcDb2dVertex
 10
2916.557604273418
 20
1529.664029171343
 30
0.0
  0
VERTEX
  5
1DD4
330
1DCE
100
AcDbEntity
  8
0
 62
     6
370
     0
100
AcDbVertex
100
AcDb2dVertex
 10
2917.343887566483
 20
1529.855287269656
 30
0.0
  0
VERTEX
  5
1DD5
330
1DCE
100
AcDbEntity
  8
0
 62
     6
370
     0
100
AcDbVertex
100
AcDb2dVertex
 10
2919.171464950363
 20
1530.025294468156
 30
0.0
  0
VERTEX
  5
1DD6
330
1DCE
100
AcDbEntity
  8
0
 62
     6
370
     0
100
AcDbVertex
100
AcDb2dVertex
 10
2919.171464950363
 20
1530.025294468156
 30
0.0
  0
VERTEX
  5
1DD7
330
1DCE
100
AcDbEntity
  8
0
 62
     6
370
     0
100
AcDbVertex
100
AcDb2dVertex
 10
2918.512687056173
 20
1530.514065163845
 30
0.0
  0
VERTEX
  5
1DD8
330
1DCE
100
AcDbEntity
  8
0
 62
     6
370
     0
100
AcDbVertex
100
AcDb2dVertex
 10
2918.385181657298
 20
1530.577817863283
 30
0.0
  0
SEQEND
  5
1DD9
330
1DCE
100
AcDbEntity
  8
0
 62
     6
370
     0
  0
POLYLINE
  5
1DDA
330
1F
100
AcDbEntity
  8
0
 62
     6
370
     0
100
AcDb2dPolyline
 66
     1
 10
0.0
 20
0.0
 30
0.0
 70
     1
  0
VERTEX
  5
1DDB
330
1DDA
100
AcDbEntity
  8
0
 62
     6
370
     0
100
AcDbVertex
100
AcDb2dVertex
 10
2924.824204300503
 20
1526.90141219571
 30
0.0
  0
VERTEX
  5
1DDC
330
1DDA
100
AcDbEntity
  8
0
 62
     6
370
     0
100
AcDbVertex
100
AcDb2dVertex
 10
2924.71794980144
 20
1526.455143299646
 30
0.0
  0
VERTEX
  5
1DDD
330
1DDA
100
AcDbEntity
  8
0
 62
     6
370
     0
100
AcDbVertex
100
AcDb2dVertex
 10
2924.335433604814
 20
1525.81761630527
 30
0.0
  0
VERTEX
  5
1DDE
330
1DDA
100
AcDbEntity
  8
0
 62
     6
370
     0
100
AcDbVertex
100
AcDb2dVertex
 10
2924.144175506501
 20
1525.668860006582
 30
0.0
  0
VERTEX
  5
1DDF
330
1DDA
100
AcDbEntity
  8
0
 62
     6
370
     0
100
AcDbVertex
100
AcDb2dVertex
 10
2923.357892213437
 20
1525.456351008456
 30
0.0
  0
VERTEX
  5
1DE0
330
1DDA
100
AcDbEntity
  8
0
 62
     6
370
     0
100
AcDbVertex
100
AcDb2dVertex
 10
2921.466562130119
 20
1525.435100108643
 30
0.0
  0
VERTEX
  5
1DE1
330
1DDA
100
AcDbEntity
  8
0
 62
     6
370
     0
100
AcDbVertex
100
AcDb2dVertex
 10
2921.827827426933
 20
1525.095085711642
 30
0.0
  0
VERTEX
  5
1DE2
330
1DDA
100
AcDbEntity
  8
0
 62
     6
370
     0
100
AcDbVertex
100
AcDb2dVertex
 10
2922.529107120747
 20
1524.755071314642
 30
0.0
  0
VERTEX
  5
1DE3
330
1DDA
100
AcDbEntity
  8
0
 62
     6
370
     0
100
AcDbVertex
100
AcDb2dVertex
 10
2923.37914311325
 20
1524.648816815579
 30
0.0
  0
VERTEX
  5
1DE4
330
1DDA
100
AcDbEntity
  8
0
 62
     6
370
     0
100
AcDbVertex
100
AcDb2dVertex
 10
2923.485397612312
 20
1524.648816815579
 30
0.0
  0
VERTEX
  5
1DE5
330
1DDA
100
AcDbEntity
  8
0
 62
     6
370
     0
100
AcDbVertex
100
AcDb2dVertex
 10
2924.292931805189
 20
1524.797573114267
 30
0.0
  0
VERTEX
  5
1DE6
330
1DDA
100
AcDbEntity
  8
0
 62
     6
370
     0
100
AcDbVertex
100
AcDb2dVertex
 10
2924.972960599192
 20
1525.222591110518
 30
0.0
  0
VERTEX
  5
1DE7
330
1DDA
100
AcDbEntity
  8
0
 62
     6
370
     0
100
AcDbVertex
100
AcDb2dVertex
 10
2925.079215098254
 20
1525.307594709768
 30
0.0
  0
VERTEX
  5
1DE8
330
1DDA
100
AcDbEntity
  8
0
 62
     6
370
     0
100
AcDbVertex
100
AcDb2dVertex
 10
2925.54673489413
 20
1525.966372603958
 30
0.0
  0
VERTEX
  5
1DE9
330
1DDA
100
AcDbEntity
  8
0
 62
     6
370
     0
100
AcDbVertex
100
AcDb2dVertex
 10
2925.780494792068
 20
1526.773906796835
 30
0.0
  0
SEQEND
  5
1DEA
330
1DDA
100
AcDbEntity
  8
0
 62
     6
370
     0
  0
POLYLINE
  5
1DEB
330
1F
100
AcDbEntity
  8
0
 62
     6
370
     0
100
AcDb2dPolyline
 66
     1
 10
0.0
 20
0.0
 30
0.0
 70
     1
  0
VERTEX
  5
1DEC
330
1DEB
100
AcDbEntity
  8
0
 62
     6
370
     0
100
AcDbVertex
100
AcDb2dVertex
 10
2921.509063929745
 20
1529.982792668531
 30
0.0
  0
VERTEX
  5
1DED
330
1DEB
100
AcDbEntity
  8
0
 62
     6
370
     0
100
AcDbVertex
100
AcDb2dVertex
 10
2921.041544133868
 20
1529.302763874529
 30
0.0
  0
VERTEX
  5
1DEE
330
1DEB
100
AcDbEntity
  8
0
 62
     6
370
     0
100
AcDbVertex
100
AcDb2dVertex
 10
2921.041544133868
 20
1529.281512974717
 30
0.0
  0
VERTEX
  5
1DEF
330
1DEB
100
AcDbEntity
  8
0
 62
     6
370
     0
100
AcDbVertex
100
AcDb2dVertex
 10
2920.80778423593
 20
1528.516480581464
 30
0.0
  0
VERTEX
  5
1DF0
330
1DEB
100
AcDbEntity
  8
0
 62
     6
370
     0
100
AcDbVertex
100
AcDb2dVertex
 10
2920.744031536492
 20
1527.645193689149
 30
0.0
  0
VERTEX
  5
1DF1
330
1DEB
100
AcDbEntity
  8
0
 62
     6
370
     0
100
AcDbVertex
100
AcDb2dVertex
 10
2920.80778423593
 20
1526.795157696647
 30
0.0
  0
VERTEX
  5
1DF2
330
1DEB
100
AcDbEntity
  8
0
 62
     6
370
     0
100
AcDbVertex
100
AcDb2dVertex
 10
2921.062795033681
 20
1526.030125303395
 30
0.0
  0
VERTEX
  5
1DF3
330
1DEB
100
AcDbEntity
  8
0
 62
     6
370
     0
100
AcDbVertex
100
AcDb2dVertex
 10
2921.466562130119
 20
1525.435100108643
 30
0.0
  0
VERTEX
  5
1DF4
330
1DEB
100
AcDbEntity
  8
0
 62
     6
370
     0
100
AcDbVertex
100
AcDb2dVertex
 10
2923.357892213437
 20
1525.456351008456
 30
0.0
  0
VERTEX
  5
1DF5
330
1DEB
100
AcDbEntity
  8
0
 62
     6
370
     0
100
AcDbVertex
100
AcDb2dVertex
 10
2922.847870617935
 20
1525.541354607706
 30
0.0
  0
VERTEX
  5
1DF6
330
1DEB
100
AcDbEntity
  8
0
 62
     6
370
     0
100
AcDbVertex
100
AcDb2dVertex
 10
2922.189092723746
 20
1525.98762350377
 30
0.0
  0
VERTEX
  5
1DF7
330
1DEB
100
AcDbEntity
  8
0
 62
     6
370
     0
100
AcDbVertex
100
AcDb2dVertex
 10
2922.125340024308
 20
1526.07262710302
 30
0.0
  0
VERTEX
  5
1DF8
330
1DEB
100
AcDbEntity
  8
0
 62
     6
370
     0
100
AcDbVertex
100
AcDb2dVertex
 10
2921.849078326745
 20
1526.752655897022
 30
0.0
  0
VERTEX
  5
1DF9
330
1DEB
100
AcDbEntity
  8
0
 62
     6
370
     0
100
AcDbVertex
100
AcDb2dVertex
 10
2921.742823827683
 20
1527.687695488775
 30
0.0
  0
VERTEX
  5
1DFA
330
1DEB
100
AcDbEntity
  8
0
 62
     6
370
     0
100
AcDbVertex
100
AcDb2dVertex
 10
2921.742823827683
 20
1527.857702687275
 30
0.0
  0
VERTEX
  5
1DFB
330
1DEB
100
AcDbEntity
  8
0
 62
     6
370
     0
100
AcDbVertex
100
AcDb2dVertex
 10
2921.89158012637
 20
1528.750240479403
 30
0.0
  0
VERTEX
  5
1DFC
330
1DEB
100
AcDbEntity
  8
0
 62
     6
370
     0
100
AcDbVertex
100
AcDb2dVertex
 10
2922.210343623559
 20
1529.366516573967
 30
0.0
  0
VERTEX
  5
1DFD
330
1DEB
100
AcDbEntity
  8
0
 62
     6
370
     0
100
AcDbVertex
100
AcDb2dVertex
 10
2922.635361619811
 20
1529.706530970968
 30
0.0
  0
VERTEX
  5
1DFE
330
1DEB
100
AcDbEntity
  8
0
 62
     6
370
     0
100
AcDbVertex
100
AcDb2dVertex
 10
2923.421644912874
 20
1529.897789069281
 30
0.0
  0
SEQEND
  5
1DFF
330
1DEB
100
AcDbEntity
  8
0
 62
     6
370
     0
  0
POLYLINE
  5
1E00
330
1F
100
AcDbEntity
  8
0
 62
     6
370
     0
100
AcDb2dPolyline
 66
     1
 10
0.0
 20
0.0
 30
0.0
 70
     1
  0
VERTEX
  5
1E01
330
1E00
100
AcDbEntity
  8
0
 62
     6
370
     0
100
AcDbVertex
100
AcDb2dVertex
 10
2923.37914311325
 20
1530.705323262158
 30
0.0
  0
VERTEX
  5
1E02
330
1E00
100
AcDbEntity
  8
0
 62
     6
370
     0
100
AcDbVertex
100
AcDb2dVertex
 10
2922.762867018686
 20
1530.64157056272
 30
0.0
  0
VERTEX
  5
1E03
330
1E00
100
AcDbEntity
  8
0
 62
     6
370
     0
100
AcDbVertex
100
AcDb2dVertex
 10
2921.997834625433
 20
1530.365308865157
 30
0.0
  0
VERTEX
  5
1E04
330
1E00
100
AcDbEntity
  8
0
 62
     6
370
     0
100
AcDbVertex
100
AcDb2dVertex
 10
2921.509063929745
 20
1529.982792668531
 30
0.0
  0
VERTEX
  5
1E05
330
1E00
100
AcDbEntity
  8
0
 62
     6
370
     0
100
AcDbVertex
100
AcDb2dVertex
 10
2923.421644912874
 20
1529.897789069281
 30
0.0
  0
VERTEX
  5
1E06
330
1E00
100
AcDbEntity
  8
0
 62
     6
370
     0
100
AcDbVertex
100
AcDb2dVertex
 10
2923.506648512125
 20
1529.897789069281
 30
0.0
  0
VERTEX
  5
1E07
330
1E00
100
AcDbEntity
  8
0
 62
     6
370
     0
100
AcDbVertex
100
AcDb2dVertex
 10
2924.250430005564
 20
1529.600276471905
 30
0.0
  0
VERTEX
  5
1E08
330
1E00
100
AcDbEntity
  8
0
 62
     6
370
     0
100
AcDbVertex
100
AcDb2dVertex
 10
2924.37793540444
 20
1529.47277107303
 30
0.0
  0
VERTEX
  5
1E09
330
1E00
100
AcDbEntity
  8
0
 62
     6
370
     0
100
AcDbVertex
100
AcDb2dVertex
 10
2924.739200701253
 20
1528.72898957959
 30
0.0
  0
VERTEX
  5
1E0A
330
1E00
100
AcDbEntity
  8
0
 62
     6
370
     0
100
AcDbVertex
100
AcDb2dVertex
 10
2925.695491192818
 20
1528.877745878278
 30
0.0
  0
VERTEX
  5
1E0B
330
1E00
100
AcDbEntity
  8
0
 62
     6
370
     0
100
AcDbVertex
100
AcDb2dVertex
 10
2925.419229495255
 20
1529.64277827153
 30
0.0
  0
VERTEX
  5
1E0C
330
1E00
100
AcDbEntity
  8
0
 62
     6
370
     0
100
AcDbVertex
100
AcDb2dVertex
 10
2924.930458799567
 20
1530.237803466282
 30
0.0
  0
VERTEX
  5
1E0D
330
1E00
100
AcDbEntity
  8
0
 62
     6
370
     0
100
AcDbVertex
100
AcDb2dVertex
 10
2924.909207899754
 20
1530.237803466282
 30
0.0
  0
VERTEX
  5
1E0E
330
1E00
100
AcDbEntity
  8
0
 62
     6
370
     0
100
AcDbVertex
100
AcDb2dVertex
 10
2924.229179105751
 20
1530.577817863283
 30
0.0
  0
SEQEND
  5
1E0F
330
1E00
100
AcDbEntity
  8
0
 62
     6
370
     0
  0
POLYLINE
  5
1E10
330
1F
100
AcDbEntity
  8
0
 62
     6
370
     0
100
AcDb2dPolyline
 66
     1
 10
0.0
 20
0.0
 30
0.0
 70
     1
  0
VERTEX
  5
1E11
330
1E10
100
AcDbEntity
  8
0
 62
     6
370
     0
100
AcDbVertex
100
AcDb2dVertex
 10
2927.608072175948
 20
1530.577817863283
 30
0.0
  0
VERTEX
  5
1E12
330
1E10
100
AcDbEntity
  8
0
 62
     6
370
     0
100
AcDbVertex
100
AcDb2dVertex
 10
2926.630530784571
 20
1530.577817863283
 30
0.0
  0
VERTEX
  5
1E13
330
1E10
100
AcDbEntity
  8
0
 62
     6
370
     0
100
AcDbVertex
100
AcDb2dVertex
 10
2926.630530784571
 20
1524.776322214454
 30
0.0
  0
VERTEX
  5
1E14
330
1E10
100
AcDbEntity
  8
0
 62
     6
370
     0
100
AcDbVertex
100
AcDb2dVertex
 10
2927.608072175948
 20
1524.776322214454
 30
0.0
  0
SEQEND
  5
1E15
330
1E10
100
AcDbEntity
  8
0
 62
     6
370
     0
  0
POLYLINE
  5
1E16
330
1F
100
AcDbEntity
  8
0
 62
     6
370
     0
100
AcDb2dPolyline
 66
     1
 10
0.0
 20
0.0
 30
0.0
 70
     1
  0
VERTEX
  5
1E17
330
1E16
100
AcDbEntity
  8
0
 62
     6
370
     0
100
AcDbVertex
100
AcDb2dVertex
 10
2927.608072175948
 20
1532.787911443788
 30
0.0
  0
VERTEX
  5
1E18
330
1E16
100
AcDbEntity
  8
0
 62
     6
370
     0
100
AcDbVertex
100
AcDb2dVertex
 10
2926.630530784571
 20
1532.787911443788
 30
0.0
  0
VERTEX
  5
1E19
330
1E16
100
AcDbEntity
  8
0
 62
     6
370
     0
100
AcDbVertex
100
AcDb2dVertex
 10
2926.630530784571
 20
1531.64036285391
 30
0.0
  0
VERTEX
  5
1E1A
330
1E16
100
AcDbEntity
  8
0
 62
     6
370
     0
100
AcDbVertex
100
AcDb2dVertex
 10
2927.608072175948
 20
1531.64036285391
 30
0.0
  0
SEQEND
  5
1E1B
330
1E16
100
AcDbEntity
  8
0
 62
     6
370
     0
  0
POLYLINE
  5
1E1C
330
1F
100
AcDbEntity
  8
0
 62
     6
370
     0
100
AcDb2dPolyline
 66
     1
 10
0.0
 20
0.0
 30
0.0
 70
     1
  0
VERTEX
  5
1E1D
330
1E1C
100
AcDbEntity
  8
0
 62
     6
370
     0
100
AcDbVertex
100
AcDb2dVertex
 10
2933.855836720841
 20
1525.498852808081
 30
0.0
  0
VERTEX
  5
1E1E
330
1E1C
100
AcDbEntity
  8
0
 62
     6
370
     0
100
AcDbVertex
100
AcDb2dVertex
 10
2932.878295329463
 20
1525.498852808081
 30
0.0
  0
VERTEX
  5
1E1F
330
1E1C
100
AcDbEntity
  8
0
 62
     6
370
     0
100
AcDbVertex
100
AcDb2dVertex
 10
2933.069553427776
 20
1524.776322214454
 30
0.0
  0
VERTEX
  5
1E20
330
1E1C
100
AcDbEntity
  8
0
 62
     6
370
     0
100
AcDbVertex
100
AcDb2dVertex
 10
2934.110847518591
 20
1524.776322214454
 30
0.0
  0
VERTEX
  5
1E21
330
1E1C
100
AcDbEntity
  8
0
 62
     6
370
     0
100
AcDbVertex
100
AcDb2dVertex
 10
2933.855836720841
 20
1525.477601908268
 30
0.0
  0
SEQEND
  5
1E22
330
1E1C
100
AcDbEntity
  8
0
 62
     6
370
     0
  0
POLYLINE
  5
1E23
330
1F
100
AcDbEntity
  8
0
 62
     6
370
     0
100
AcDb2dPolyline
 66
     1
 10
0.0
 20
0.0
 30
0.0
 70
     1
  0
VERTEX
  5
1E24
330
1E23
100
AcDbEntity
  8
0
 62
     6
370
     0
100
AcDbVertex
100
AcDb2dVertex
 10
2930.179431053268
 20
1527.963957186338
 30
0.0
  0
VERTEX
  5
1E25
330
1E23
100
AcDbEntity
  8
0
 62
     6
370
     0
100
AcDbVertex
100
AcDb2dVertex
 10
2929.478151359454
 20
1527.645193689149
 30
0.0
  0
VERTEX
  5
1E26
330
1E23
100
AcDbEntity
  8
0
 62
     6
370
     0
100
AcDbVertex
100
AcDb2dVertex
 10
2928.968129763952
 20
1527.092670294023
 30
0.0
  0
VERTEX
  5
1E27
330
1E23
100
AcDbEntity
  8
0
 62
     6
370
     0
100
AcDbVertex
100
AcDb2dVertex
 10
2928.776871665639
 20
1526.306387000958
 30
0.0
  0
VERTEX
  5
1E28
330
1E23
100
AcDbEntity
  8
0
 62
     6
370
     0
100
AcDbVertex
100
AcDb2dVertex
 10
2928.840624365077
 20
1525.775114505644
 30
0.0
  0
VERTEX
  5
1E29
330
1E23
100
AcDbEntity
  8
0
 62
     6
370
     0
100
AcDbVertex
100
AcDb2dVertex
 10
2929.286893261141
 20
1525.116336611455
 30
0.0
  0
VERTEX
  5
1E2A
330
1E23
100
AcDbEntity
  8
0
 62
     6
370
     0
100
AcDbVertex
100
AcDb2dVertex
 10
2930.986965246145
 20
1525.413849208831
 30
0.0
  0
VERTEX
  5
1E2B
330
1E23
100
AcDbEntity
  8
0
 62
     6
370
     0
100
AcDbVertex
100
AcDb2dVertex
 10
2930.859459847269
 20
1525.413849208831
 30
0.0
  0
VERTEX
  5
1E2C
330
1E23
100
AcDbEntity
  8
0
 62
     6
370
     0
100
AcDbVertex
100
AcDb2dVertex
 10
2930.11567835383
 20
1525.690110906394
 30
0.0
  0
VERTEX
  5
1E2D
330
1E23
100
AcDbEntity
  8
0
 62
     6
370
     0
100
AcDbVertex
100
AcDb2dVertex
 10
2929.818165756454
 20
1526.327637900771
 30
0.0
  0
VERTEX
  5
1E2E
330
1E23
100
AcDbEntity
  8
0
 62
     6
370
     0
100
AcDbVertex
100
AcDb2dVertex
 10
2929.94567115533
 20
1526.795157696647
 30
0.0
  0
VERTEX
  5
1E2F
330
1E23
100
AcDbEntity
  8
0
 62
     6
370
     0
100
AcDbVertex
100
AcDb2dVertex
 10
2930.349438251769
 20
1527.113921193835
 30
0.0
  0
VERTEX
  5
1E30
330
1E23
100
AcDbEntity
  8
0
 62
     6
370
     0
100
AcDbVertex
100
AcDb2dVertex
 10
2930.370689151581
 20
1527.135172093648
 30
0.0
  0
VERTEX
  5
1E31
330
1E23
100
AcDbEntity
  8
0
 62
     6
370
     0
100
AcDbVertex
100
AcDb2dVertex
 10
2931.19947424427
 20
1527.326430191961
 30
0.0
  0
VERTEX
  5
1E32
330
1E23
100
AcDbEntity
  8
0
 62
     6
370
     0
100
AcDbVertex
100
AcDb2dVertex
 10
2932.134513836023
 20
1527.475186490649
 30
0.0
  0
VERTEX
  5
1E33
330
1E23
100
AcDbEntity
  8
0
 62
     6
370
     0
100
AcDbVertex
100
AcDb2dVertex
 10
2932.793291730213
 20
1527.687695488775
 30
0.0
  0
SEQEND
  5
1E34
330
1E23
100
AcDbEntity
  8
0
 62
     6
370
     0
  0
POLYLINE
  5
1E35
330
1F
100
AcDbEntity
  8
0
 62
     6
370
     0
100
AcDb2dPolyline
 66
     1
 10
0.0
 20
0.0
 30
0.0
 70
     1
  0
VERTEX
  5
1E36
330
1E35
100
AcDbEntity
  8
0
 62
     6
370
     0
100
AcDbVertex
100
AcDb2dVertex
 10
2929.371896860391
 20
1529.919039969093
 30
0.0
  0
VERTEX
  5
1E37
330
1E35
100
AcDbEntity
  8
0
 62
     6
370
     0
100
AcDbVertex
100
AcDb2dVertex
 10
2929.244391461515
 20
1529.72778187078
 30
0.0
  0
VERTEX
  5
1E38
330
1E35
100
AcDbEntity
  8
0
 62
     6
370
     0
100
AcDbVertex
100
AcDb2dVertex
 10
2928.94687886414
 20
1528.920247677903
 30
0.0
  0
VERTEX
  5
1E39
330
1E35
100
AcDbEntity
  8
0
 62
     6
370
     0
100
AcDbVertex
100
AcDb2dVertex
 10
2929.903169355704
 20
1528.792742279028
 30
0.0
  0
VERTEX
  5
1E3A
330
1E35
100
AcDbEntity
  8
0
 62
     6
370
     0
100
AcDbVertex
100
AcDb2dVertex
 10
2929.966922055142
 20
1529.005251277153
 30
0.0
  0
VERTEX
  5
1E3B
330
1E35
100
AcDbEntity
  8
0
 62
     6
370
     0
100
AcDbVertex
100
AcDb2dVertex
 10
2930.391940051393
 20
1529.64277827153
 30
0.0
  0
VERTEX
  5
1E3C
330
1E35
100
AcDbEntity
  8
0
 62
     6
370
     0
100
AcDbVertex
100
AcDb2dVertex
 10
2930.561947249894
 20
1529.749032770593
 30
0.0
  0
VERTEX
  5
1E3D
330
1E35
100
AcDbEntity
  8
0
 62
     6
370
     0
100
AcDbVertex
100
AcDb2dVertex
 10
2931.411983242396
 20
1529.897789069281
 30
0.0
  0
SEQEND
  5
1E3E
330
1E35
100
AcDbEntity
  8
0
 62
     6
370
     0
  0
POLYLINE
  5
1E3F
330
1F
100
AcDbEntity
  8
0
 62
     6
370
     0
100
AcDb2dPolyline
 66
     1
 10
0.0
 20
0.0
 30
0.0
 70
     1
  0
VERTEX
  5
1E40
330
1E3F
100
AcDbEntity
  8
0
 62
     6
370
     0
100
AcDbVertex
100
AcDb2dVertex
 10
2931.560739541084
 20
1530.705323262158
 30
0.0
  0
VERTEX
  5
1E41
330
1E3F
100
AcDbEntity
  8
0
 62
     6
370
     0
100
AcDbVertex
100
AcDb2dVertex
 10
2931.008216145958
 20
1530.684072362345
 30
0.0
  0
VERTEX
  5
1E42
330
1E3F
100
AcDbEntity
  8
0
 62
     6
370
     0
100
AcDbVertex
100
AcDb2dVertex
 10
2930.243183752707
 20
1530.514065163845
 30
0.0
  0
VERTEX
  5
1E43
330
1E3F
100
AcDbEntity
  8
0
 62
     6
370
     0
100
AcDbVertex
100
AcDb2dVertex
 10
2930.009423854767
 20
1530.407810664782
 30
0.0
  0
VERTEX
  5
1E44
330
1E3F
100
AcDbEntity
  8
0
 62
     6
370
     0
100
AcDbVertex
100
AcDb2dVertex
 10
2929.371896860391
 20
1529.919039969093
 30
0.0
  0
VERTEX
  5
1E45
330
1E3F
100
AcDbEntity
  8
0
 62
     6
370
     0
100
AcDbVertex
100
AcDb2dVertex
 10
2931.411983242396
 20
1529.897789069281
 30
0.0
  0
VERTEX
  5
1E46
330
1E3F
100
AcDbEntity
  8
0
 62
     6
370
     0
100
AcDbVertex
100
AcDb2dVertex
 10
2931.837001238648
 20
1529.855287269656
 30
0.0
  0
VERTEX
  5
1E47
330
1E3F
100
AcDbEntity
  8
0
 62
     6
370
     0
100
AcDbVertex
100
AcDb2dVertex
 10
2932.538280932462
 20
1529.55777467228
 30
0.0
  0
VERTEX
  5
1E48
330
1E3F
100
AcDbEntity
  8
0
 62
     6
370
     0
100
AcDbVertex
100
AcDb2dVertex
 10
2932.580782732087
 20
1529.494021972842
 30
0.0
  0
VERTEX
  5
1E49
330
1E3F
100
AcDbEntity
  8
0
 62
     6
370
     0
100
AcDbVertex
100
AcDb2dVertex
 10
2932.814542630025
 20
1528.707738679777
 30
0.0
  0
VERTEX
  5
1E4A
330
1E3F
100
AcDbEntity
  8
0
 62
     6
370
     0
100
AcDbVertex
100
AcDb2dVertex
 10
2932.793291730213
 20
1528.452727882027
 30
0.0
  0
VERTEX
  5
1E4B
330
1E3F
100
AcDbEntity
  8
0
 62
     6
370
     0
100
AcDbVertex
100
AcDb2dVertex
 10
2932.729539030775
 20
1528.431476982214
 30
0.0
  0
VERTEX
  5
1E4C
330
1E3F
100
AcDbEntity
  8
0
 62
     6
370
     0
100
AcDbVertex
100
AcDb2dVertex
 10
2932.028259336961
 20
1528.261469783714
 30
0.0
  0
VERTEX
  5
1E4D
330
1E3F
100
AcDbEntity
  8
0
 62
     6
370
     0
100
AcDbVertex
100
AcDb2dVertex
 10
2931.050717945583
 20
1528.112713485026
 30
0.0
  0
VERTEX
  5
1E4E
330
1E3F
100
AcDbEntity
  8
0
 62
     6
370
     0
100
AcDbVertex
100
AcDb2dVertex
 10
2930.986965246145
 20
1528.112713485026
 30
0.0
  0
VERTEX
  5
1E4F
330
1E3F
100
AcDbEntity
  8
0
 62
     6
370
     0
100
AcDbVertex
100
AcDb2dVertex
 10
2930.179431053268
 20
1527.963957186338
 30
0.0
  0
VERTEX
  5
1E50
330
1E3F
100
AcDbEntity
  8
0
 62
     6
370
     0
100
AcDbVertex
100
AcDb2dVertex
 10
2932.793291730213
 20
1527.687695488775
 30
0.0
  0
VERTEX
  5
1E51
330
1E3F
100
AcDbEntity
  8
0
 62
     6
370
     0
100
AcDbVertex
100
AcDb2dVertex
 10
2932.793291730213
 20
1527.326430191961
 30
0.0
  0
VERTEX
  5
1E52
330
1E3F
100
AcDbEntity
  8
0
 62
     6
370
     0
100
AcDbVertex
100
AcDb2dVertex
 10
2932.793291730213
 20
1527.113921193835
 30
0.0
  0
VERTEX
  5
1E53
330
1E3F
100
AcDbEntity
  8
0
 62
     6
370
     0
100
AcDbVertex
100
AcDb2dVertex
 10
2932.644535431525
 20
1526.348888800584
 30
0.0
  0
VERTEX
  5
1E54
330
1E3F
100
AcDbEntity
  8
0
 62
     6
370
     0
100
AcDbVertex
100
AcDb2dVertex
 10
2932.580782732087
 20
1526.242634301521
 30
0.0
  0
VERTEX
  5
1E55
330
1E3F
100
AcDbEntity
  8
0
 62
     6
370
     0
100
AcDbVertex
100
AcDb2dVertex
 10
2931.985757537336
 20
1525.668860006582
 30
0.0
  0
VERTEX
  5
1E56
330
1E3F
100
AcDbEntity
  8
0
 62
     6
370
     0
100
AcDbVertex
100
AcDb2dVertex
 10
2931.794499439023
 20
1525.583856407331
 30
0.0
  0
VERTEX
  5
1E57
330
1E3F
100
AcDbEntity
  8
0
 62
     6
370
     0
100
AcDbVertex
100
AcDb2dVertex
 10
2930.986965246145
 20
1525.413849208831
 30
0.0
  0
VERTEX
  5
1E58
330
1E3F
100
AcDbEntity
  8
0
 62
     6
370
     0
100
AcDbVertex
100
AcDb2dVertex
 10
2929.286893261141
 20
1525.116336611455
 30
0.0
  0
VERTEX
  5
1E59
330
1E3F
100
AcDbEntity
  8
0
 62
     6
370
     0
100
AcDbVertex
100
AcDb2dVertex
 10
2929.881918455892
 20
1524.776322214454
 30
0.0
  0
VERTEX
  5
1E5A
330
1E3F
100
AcDbEntity
  8
0
 62
     6
370
     0
100
AcDbVertex
100
AcDb2dVertex
 10
2930.753205348207
 20
1524.648816815579
 30
0.0
  0
VERTEX
  5
1E5B
330
1E3F
100
AcDbEntity
  8
0
 62
     6
370
     0
100
AcDbVertex
100
AcDb2dVertex
 10
2931.02946704577
 20
1524.670067715392
 30
0.0
  0
VERTEX
  5
1E5C
330
1E3F
100
AcDbEntity
  8
0
 62
     6
370
     0
100
AcDbVertex
100
AcDb2dVertex
 10
2931.837001238648
 20
1524.840074913892
 30
0.0
  0
VERTEX
  5
1E5D
330
1E3F
100
AcDbEntity
  8
0
 62
     6
370
     0
100
AcDbVertex
100
AcDb2dVertex
 10
2932.177015635648
 20
1524.98883121258
 30
0.0
  0
VERTEX
  5
1E5E
330
1E3F
100
AcDbEntity
  8
0
 62
     6
370
     0
100
AcDbVertex
100
AcDb2dVertex
 10
2932.878295329463
 20
1525.498852808081
 30
0.0
  0
VERTEX
  5
1E5F
330
1E3F
100
AcDbEntity
  8
0
 62
     6
370
     0
100
AcDbVertex
100
AcDb2dVertex
 10
2933.855836720841
 20
1525.498852808081
 30
0.0
  0
VERTEX
  5
1E60
330
1E3F
100
AcDbEntity
  8
0
 62
     6
370
     0
100
AcDbVertex
100
AcDb2dVertex
 10
2933.813334921215
 20
1526.115128902645
 30
0.0
  0
VERTEX
  5
1E61
330
1E3F
100
AcDbEntity
  8
0
 62
     6
370
     0
100
AcDbVertex
100
AcDb2dVertex
 10
2933.792084021403
 20
1527.198924793086
 30
0.0
  0
VERTEX
  5
1E62
330
1E3F
100
AcDbEntity
  8
0
 62
     6
370
     0
100
AcDbVertex
100
AcDb2dVertex
 10
2933.792084021403
 20
1528.516480581464
 30
0.0
  0
VERTEX
  5
1E63
330
1E3F
100
AcDbEntity
  8
0
 62
     6
370
     0
100
AcDbVertex
100
AcDb2dVertex
 10
2933.792084021403
 20
1528.622735080527
 30
0.0
  0
VERTEX
  5
1E64
330
1E3F
100
AcDbEntity
  8
0
 62
     6
370
     0
100
AcDbVertex
100
AcDb2dVertex
 10
2933.749582221778
 20
1529.430269273404
 30
0.0
  0
VERTEX
  5
1E65
330
1E3F
100
AcDbEntity
  8
0
 62
     6
370
     0
100
AcDbVertex
100
AcDb2dVertex
 10
2933.430818724589
 20
1530.089047167594
 30
0.0
  0
VERTEX
  5
1E66
330
1E3F
100
AcDbEntity
  8
0
 62
     6
370
     0
100
AcDbVertex
100
AcDb2dVertex
 10
2932.750789930588
 20
1530.535316063657
 30
0.0
  0
VERTEX
  5
1E67
330
1E3F
100
AcDbEntity
  8
0
 62
     6
370
     0
100
AcDbVertex
100
AcDb2dVertex
 10
2932.432026433399
 20
1530.620319662908
 30
0.0
  0
SEQEND
  5
1E68
330
1E3F
100
AcDbEntity
  8
0
 62
     6
370
     0
  0
POLYLINE
  5
1E69
330
1F
100
AcDbEntity
  8
0
 62
     6
370
     0
100
AcDb2dPolyline
 66
     1
 10
0.0
 20
0.0
 30
0.0
 70
     1
  0
VERTEX
  5
1E6A
330
1E69
100
AcDbEntity
  8
0
 62
     6
370
     0
100
AcDbVertex
100
AcDb2dVertex
 10
2940.167353965171
 20
1525.626358206956
 30
0.0
  0
VERTEX
  5
1E6B
330
1E69
100
AcDbEntity
  8
0
 62
     6
370
     0
100
AcDbVertex
100
AcDb2dVertex
 10
2939.317317972668
 20
1525.498852808081
 30
0.0
  0
VERTEX
  5
1E6C
330
1E69
100
AcDbEntity
  8
0
 62
     6
370
     0
100
AcDbVertex
100
AcDb2dVertex
 10
2939.508576070981
 20
1525.265092910143
 30
0.0
  0
VERTEX
  5
1E6D
330
1E69
100
AcDbEntity
  8
0
 62
     6
370
     0
100
AcDbVertex
100
AcDb2dVertex
 10
2940.847382759172
 20
1525.456351008456
 30
0.0
  0
SEQEND
  5
1E6E
330
1E69
100
AcDbEntity
  8
0
 62
     6
370
     0
  0
POLYLINE
  5
1E6F
330
1F
100
AcDbEntity
  8
0
 62
     6
370
     0
100
AcDb2dPolyline
 66
     1
 10
0.0
 20
0.0
 30
0.0
 70
     1
  0
VERTEX
  5
1E70
330
1E6F
100
AcDbEntity
  8
0
 62
     6
370
     0
100
AcDbVertex
100
AcDb2dVertex
 10
2940.974888158047
 20
1530.705323262158
 30
0.0
  0
VERTEX
  5
1E71
330
1E6F
100
AcDbEntity
  8
0
 62
     6
370
     0
100
AcDbVertex
100
AcDb2dVertex
 10
2940.762379159922
 20
1530.705323262158
 30
0.0
  0
VERTEX
  5
1E72
330
1E6F
100
AcDbEntity
  8
0
 62
     6
370
     0
100
AcDbVertex
100
AcDb2dVertex
 10
2940.018597666482
 20
1530.47156336422
 30
0.0
  0
VERTEX
  5
1E73
330
1E6F
100
AcDbEntity
  8
0
 62
     6
370
     0
100
AcDbVertex
100
AcDb2dVertex
 10
2939.402321571918
 20
1529.919039969093
 30
0.0
  0
VERTEX
  5
1E74
330
1E6F
100
AcDbEntity
  8
0
 62
     6
370
     0
100
AcDbVertex
100
AcDb2dVertex
 10
2940.889884558797
 20
1529.897789069281
 30
0.0
  0
VERTEX
  5
1E75
330
1E6F
100
AcDbEntity
  8
0
 62
     6
370
     0
100
AcDbVertex
100
AcDb2dVertex
 10
2941.33615345486
 20
1529.834036369843
 30
0.0
  0
VERTEX
  5
1E76
330
1E6F
100
AcDbEntity
  8
0
 62
     6
370
     0
100
AcDbVertex
100
AcDb2dVertex
 10
2941.99493134905
 20
1529.366516573967
 30
0.0
  0
VERTEX
  5
1E77
330
1E6F
100
AcDbEntity
  8
0
 62
     6
370
     0
100
AcDbVertex
100
AcDb2dVertex
 10
2942.037433148675
 20
1529.281512974717
 30
0.0
  0
VERTEX
  5
1E78
330
1E6F
100
AcDbEntity
  8
0
 62
     6
370
     0
100
AcDbVertex
100
AcDb2dVertex
 10
2942.334945746051
 20
1528.601484180715
 30
0.0
  0
VERTEX
  5
1E79
330
1E6F
100
AcDbEntity
  8
0
 62
     6
370
     0
100
AcDbVertex
100
AcDb2dVertex
 10
2942.441200245113
 20
1527.687695488775
 30
0.0
  0
VERTEX
  5
1E7A
330
1E6F
100
AcDbEntity
  8
0
 62
     6
370
     0
100
AcDbVertex
100
AcDb2dVertex
 10
2942.419949345302
 20
1527.538939190087
 30
0.0
  0
VERTEX
  5
1E7B
330
1E6F
100
AcDbEntity
  8
0
 62
     6
370
     0
100
AcDbVertex
100
AcDb2dVertex
 10
2942.292443946426
 20
1526.646401397959
 30
0.0
  0
VERTEX
  5
1E7C
330
1E6F
100
AcDbEntity
  8
0
 62
     6
370
     0
100
AcDbVertex
100
AcDb2dVertex
 10
2941.952429549425
 20
1526.008874403582
 30
0.0
  0
VERTEX
  5
1E7D
330
1E6F
100
AcDbEntity
  8
0
 62
     6
370
     0
100
AcDbVertex
100
AcDb2dVertex
 10
2941.591164252611
 20
1525.668860006582
 30
0.0
  0
VERTEX
  5
1E7E
330
1E6F
100
AcDbEntity
  8
0
 62
     6
370
     0
100
AcDbVertex
100
AcDb2dVertex
 10
2940.847382759172
 20
1525.456351008456
 30
0.0
  0
VERTEX
  5
1E7F
330
1E6F
100
AcDbEntity
  8
0
 62
     6
370
     0
100
AcDbVertex
100
AcDb2dVertex
 10
2939.508576070981
 20
1525.265092910143
 30
0.0
  0
VERTEX
  5
1E80
330
1E6F
100
AcDbEntity
  8
0
 62
     6
370
     0
100
AcDbVertex
100
AcDb2dVertex
 10
2940.146103065357
 20
1524.797573114267
 30
0.0
  0
VERTEX
  5
1E81
330
1E6F
100
AcDbEntity
  8
0
 62
     6
370
     0
100
AcDbVertex
100
AcDb2dVertex
 10
2940.932386358423
 20
1524.648816815579
 30
0.0
  0
VERTEX
  5
1E82
330
1E6F
100
AcDbEntity
  8
0
 62
     6
370
     0
100
AcDbVertex
100
AcDb2dVertex
 10
2941.314902555049
 20
1524.670067715392
 30
0.0
  0
VERTEX
  5
1E83
330
1E6F
100
AcDbEntity
  8
0
 62
     6
370
     0
100
AcDbVertex
100
AcDb2dVertex
 10
2942.058684048488
 20
1524.946329412955
 30
0.0
  0
VERTEX
  5
1E84
330
1E6F
100
AcDbEntity
  8
0
 62
     6
370
     0
100
AcDbVertex
100
AcDb2dVertex
 10
2942.696211042865
 20
1525.456351008456
 30
0.0
  0
VERTEX
  5
1E85
330
1E6F
100
AcDbEntity
  8
0
 62
     6
370
     0
100
AcDbVertex
100
AcDb2dVertex
 10
2942.717461942677
 20
1525.477601908268
 30
0.0
  0
VERTEX
  5
1E86
330
1E6F
100
AcDbEntity
  8
0
 62
     6
370
     0
100
AcDbVertex
100
AcDb2dVertex
 10
2943.121229039116
 20
1526.093878002833
 30
0.0
  0
VERTEX
  5
1E87
330
1E6F
100
AcDbEntity
  8
0
 62
     6
370
     0
100
AcDbVertex
100
AcDb2dVertex
 10
2943.354988937054
 20
1526.858910396085
 30
0.0
  0
VERTEX
  5
1E88
330
1E6F
100
AcDbEntity
  8
0
 62
     6
370
     0
100
AcDbVertex
100
AcDb2dVertex
 10
2943.439992536304
 20
1527.772699088025
 30
0.0
  0
VERTEX
  5
1E89
330
1E6F
100
AcDbEntity
  8
0
 62
     6
370
     0
100
AcDbVertex
100
AcDb2dVertex
 10
2943.418741636492
 20
1528.133964384838
 30
0.0
  0
VERTEX
  5
1E8A
330
1E6F
100
AcDbEntity
  8
0
 62
     6
370
     0
100
AcDbVertex
100
AcDb2dVertex
 10
2943.269985337804
 20
1528.941498577715
 30
0.0
  0
VERTEX
  5
1E8B
330
1E6F
100
AcDbEntity
  8
0
 62
     6
370
     0
100
AcDbVertex
100
AcDb2dVertex
 10
2943.184981738554
 20
1529.175258475654
 30
0.0
  0
VERTEX
  5
1E8C
330
1E6F
100
AcDbEntity
  8
0
 62
     6
370
     0
100
AcDbVertex
100
AcDb2dVertex
 10
2942.781214642115
 20
1529.897789069281
 30
0.0
  0
VERTEX
  5
1E8D
330
1E6F
100
AcDbEntity
  8
0
 62
     6
370
     0
100
AcDbVertex
100
AcDb2dVertex
 10
2942.674960143051
 20
1530.025294468156
 30
0.0
  0
VERTEX
  5
1E8E
330
1E6F
100
AcDbEntity
  8
0
 62
     6
370
     0
100
AcDbVertex
100
AcDb2dVertex
 10
2941.99493134905
 20
1530.492814264032
 30
0.0
  0
VERTEX
  5
1E8F
330
1E6F
100
AcDbEntity
  8
0
 62
     6
370
     0
100
AcDbVertex
100
AcDb2dVertex
 10
2941.803673250737
 20
1530.577817863283
 30
0.0
  0
SEQEND
  5
1E90
330
1E6F
100
AcDbEntity
  8
0
 62
     6
370
     0
  0
POLYLINE
  5
1E91
330
1F
100
AcDbEntity
  8
0
 62
     6
370
     0
100
AcDb2dPolyline
 66
     1
 10
0.0
 20
0.0
 30
0.0
 70
     1
  0
VERTEX
  5
1E92
330
1E91
100
AcDbEntity
  8
0
 62
     6
370
     0
100
AcDbVertex
100
AcDb2dVertex
 10
2939.402321571918
 20
1532.787911443788
 30
0.0
  0
VERTEX
  5
1E93
330
1E91
100
AcDbEntity
  8
0
 62
     6
370
     0
100
AcDbVertex
100
AcDb2dVertex
 10
2938.403529280728
 20
1532.787911443788
 30
0.0
  0
VERTEX
  5
1E94
330
1E91
100
AcDbEntity
  8
0
 62
     6
370
     0
100
AcDbVertex
100
AcDb2dVertex
 10
2938.403529280728
 20
1524.776322214454
 30
0.0
  0
VERTEX
  5
1E95
330
1E91
100
AcDbEntity
  8
0
 62
     6
370
     0
100
AcDbVertex
100
AcDb2dVertex
 10
2939.317317972668
 20
1524.776322214454
 30
0.0
  0
VERTEX
  5
1E96
330
1E91
100
AcDbEntity
  8
0
 62
     6
370
     0
100
AcDbVertex
100
AcDb2dVertex
 10
2939.317317972668
 20
1525.498852808081
 30
0.0
  0
VERTEX
  5
1E97
330
1E91
100
AcDbEntity
  8
0
 62
     6
370
     0
100
AcDbVertex
100
AcDb2dVertex
 10
2940.167353965171
 20
1525.626358206956
 30
0.0
  0
VERTEX
  5
1E98
330
1E91
100
AcDbEntity
  8
0
 62
     6
370
     0
100
AcDbVertex
100
AcDb2dVertex
 10
2939.593579670231
 20
1526.221383401708
 30
0.0
  0
VERTEX
  5
1E99
330
1E91
100
AcDbEntity
  8
0
 62
     6
370
     0
100
AcDbVertex
100
AcDb2dVertex
 10
2939.402321571918
 20
1526.773906796835
 30
0.0
  0
VERTEX
  5
1E9A
330
1E91
100
AcDbEntity
  8
0
 62
     6
370
     0
100
AcDbVertex
100
AcDb2dVertex
 10
2939.317317972668
 20
1527.7301972884
 30
0.0
  0
VERTEX
  5
1E9B
330
1E91
100
AcDbEntity
  8
0
 62
     6
370
     0
100
AcDbVertex
100
AcDb2dVertex
 10
2939.317317972668
 20
1527.81520088765
 30
0.0
  0
VERTEX
  5
1E9C
330
1E91
100
AcDbEntity
  8
0
 62
     6
370
     0
100
AcDbVertex
100
AcDb2dVertex
 10
2939.444823371543
 20
1528.686487779965
 30
0.0
  0
VERTEX
  5
1E9D
330
1E91
100
AcDbEntity
  8
0
 62
     6
370
     0
100
AcDbVertex
100
AcDb2dVertex
 10
2939.784837768544
 20
1529.345265674154
 30
0.0
  0
VERTEX
  5
1E9E
330
1E91
100
AcDbEntity
  8
0
 62
     6
370
     0
100
AcDbVertex
100
AcDb2dVertex
 10
2940.146103065357
 20
1529.685280071155
 30
0.0
  0
VERTEX
  5
1E9F
330
1E91
100
AcDbEntity
  8
0
 62
     6
370
     0
100
AcDbVertex
100
AcDb2dVertex
 10
2940.889884558797
 20
1529.897789069281
 30
0.0
  0
VERTEX
  5
1EA0
330
1E91
100
AcDbEntity
  8
0
 62
     6
370
     0
100
AcDbVertex
100
AcDb2dVertex
 10
2939.402321571918
 20
1529.919039969093
 30
0.0
  0
SEQEND
  5
1EA1
330
1E91
100
AcDbEntity
  8
0
 62
     6
370
     0
  0
POLYLINE
  5
1EA2
330
1F
100
AcDbEntity
  8
0
 62
     6
370
     0
100
AcDb2dPolyline
 66
     1
 10
0.0
 20
0.0
 30
0.0
 70
     1
  0
VERTEX
  5
1EA3
330
1EA2
100
AcDbEntity
  8
0
 62
     6
370
     0
100
AcDbVertex
100
AcDb2dVertex
 10
2949.39024448382
 20
1525.498852808081
 30
0.0
  0
VERTEX
  5
1EA4
330
1EA2
100
AcDbEntity
  8
0
 62
     6
370
     0
100
AcDbVertex
100
AcDb2dVertex
 10
2948.412703092442
 20
1525.498852808081
 30
0.0
  0
VERTEX
  5
1EA5
330
1EA2
100
AcDbEntity
  8
0
 62
     6
370
     0
100
AcDbVertex
100
AcDb2dVertex
 10
2948.603961190757
 20
1524.776322214454
 30
0.0
  0
VERTEX
  5
1EA6
330
1EA2
100
AcDbEntity
  8
0
 62
     6
370
     0
100
AcDbVertex
100
AcDb2dVertex
 10
2949.624004381758
 20
1524.776322214454
 30
0.0
  0
VERTEX
  5
1EA7
330
1EA2
100
AcDbEntity
  8
0
 62
     6
370
     0
100
AcDbVertex
100
AcDb2dVertex
 10
2949.39024448382
 20
1525.477601908268
 30
0.0
  0
SEQEND
  5
1EA8
330
1EA2
100
AcDbEntity
  8
0
 62
     6
370
     0
  0
POLYLINE
  5
1EA9
330
1F
100
AcDbEntity
  8
0
 62
     6
370
     0
100
AcDb2dPolyline
 66
     1
 10
0.0
 20
0.0
 30
0.0
 70
     1
  0
VERTEX
  5
1EAA
330
1EA9
100
AcDbEntity
  8
0
 62
     6
370
     0
100
AcDbVertex
100
AcDb2dVertex
 10
2945.713838816248
 20
1527.963957186338
 30
0.0
  0
VERTEX
  5
1EAB
330
1EA9
100
AcDbEntity
  8
0
 62
     6
370
     0
100
AcDbVertex
100
AcDb2dVertex
 10
2944.991308222621
 20
1527.645193689149
 30
0.0
  0
VERTEX
  5
1EAC
330
1EA9
100
AcDbEntity
  8
0
 62
     6
370
     0
100
AcDbVertex
100
AcDb2dVertex
 10
2944.502537526932
 20
1527.092670294023
 30
0.0
  0
VERTEX
  5
1EAD
330
1EA9
100
AcDbEntity
  8
0
 62
     6
370
     0
100
AcDbVertex
100
AcDb2dVertex
 10
2944.290028528806
 20
1526.306387000958
 30
0.0
  0
VERTEX
  5
1EAE
330
1EA9
100
AcDbEntity
  8
0
 62
     6
370
     0
100
AcDbVertex
100
AcDb2dVertex
 10
2944.375032128057
 20
1525.775114505644
 30
0.0
  0
VERTEX
  5
1EAF
330
1EA9
100
AcDbEntity
  8
0
 62
     6
370
     0
100
AcDbVertex
100
AcDb2dVertex
 10
2944.800050124307
 20
1525.116336611455
 30
0.0
  0
VERTEX
  5
1EB0
330
1EA9
100
AcDbEntity
  8
0
 62
     6
370
     0
100
AcDbVertex
100
AcDb2dVertex
 10
2946.521373009124
 20
1525.413849208831
 30
0.0
  0
VERTEX
  5
1EB1
330
1EA9
100
AcDbEntity
  8
0
 62
     6
370
     0
100
AcDbVertex
100
AcDb2dVertex
 10
2946.372616710437
 20
1525.413849208831
 30
0.0
  0
VERTEX
  5
1EB2
330
1EA9
100
AcDbEntity
  8
0
 62
     6
370
     0
100
AcDbVertex
100
AcDb2dVertex
 10
2945.65008611681
 20
1525.690110906394
 30
0.0
  0
VERTEX
  5
1EB3
330
1EA9
100
AcDbEntity
  8
0
 62
     6
370
     0
100
AcDbVertex
100
AcDb2dVertex
 10
2945.352573519434
 20
1526.327637900771
 30
0.0
  0
VERTEX
  5
1EB4
330
1EA9
100
AcDbEntity
  8
0
 62
     6
370
     0
100
AcDbVertex
100
AcDb2dVertex
 10
2945.480078918309
 20
1526.795157696647
 30
0.0
  0
VERTEX
  5
1EB5
330
1EA9
100
AcDbEntity
  8
0
 62
     6
370
     0
100
AcDbVertex
100
AcDb2dVertex
 10
2945.862595114935
 20
1527.113921193835
 30
0.0
  0
VERTEX
  5
1EB6
330
1EA9
100
AcDbEntity
  8
0
 62
     6
370
     0
100
AcDbVertex
100
AcDb2dVertex
 10
2945.905096914561
 20
1527.135172093648
 30
0.0
  0
VERTEX
  5
1EB7
330
1EA9
100
AcDbEntity
  8
0
 62
     6
370
     0
100
AcDbVertex
100
AcDb2dVertex
 10
2946.733882007249
 20
1527.326430191961
 30
0.0
  0
VERTEX
  5
1EB8
330
1EA9
100
AcDbEntity
  8
0
 62
     6
370
     0
100
AcDbVertex
100
AcDb2dVertex
 10
2947.64767069919
 20
1527.475186490649
 30
0.0
  0
VERTEX
  5
1EB9
330
1EA9
100
AcDbEntity
  8
0
 62
     6
370
     0
100
AcDbVertex
100
AcDb2dVertex
 10
2948.327699493192
 20
1527.687695488775
 30
0.0
  0
SEQEND
  5
1EBA
330
1EA9
100
AcDbEntity
  8
0
 62
     6
370
     0
  0
POLYLINE
  5
1EBB
330
1F
100
AcDbEntity
  8
0
 62
     6
370
     0
100
AcDb2dPolyline
 66
     1
 10
0.0
 20
0.0
 30
0.0
 70
     1
  0
VERTEX
  5
1EBC
330
1EBB
100
AcDbEntity
  8
0
 62
     6
370
     0
100
AcDbVertex
100
AcDb2dVertex
 10
2944.906304623371
 20
1529.919039969093
 30
0.0
  0
VERTEX
  5
1EBD
330
1EBB
100
AcDbEntity
  8
0
 62
     6
370
     0
100
AcDbVertex
100
AcDb2dVertex
 10
2944.757548324682
 20
1529.72778187078
 30
0.0
  0
VERTEX
  5
1EBE
330
1EBB
100
AcDbEntity
  8
0
 62
     6
370
     0
100
AcDbVertex
100
AcDb2dVertex
 10
2944.460035727307
 20
1528.920247677903
 30
0.0
  0
VERTEX
  5
1EBF
330
1EBB
100
AcDbEntity
  8
0
 62
     6
370
     0
100
AcDbVertex
100
AcDb2dVertex
 10
2945.416326218872
 20
1528.792742279028
 30
0.0
  0
VERTEX
  5
1EC0
330
1EBB
100
AcDbEntity
  8
0
 62
     6
370
     0
100
AcDbVertex
100
AcDb2dVertex
 10
2945.501329818122
 20
1529.005251277153
 30
0.0
  0
VERTEX
  5
1EC1
330
1EBB
100
AcDbEntity
  8
0
 62
     6
370
     0
100
AcDbVertex
100
AcDb2dVertex
 10
2945.926347814373
 20
1529.64277827153
 30
0.0
  0
VERTEX
  5
1EC2
330
1EBB
100
AcDbEntity
  8
0
 62
     6
370
     0
100
AcDbVertex
100
AcDb2dVertex
 10
2946.075104113061
 20
1529.749032770593
 30
0.0
  0
VERTEX
  5
1EC3
330
1EBB
100
AcDbEntity
  8
0
 62
     6
370
     0
100
AcDbVertex
100
AcDb2dVertex
 10
2946.946391005376
 20
1529.897789069281
 30
0.0
  0
SEQEND
  5
1EC4
330
1EBB
100
AcDbEntity
  8
0
 62
     6
370
     0
  0
POLYLINE
  5
1EC5
330
1F
100
AcDbEntity
  8
0
 62
     6
370
     0
100
AcDb2dPolyline
 66
     1
 10
0.0
 20
0.0
 30
0.0
 70
     1
  0
VERTEX
  5
1EC6
330
1EC5
100
AcDbEntity
  8
0
 62
     6
370
     0
100
AcDbVertex
100
AcDb2dVertex
 10
2947.073896404251
 20
1530.705323262158
 30
0.0
  0
VERTEX
  5
1EC7
330
1EC5
100
AcDbEntity
  8
0
 62
     6
370
     0
100
AcDbVertex
100
AcDb2dVertex
 10
2946.542623908938
 20
1530.684072362345
 30
0.0
  0
VERTEX
  5
1EC8
330
1EC5
100
AcDbEntity
  8
0
 62
     6
370
     0
100
AcDbVertex
100
AcDb2dVertex
 10
2945.756340615873
 20
1530.514065163845
 30
0.0
  0
VERTEX
  5
1EC9
330
1EC5
100
AcDbEntity
  8
0
 62
     6
370
     0
100
AcDbVertex
100
AcDb2dVertex
 10
2945.522580717934
 20
1530.407810664782
 30
0.0
  0
VERTEX
  5
1ECA
330
1EC5
100
AcDbEntity
  8
0
 62
     6
370
     0
100
AcDbVertex
100
AcDb2dVertex
 10
2944.906304623371
 20
1529.919039969093
 30
0.0
  0
VERTEX
  5
1ECB
330
1EC5
100
AcDbEntity
  8
0
 62
     6
370
     0
100
AcDbVertex
100
AcDb2dVertex
 10
2946.946391005376
 20
1529.897789069281
 30
0.0
  0
VERTEX
  5
1ECC
330
1EC5
100
AcDbEntity
  8
0
 62
     6
370
     0
100
AcDbVertex
100
AcDb2dVertex
 10
2947.371409001627
 20
1529.855287269656
 30
0.0
  0
VERTEX
  5
1ECD
330
1EC5
100
AcDbEntity
  8
0
 62
     6
370
     0
100
AcDbVertex
100
AcDb2dVertex
 10
2948.05143779563
 20
1529.55777467228
 30
0.0
  0
VERTEX
  5
1ECE
330
1EC5
100
AcDbEntity
  8
0
 62
     6
370
     0
100
AcDbVertex
100
AcDb2dVertex
 10
2948.115190495067
 20
1529.494021972842
 30
0.0
  0
VERTEX
  5
1ECF
330
1EC5
100
AcDbEntity
  8
0
 62
     6
370
     0
100
AcDbVertex
100
AcDb2dVertex
 10
2948.327699493192
 20
1528.707738679777
 30
0.0
  0
VERTEX
  5
1ED0
330
1EC5
100
AcDbEntity
  8
0
 62
     6
370
     0
100
AcDbVertex
100
AcDb2dVertex
 10
2948.327699493192
 20
1528.452727882027
 30
0.0
  0
VERTEX
  5
1ED1
330
1EC5
100
AcDbEntity
  8
0
 62
     6
370
     0
100
AcDbVertex
100
AcDb2dVertex
 10
2948.242695893942
 20
1528.431476982214
 30
0.0
  0
VERTEX
  5
1ED2
330
1EC5
100
AcDbEntity
  8
0
 62
     6
370
     0
100
AcDbVertex
100
AcDb2dVertex
 10
2947.541416200128
 20
1528.261469783714
 30
0.0
  0
VERTEX
  5
1ED3
330
1EC5
100
AcDbEntity
  8
0
 62
     6
370
     0
100
AcDbVertex
100
AcDb2dVertex
 10
2946.585125708562
 20
1528.112713485026
 30
0.0
  0
VERTEX
  5
1ED4
330
1EC5
100
AcDbEntity
  8
0
 62
     6
370
     0
100
AcDbVertex
100
AcDb2dVertex
 10
2946.521373009124
 20
1528.112713485026
 30
0.0
  0
VERTEX
  5
1ED5
330
1EC5
100
AcDbEntity
  8
0
 62
     6
370
     0
100
AcDbVertex
100
AcDb2dVertex
 10
2945.713838816248
 20
1527.963957186338
 30
0.0
  0
VERTEX
  5
1ED6
330
1EC5
100
AcDbEntity
  8
0
 62
     6
370
     0
100
AcDbVertex
100
AcDb2dVertex
 10
2948.327699493192
 20
1527.687695488775
 30
0.0
  0
VERTEX
  5
1ED7
330
1EC5
100
AcDbEntity
  8
0
 62
     6
370
     0
100
AcDbVertex
100
AcDb2dVertex
 10
2948.327699493192
 20
1527.326430191961
 30
0.0
  0
VERTEX
  5
1ED8
330
1EC5
100
AcDbEntity
  8
0
 62
     6
370
     0
100
AcDbVertex
100
AcDb2dVertex
 10
2948.327699493192
 20
1527.113921193835
 30
0.0
  0
VERTEX
  5
1ED9
330
1EC5
100
AcDbEntity
  8
0
 62
     6
370
     0
100
AcDbVertex
100
AcDb2dVertex
 10
2948.178943194505
 20
1526.348888800584
 30
0.0
  0
VERTEX
  5
1EDA
330
1EC5
100
AcDbEntity
  8
0
 62
     6
370
     0
100
AcDbVertex
100
AcDb2dVertex
 10
2948.115190495067
 20
1526.242634301521
 30
0.0
  0
VERTEX
  5
1EDB
330
1EC5
100
AcDbEntity
  8
0
 62
     6
370
     0
100
AcDbVertex
100
AcDb2dVertex
 10
2947.520165300315
 20
1525.668860006582
 30
0.0
  0
VERTEX
  5
1EDC
330
1EC5
100
AcDbEntity
  8
0
 62
     6
370
     0
100
AcDbVertex
100
AcDb2dVertex
 10
2947.328907202002
 20
1525.583856407331
 30
0.0
  0
VERTEX
  5
1EDD
330
1EC5
100
AcDbEntity
  8
0
 62
     6
370
     0
100
AcDbVertex
100
AcDb2dVertex
 10
2946.521373009124
 20
1525.413849208831
 30
0.0
  0
VERTEX
  5
1EDE
330
1EC5
100
AcDbEntity
  8
0
 62
     6
370
     0
100
AcDbVertex
100
AcDb2dVertex
 10
2944.800050124307
 20
1525.116336611455
 30
0.0
  0
VERTEX
  5
1EDF
330
1EC5
100
AcDbEntity
  8
0
 62
     6
370
     0
100
AcDbVertex
100
AcDb2dVertex
 10
2945.395075319059
 20
1524.776322214454
 30
0.0
  0
VERTEX
  5
1EE0
330
1EC5
100
AcDbEntity
  8
0
 62
     6
370
     0
100
AcDbVertex
100
AcDb2dVertex
 10
2946.266362211374
 20
1524.648816815579
 30
0.0
  0
VERTEX
  5
1EE1
330
1EC5
100
AcDbEntity
  8
0
 62
     6
370
     0
100
AcDbVertex
100
AcDb2dVertex
 10
2946.56387480875
 20
1524.670067715392
 30
0.0
  0
VERTEX
  5
1EE2
330
1EC5
100
AcDbEntity
  8
0
 62
     6
370
     0
100
AcDbVertex
100
AcDb2dVertex
 10
2947.371409001627
 20
1524.840074913892
 30
0.0
  0
VERTEX
  5
1EE3
330
1EC5
100
AcDbEntity
  8
0
 62
     6
370
     0
100
AcDbVertex
100
AcDb2dVertex
 10
2947.690172498815
 20
1524.98883121258
 30
0.0
  0
VERTEX
  5
1EE4
330
1EC5
100
AcDbEntity
  8
0
 62
     6
370
     0
100
AcDbVertex
100
AcDb2dVertex
 10
2948.412703092442
 20
1525.498852808081
 30
0.0
  0
VERTEX
  5
1EE5
330
1EC5
100
AcDbEntity
  8
0
 62
     6
370
     0
100
AcDbVertex
100
AcDb2dVertex
 10
2949.39024448382
 20
1525.498852808081
 30
0.0
  0
VERTEX
  5
1EE6
330
1EC5
100
AcDbEntity
  8
0
 62
     6
370
     0
100
AcDbVertex
100
AcDb2dVertex
 10
2949.326491784382
 20
1526.115128902645
 30
0.0
  0
VERTEX
  5
1EE7
330
1EC5
100
AcDbEntity
  8
0
 62
     6
370
     0
100
AcDbVertex
100
AcDb2dVertex
 10
2949.326491784382
 20
1527.198924793086
 30
0.0
  0
VERTEX
  5
1EE8
330
1EC5
100
AcDbEntity
  8
0
 62
     6
370
     0
100
AcDbVertex
100
AcDb2dVertex
 10
2949.326491784382
 20
1528.516480581464
 30
0.0
  0
VERTEX
  5
1EE9
330
1EC5
100
AcDbEntity
  8
0
 62
     6
370
     0
100
AcDbVertex
100
AcDb2dVertex
 10
2949.326491784382
 20
1528.622735080527
 30
0.0
  0
VERTEX
  5
1EEA
330
1EC5
100
AcDbEntity
  8
0
 62
     6
370
     0
100
AcDbVertex
100
AcDb2dVertex
 10
2949.262739084945
 20
1529.430269273404
 30
0.0
  0
VERTEX
  5
1EEB
330
1EC5
100
AcDbEntity
  8
0
 62
     6
370
     0
100
AcDbVertex
100
AcDb2dVertex
 10
2948.965226487569
 20
1530.089047167594
 30
0.0
  0
VERTEX
  5
1EEC
330
1EC5
100
AcDbEntity
  8
0
 62
     6
370
     0
100
AcDbVertex
100
AcDb2dVertex
 10
2948.285197693568
 20
1530.535316063657
 30
0.0
  0
VERTEX
  5
1EED
330
1EC5
100
AcDbEntity
  8
0
 62
     6
370
     0
100
AcDbVertex
100
AcDb2dVertex
 10
2947.966434196379
 20
1530.620319662908
 30
0.0
  0
SEQEND
  5
1EEE
330
1EC5
100
AcDbEntity
  8
0
 62
     6
370
     0
  0
POLYLINE
  5
1EEF
330
1F
100
AcDbEntity
  8
0
 62
     6
370
     0
100
AcDb2dPolyline
 66
     1
 10
0.0
 20
0.0
 30
0.0
 70
     1
  0
VERTEX
  5
1EF0
330
1EEF
100
AcDbEntity
  8
0
 62
     6
370
     0
100
AcDbVertex
100
AcDb2dVertex
 10
2951.834097962264
 20
1530.577817863283
 30
0.0
  0
VERTEX
  5
1EF1
330
1EEF
100
AcDbEntity
  8
0
 62
     6
370
     0
100
AcDbVertex
100
AcDb2dVertex
 10
2950.856556570887
 20
1530.577817863283
 30
0.0
  0
VERTEX
  5
1EF2
330
1EEF
100
AcDbEntity
  8
0
 62
     6
370
     0
100
AcDbVertex
100
AcDb2dVertex
 10
2950.856556570887
 20
1524.776322214454
 30
0.0
  0
VERTEX
  5
1EF3
330
1EEF
100
AcDbEntity
  8
0
 62
     6
370
     0
100
AcDbVertex
100
AcDb2dVertex
 10
2951.834097962264
 20
1524.776322214454
 30
0.0
  0
SEQEND
  5
1EF4
330
1EEF
100
AcDbEntity
  8
0
 62
     6
370
     0
  0
POLYLINE
  5
1EF5
330
1F
100
AcDbEntity
  8
0
 62
     6
370
     0
100
AcDb2dPolyline
 66
     1
 10
0.0
 20
0.0
 30
0.0
 70
     1
  0
VERTEX
  5
1EF6
330
1EF5
100
AcDbEntity
  8
0
 62
     6
370
     0
100
AcDbVertex
100
AcDb2dVertex
 10
2951.834097962264
 20
1532.787911443788
 30
0.0
  0
VERTEX
  5
1EF7
330
1EF5
100
AcDbEntity
  8
0
 62
     6
370
     0
100
AcDbVertex
100
AcDb2dVertex
 10
2950.856556570887
 20
1532.787911443788
 30
0.0
  0
VERTEX
  5
1EF8
330
1EF5
100
AcDbEntity
  8
0
 62
     6
370
     0
100
AcDbVertex
100
AcDb2dVertex
 10
2950.856556570887
 20
1531.64036285391
 30
0.0
  0
VERTEX
  5
1EF9
330
1EF5
100
AcDbEntity
  8
0
 62
     6
370
     0
100
AcDbVertex
100
AcDb2dVertex
 10
2951.834097962264
 20
1531.64036285391
 30
0.0
  0
SEQEND
  5
1EFA
330
1EF5
100
AcDbEntity
  8
0
 62
     6
370
     0
  0
POLYLINE
  5
1EFB
330
1F
100
AcDbEntity
  8
0
 62
     6
370
     0
100
AcDb2dPolyline
 66
     1
 10
0.0
 20
0.0
 30
0.0
 70
     1
  0
VERTEX
  5
1EFC
330
1EFB
100
AcDbEntity
  8
0
 62
     6
370
     0
100
AcDbVertex
100
AcDb2dVertex
 10
2954.78797303621
 20
1527.793949987837
 30
0.0
  0
VERTEX
  5
1EFD
330
1EFB
100
AcDbEntity
  8
0
 62
     6
370
     0
100
AcDbVertex
100
AcDb2dVertex
 10
2952.662883054955
 20
1524.776322214454
 30
0.0
  0
VERTEX
  5
1EFE
330
1EFB
100
AcDbEntity
  8
0
 62
     6
370
     0
100
AcDbVertex
100
AcDb2dVertex
 10
2953.852933444457
 20
1524.776322214454
 30
0.0
  0
VERTEX
  5
1EFF
330
1EFB
100
AcDbEntity
  8
0
 62
     6
370
     0
100
AcDbVertex
100
AcDb2dVertex
 10
2955.382998230961
 20
1527.071419394211
 30
0.0
  0
SEQEND
  5
1F00
330
1EFB
100
AcDbEntity
  8
0
 62
     6
370
     0
  0
POLYLINE
  5
1F01
330
1F
100
AcDbEntity
  8
0
 62
     6
370
     0
100
AcDb2dPolyline
 66
     1
 10
0.0
 20
0.0
 30
0.0
 70
     1
  0
VERTEX
  5
1F02
330
1F01
100
AcDbEntity
  8
0
 62
     6
370
     0
100
AcDbVertex
100
AcDb2dVertex
 10
2954.04419154277
 20
1530.577817863283
 30
0.0
  0
VERTEX
  5
1F03
330
1F01
100
AcDbEntity
  8
0
 62
     6
370
     0
100
AcDbVertex
100
AcDb2dVertex
 10
2952.832890253456
 20
1530.577817863283
 30
0.0
  0
VERTEX
  5
1F04
330
1F01
100
AcDbEntity
  8
0
 62
     6
370
     0
100
AcDbVertex
100
AcDb2dVertex
 10
2954.78797303621
 20
1527.793949987837
 30
0.0
  0
VERTEX
  5
1F05
330
1F01
100
AcDbEntity
  8
0
 62
     6
370
     0
100
AcDbVertex
100
AcDb2dVertex
 10
2955.382998230961
 20
1527.071419394211
 30
0.0
  0
VERTEX
  5
1F06
330
1F01
100
AcDbEntity
  8
0
 62
     6
370
     0
100
AcDbVertex
100
AcDb2dVertex
 10
2955.70176172815
 20
1526.582648698522
 30
0.0
  0
VERTEX
  5
1F07
330
1F01
100
AcDbEntity
  8
0
 62
     6
370
     0
100
AcDbVertex
100
AcDb2dVertex
 10
2956.891812117653
 20
1524.776322214454
 30
0.0
  0
VERTEX
  5
1F08
330
1F01
100
AcDbEntity
  8
0
 62
     6
370
     0
100
AcDbVertex
100
AcDb2dVertex
 10
2958.081862507156
 20
1524.776322214454
 30
0.0
  0
VERTEX
  5
1F09
330
1F01
100
AcDbEntity
  8
0
 62
     6
370
     0
100
AcDbVertex
100
AcDb2dVertex
 10
2955.935521626088
 20
1527.836451787463
 30
0.0
  0
VERTEX
  5
1F0A
330
1F01
100
AcDbEntity
  8
0
 62
     6
370
     0
100
AcDbVertex
100
AcDb2dVertex
 10
2955.340496431336
 20
1528.558982381088
 30
0.0
  0
VERTEX
  5
1F0B
330
1F01
100
AcDbEntity
  8
0
 62
     6
370
     0
100
AcDbVertex
100
AcDb2dVertex
 10
2954.936729334898
 20
1529.217760275279
 30
0.0
  0
SEQEND
  5
1F0C
330
1F01
100
AcDbEntity
  8
0
 62
     6
370
     0
  0
POLYLINE
  5
1F0D
330
1F
100
AcDbEntity
  8
0
 62
     6
370
     0
100
AcDb2dPolyline
 66
     1
 10
0.0
 20
0.0
 30
0.0
 70
     1
  0
VERTEX
  5
1F0E
330
1F0D
100
AcDbEntity
  8
0
 62
     6
370
     0
100
AcDbVertex
100
AcDb2dVertex
 10
2957.933106208468
 20
1530.577817863283
 30
0.0
  0
VERTEX
  5
1F0F
330
1F0D
100
AcDbEntity
  8
0
 62
     6
370
     0
100
AcDbVertex
100
AcDb2dVertex
 10
2956.764306718778
 20
1530.577817863283
 30
0.0
  0
VERTEX
  5
1F10
330
1F0D
100
AcDbEntity
  8
0
 62
     6
370
     0
100
AcDbVertex
100
AcDb2dVertex
 10
2955.7867653274
 20
1529.196509375466
 30
0.0
  0
VERTEX
  5
1F11
330
1F0D
100
AcDbEntity
  8
0
 62
     6
370
     0
100
AcDbVertex
100
AcDb2dVertex
 10
2955.340496431336
 20
1528.558982381088
 30
0.0
  0
VERTEX
  5
1F12
330
1F0D
100
AcDbEntity
  8
0
 62
     6
370
     0
100
AcDbVertex
100
AcDb2dVertex
 10
2955.935521626088
 20
1527.836451787463
 30
0.0
  0
SEQEND
  5
1F13
330
1F0D
100
AcDbEntity
  8
0
 62
     6
370
     0
  0
POLYLINE
  5
1F14
330
1F
100
AcDbEntity
  8
0
 62
     6
370
     0
100
AcDb2dPolyline
 66
     1
 10
0.0
 20
0.0
 30
0.0
 70
     1
  0
VERTEX
  5
1F15
330
1F14
100
AcDbEntity
  8
0
 62
     6
370
     0
100
AcDbVertex
100
AcDb2dVertex
 10
2963.649598258046
 20
1525.498852808081
 30
0.0
  0
VERTEX
  5
1F16
330
1F14
100
AcDbEntity
  8
0
 62
     6
370
     0
100
AcDbVertex
100
AcDb2dVertex
 10
2962.693307766481
 20
1525.498852808081
 30
0.0
  0
VERTEX
  5
1F17
330
1F14
100
AcDbEntity
  8
0
 62
     6
370
     0
100
AcDbVertex
100
AcDb2dVertex
 10
2962.884565864794
 20
1524.776322214454
 30
0.0
  0
VERTEX
  5
1F18
330
1F14
100
AcDbEntity
  8
0
 62
     6
370
     0
100
AcDbVertex
100
AcDb2dVertex
 10
2963.904609055797
 20
1524.776322214454
 30
0.0
  0
VERTEX
  5
1F19
330
1F14
100
AcDbEntity
  8
0
 62
     6
370
     0
100
AcDbVertex
100
AcDb2dVertex
 10
2963.670849157859
 20
1525.477601908268
 30
0.0
  0
SEQEND
  5
1F1A
330
1F14
100
AcDbEntity
  8
0
 62
     6
370
     0
  0
POLYLINE
  5
1F1B
330
1F
100
AcDbEntity
  8
0
 62
     6
370
     0
100
AcDb2dPolyline
 66
     1
 10
0.0
 20
0.0
 30
0.0
 70
     1
  0
VERTEX
  5
1F1C
330
1F1B
100
AcDbEntity
  8
0
 62
     6
370
     0
100
AcDbVertex
100
AcDb2dVertex
 10
2959.973192590475
 20
1527.963957186338
 30
0.0
  0
VERTEX
  5
1F1D
330
1F1B
100
AcDbEntity
  8
0
 62
     6
370
     0
100
AcDbVertex
100
AcDb2dVertex
 10
2959.271912896659
 20
1527.645193689149
 30
0.0
  0
VERTEX
  5
1F1E
330
1F1B
100
AcDbEntity
  8
0
 62
     6
370
     0
100
AcDbVertex
100
AcDb2dVertex
 10
2958.761891301158
 20
1527.092670294023
 30
0.0
  0
VERTEX
  5
1F1F
330
1F1B
100
AcDbEntity
  8
0
 62
     6
370
     0
100
AcDbVertex
100
AcDb2dVertex
 10
2958.570633202845
 20
1526.306387000958
 30
0.0
  0
VERTEX
  5
1F20
330
1F1B
100
AcDbEntity
  8
0
 62
     6
370
     0
100
AcDbVertex
100
AcDb2dVertex
 10
2958.655636802095
 20
1525.775114505644
 30
0.0
  0
VERTEX
  5
1F21
330
1F1B
100
AcDbEntity
  8
0
 62
     6
370
     0
100
AcDbVertex
100
AcDb2dVertex
 10
2959.080654798346
 20
1525.116336611455
 30
0.0
  0
VERTEX
  5
1F22
330
1F1B
100
AcDbEntity
  8
0
 62
     6
370
     0
100
AcDbVertex
100
AcDb2dVertex
 10
2960.780726783351
 20
1525.413849208831
 30
0.0
  0
VERTEX
  5
1F23
330
1F1B
100
AcDbEntity
  8
0
 62
     6
370
     0
100
AcDbVertex
100
AcDb2dVertex
 10
2960.653221384476
 20
1525.413849208831
 30
0.0
  0
VERTEX
  5
1F24
330
1F1B
100
AcDbEntity
  8
0
 62
     6
370
     0
100
AcDbVertex
100
AcDb2dVertex
 10
2959.930690790848
 20
1525.690110906394
 30
0.0
  0
VERTEX
  5
1F25
330
1F1B
100
AcDbEntity
  8
0
 62
     6
370
     0
100
AcDbVertex
100
AcDb2dVertex
 10
2959.611927293661
 20
1526.327637900771
 30
0.0
  0
VERTEX
  5
1F26
330
1F1B
100
AcDbEntity
  8
0
 62
     6
370
     0
100
AcDbVertex
100
AcDb2dVertex
 10
2959.760683592348
 20
1526.795157696647
 30
0.0
  0
VERTEX
  5
1F27
330
1F1B
100
AcDbEntity
  8
0
 62
     6
370
     0
100
AcDbVertex
100
AcDb2dVertex
 10
2960.143199788974
 20
1527.113921193835
 30
0.0
  0
VERTEX
  5
1F28
330
1F1B
100
AcDbEntity
  8
0
 62
     6
370
     0
100
AcDbVertex
100
AcDb2dVertex
 10
2960.164450688788
 20
1527.135172093648
 30
0.0
  0
VERTEX
  5
1F29
330
1F1B
100
AcDbEntity
  8
0
 62
     6
370
     0
100
AcDbVertex
100
AcDb2dVertex
 10
2960.993235781476
 20
1527.326430191961
 30
0.0
  0
VERTEX
  5
1F2A
330
1F1B
100
AcDbEntity
  8
0
 62
     6
370
     0
100
AcDbVertex
100
AcDb2dVertex
 10
2961.928275373228
 20
1527.475186490649
 30
0.0
  0
VERTEX
  5
1F2B
330
1F1B
100
AcDbEntity
  8
0
 62
     6
370
     0
100
AcDbVertex
100
AcDb2dVertex
 10
2962.608304167231
 20
1527.687695488775
 30
0.0
  0
SEQEND
  5
1F2C
330
1F1B
100
AcDbEntity
  8
0
 62
     6
370
     0
  0
POLYLINE
  5
1F2D
330
1F
100
AcDbEntity
  8
0
 62
     6
370
     0
100
AcDb2dPolyline
 66
     1
 10
0.0
 20
0.0
 30
0.0
 70
     1
  0
VERTEX
  5
1F2E
330
1F2D
100
AcDbEntity
  8
0
 62
     6
370
     0
100
AcDbVertex
100
AcDb2dVertex
 10
2959.165658397596
 20
1529.919039969093
 30
0.0
  0
VERTEX
  5
1F2F
330
1F2D
100
AcDbEntity
  8
0
 62
     6
370
     0
100
AcDbVertex
100
AcDb2dVertex
 10
2959.038152998721
 20
1529.72778187078
 30
0.0
  0
VERTEX
  5
1F30
330
1F2D
100
AcDbEntity
  8
0
 62
     6
370
     0
100
AcDbVertex
100
AcDb2dVertex
 10
2958.740640401345
 20
1528.920247677903
 30
0.0
  0
VERTEX
  5
1F31
330
1F2D
100
AcDbEntity
  8
0
 62
     6
370
     0
100
AcDbVertex
100
AcDb2dVertex
 10
2959.696930892911
 20
1528.792742279028
 30
0.0
  0
VERTEX
  5
1F32
330
1F2D
100
AcDbEntity
  8
0
 62
     6
370
     0
100
AcDbVertex
100
AcDb2dVertex
 10
2959.760683592348
 20
1529.005251277153
 30
0.0
  0
VERTEX
  5
1F33
330
1F2D
100
AcDbEntity
  8
0
 62
     6
370
     0
100
AcDbVertex
100
AcDb2dVertex
 10
2960.1857015886
 20
1529.64277827153
 30
0.0
  0
VERTEX
  5
1F34
330
1F2D
100
AcDbEntity
  8
0
 62
     6
370
     0
100
AcDbVertex
100
AcDb2dVertex
 10
2960.3557087871
 20
1529.749032770593
 30
0.0
  0
VERTEX
  5
1F35
330
1F2D
100
AcDbEntity
  8
0
 62
     6
370
     0
100
AcDbVertex
100
AcDb2dVertex
 10
2961.205744779602
 20
1529.897789069281
 30
0.0
  0
SEQEND
  5
1F36
330
1F2D
100
AcDbEntity
  8
0
 62
     6
370
     0
  0
POLYLINE
  5
1F37
330
1F
100
AcDbEntity
  8
0
 62
     6
370
     0
100
AcDb2dPolyline
 66
     1
 10
0.0
 20
0.0
 30
0.0
 70
     1
  0
VERTEX
  5
1F38
330
1F37
100
AcDbEntity
  8
0
 62
     6
370
     0
100
AcDbVertex
100
AcDb2dVertex
 10
2961.35450107829
 20
1530.705323262158
 30
0.0
  0
VERTEX
  5
1F39
330
1F37
100
AcDbEntity
  8
0
 62
     6
370
     0
100
AcDbVertex
100
AcDb2dVertex
 10
2960.823228582976
 20
1530.684072362345
 30
0.0
  0
VERTEX
  5
1F3A
330
1F37
100
AcDbEntity
  8
0
 62
     6
370
     0
100
AcDbVertex
100
AcDb2dVertex
 10
2960.036945289911
 20
1530.514065163845
 30
0.0
  0
VERTEX
  5
1F3B
330
1F37
100
AcDbEntity
  8
0
 62
     6
370
     0
100
AcDbVertex
100
AcDb2dVertex
 10
2959.803185391974
 20
1530.407810664782
 30
0.0
  0
VERTEX
  5
1F3C
330
1F37
100
AcDbEntity
  8
0
 62
     6
370
     0
100
AcDbVertex
100
AcDb2dVertex
 10
2959.165658397596
 20
1529.919039969093
 30
0.0
  0
VERTEX
  5
1F3D
330
1F37
100
AcDbEntity
  8
0
 62
     6
370
     0
100
AcDbVertex
100
AcDb2dVertex
 10
2961.205744779602
 20
1529.897789069281
 30
0.0
  0
VERTEX
  5
1F3E
330
1F37
100
AcDbEntity
  8
0
 62
     6
370
     0
100
AcDbVertex
100
AcDb2dVertex
 10
2961.652013675666
 20
1529.855287269656
 30
0.0
  0
VERTEX
  5
1F3F
330
1F37
100
AcDbEntity
  8
0
 62
     6
370
     0
100
AcDbVertex
100
AcDb2dVertex
 10
2962.332042469668
 20
1529.55777467228
 30
0.0
  0
VERTEX
  5
1F40
330
1F37
100
AcDbEntity
  8
0
 62
     6
370
     0
100
AcDbVertex
100
AcDb2dVertex
 10
2962.395795169106
 20
1529.494021972842
 30
0.0
  0
VERTEX
  5
1F41
330
1F37
100
AcDbEntity
  8
0
 62
     6
370
     0
100
AcDbVertex
100
AcDb2dVertex
 10
2962.608304167231
 20
1528.707738679777
 30
0.0
  0
VERTEX
  5
1F42
330
1F37
100
AcDbEntity
  8
0
 62
     6
370
     0
100
AcDbVertex
100
AcDb2dVertex
 10
2962.608304167231
 20
1528.452727882027
 30
0.0
  0
VERTEX
  5
1F43
330
1F37
100
AcDbEntity
  8
0
 62
     6
370
     0
100
AcDbVertex
100
AcDb2dVertex
 10
2962.523300567981
 20
1528.431476982214
 30
0.0
  0
VERTEX
  5
1F44
330
1F37
100
AcDbEntity
  8
0
 62
     6
370
     0
100
AcDbVertex
100
AcDb2dVertex
 10
2961.822020874167
 20
1528.261469783714
 30
0.0
  0
VERTEX
  5
1F45
330
1F37
100
AcDbEntity
  8
0
 62
     6
370
     0
100
AcDbVertex
100
AcDb2dVertex
 10
2960.844479482789
 20
1528.112713485026
 30
0.0
  0
VERTEX
  5
1F46
330
1F37
100
AcDbEntity
  8
0
 62
     6
370
     0
100
AcDbVertex
100
AcDb2dVertex
 10
2960.780726783351
 20
1528.112713485026
 30
0.0
  0
VERTEX
  5
1F47
330
1F37
100
AcDbEntity
  8
0
 62
     6
370
     0
100
AcDbVertex
100
AcDb2dVertex
 10
2959.973192590475
 20
1527.963957186338
 30
0.0
  0
VERTEX
  5
1F48
330
1F37
100
AcDbEntity
  8
0
 62
     6
370
     0
100
AcDbVertex
100
AcDb2dVertex
 10
2962.608304167231
 20
1527.687695488775
 30
0.0
  0
VERTEX
  5
1F49
330
1F37
100
AcDbEntity
  8
0
 62
     6
370
     0
100
AcDbVertex
100
AcDb2dVertex
 10
2962.608304167231
 20
1527.326430191961
 30
0.0
  0
VERTEX
  5
1F4A
330
1F37
100
AcDbEntity
  8
0
 62
     6
370
     0
100
AcDbVertex
100
AcDb2dVertex
 10
2962.608304167231
 20
1527.113921193835
 30
0.0
  0
VERTEX
  5
1F4B
330
1F37
100
AcDbEntity
  8
0
 62
     6
370
     0
100
AcDbVertex
100
AcDb2dVertex
 10
2962.438296968731
 20
1526.348888800584
 30
0.0
  0
VERTEX
  5
1F4C
330
1F37
100
AcDbEntity
  8
0
 62
     6
370
     0
100
AcDbVertex
100
AcDb2dVertex
 10
2962.374544269294
 20
1526.242634301521
 30
0.0
  0
VERTEX
  5
1F4D
330
1F37
100
AcDbEntity
  8
0
 62
     6
370
     0
100
AcDbVertex
100
AcDb2dVertex
 10
2961.800769974355
 20
1525.668860006582
 30
0.0
  0
VERTEX
  5
1F4E
330
1F37
100
AcDbEntity
  8
0
 62
     6
370
     0
100
AcDbVertex
100
AcDb2dVertex
 10
2961.609511876041
 20
1525.583856407331
 30
0.0
  0
VERTEX
  5
1F4F
330
1F37
100
AcDbEntity
  8
0
 62
     6
370
     0
100
AcDbVertex
100
AcDb2dVertex
 10
2960.780726783351
 20
1525.413849208831
 30
0.0
  0
VERTEX
  5
1F50
330
1F37
100
AcDbEntity
  8
0
 62
     6
370
     0
100
AcDbVertex
100
AcDb2dVertex
 10
2959.080654798346
 20
1525.116336611455
 30
0.0
  0
VERTEX
  5
1F51
330
1F37
100
AcDbEntity
  8
0
 62
     6
370
     0
100
AcDbVertex
100
AcDb2dVertex
 10
2959.675679993098
 20
1524.776322214454
 30
0.0
  0
VERTEX
  5
1F52
330
1F37
100
AcDbEntity
  8
0
 62
     6
370
     0
100
AcDbVertex
100
AcDb2dVertex
 10
2960.546966885413
 20
1524.648816815579
 30
0.0
  0
VERTEX
  5
1F53
330
1F37
100
AcDbEntity
  8
0
 62
     6
370
     0
100
AcDbVertex
100
AcDb2dVertex
 10
2960.844479482789
 20
1524.670067715392
 30
0.0
  0
VERTEX
  5
1F54
330
1F37
100
AcDbEntity
  8
0
 62
     6
370
     0
100
AcDbVertex
100
AcDb2dVertex
 10
2961.630762775854
 20
1524.840074913892
 30
0.0
  0
VERTEX
  5
1F55
330
1F37
100
AcDbEntity
  8
0
 62
     6
370
     0
100
AcDbVertex
100
AcDb2dVertex
 10
2961.970777172854
 20
1524.98883121258
 30
0.0
  0
VERTEX
  5
1F56
330
1F37
100
AcDbEntity
  8
0
 62
     6
370
     0
100
AcDbVertex
100
AcDb2dVertex
 10
2962.693307766481
 20
1525.498852808081
 30
0.0
  0
VERTEX
  5
1F57
330
1F37
100
AcDbEntity
  8
0
 62
     6
370
     0
100
AcDbVertex
100
AcDb2dVertex
 10
2963.649598258046
 20
1525.498852808081
 30
0.0
  0
VERTEX
  5
1F58
330
1F37
100
AcDbEntity
  8
0
 62
     6
370
     0
100
AcDbVertex
100
AcDb2dVertex
 10
2963.607096458421
 20
1526.115128902645
 30
0.0
  0
VERTEX
  5
1F59
330
1F37
100
AcDbEntity
  8
0
 62
     6
370
     0
100
AcDbVertex
100
AcDb2dVertex
 10
2963.585845558609
 20
1527.198924793086
 30
0.0
  0
VERTEX
  5
1F5A
330
1F37
100
AcDbEntity
  8
0
 62
     6
370
     0
100
AcDbVertex
100
AcDb2dVertex
 10
2963.585845558609
 20
1528.516480581464
 30
0.0
  0
VERTEX
  5
1F5B
330
1F37
100
AcDbEntity
  8
0
 62
     6
370
     0
100
AcDbVertex
100
AcDb2dVertex
 10
2963.585845558609
 20
1528.622735080527
 30
0.0
  0
VERTEX
  5
1F5C
330
1F37
100
AcDbEntity
  8
0
 62
     6
370
     0
100
AcDbVertex
100
AcDb2dVertex
 10
2963.543343758983
 20
1529.430269273404
 30
0.0
  0
VERTEX
  5
1F5D
330
1F37
100
AcDbEntity
  8
0
 62
     6
370
     0
100
AcDbVertex
100
AcDb2dVertex
 10
2963.245831161609
 20
1530.089047167594
 30
0.0
  0
VERTEX
  5
1F5E
330
1F37
100
AcDbEntity
  8
0
 62
     6
370
     0
100
AcDbVertex
100
AcDb2dVertex
 10
2962.565802367606
 20
1530.535316063657
 30
0.0
  0
VERTEX
  5
1F5F
330
1F37
100
AcDbEntity
  8
0
 62
     6
370
     0
100
AcDbVertex
100
AcDb2dVertex
 10
2962.225787970605
 20
1530.620319662908
 30
0.0
  0
SEQEND
  5
1F60
330
1F37
100
AcDbEntity
  8
0
 62
     6
370
     0
  0
POLYLINE
  5
1F61
330
1F
100
AcDbEntity
  8
0
 62
     6
370
     0
100
AcDb2dPolyline
 66
     1
 10
0.0
 20
0.0
 30
0.0
 70
     1
  0
VERTEX
  5
1F62
330
1F61
100
AcDbEntity
  8
0
 62
     6
370
     0
100
AcDbVertex
100
AcDb2dVertex
 10
2732.694819095169
 20
1519.314840962627
 30
0.0
  0
VERTEX
  5
1F63
330
1F61
100
AcDbEntity
  8
0
 62
     6
370
     0
100
AcDbVertex
100
AcDb2dVertex
 10
2731.611023204728
 20
1519.314840962627
 30
0.0
  0
VERTEX
  5
1F64
330
1F61
100
AcDbEntity
  8
0
 62
     6
370
     0
100
AcDbVertex
100
AcDb2dVertex
 10
2729.464682323659
 20
1513.492094413986
 30
0.0
  0
VERTEX
  5
1F65
330
1F61
100
AcDbEntity
  8
0
 62
     6
370
     0
100
AcDbVertex
100
AcDb2dVertex
 10
2729.273424225346
 20
1512.982072818485
 30
0.0
  0
VERTEX
  5
1F66
330
1F61
100
AcDbEntity
  8
0
 62
     6
370
     0
100
AcDbVertex
100
AcDb2dVertex
 10
2729.039664327409
 20
1512.19578952542
 30
0.0
  0
VERTEX
  5
1F67
330
1F61
100
AcDbEntity
  8
0
 62
     6
370
     0
100
AcDbVertex
100
AcDb2dVertex
 10
2728.487140932282
 20
1511.303251733292
 30
0.0
  0
VERTEX
  5
1F68
330
1F61
100
AcDbEntity
  8
0
 62
     6
370
     0
100
AcDbVertex
100
AcDb2dVertex
 10
2729.570936822723
 20
1511.303251733292
 30
0.0
  0
SEQEND
  5
1F69
330
1F61
100
AcDbEntity
  8
0
 62
     6
370
     0
  0
POLYLINE
  5
1F6A
330
1F
100
AcDbEntity
  8
0
 62
     6
370
     0
100
AcDb2dPolyline
 66
     1
 10
0.0
 20
0.0
 30
0.0
 70
     1
  0
VERTEX
  5
1F6B
330
1F6A
100
AcDbEntity
  8
0
 62
     6
370
     0
100
AcDbVertex
100
AcDb2dVertex
 10
2726.532058149527
 20
1519.314840962627
 30
0.0
  0
VERTEX
  5
1F6C
330
1F6A
100
AcDbEntity
  8
0
 62
     6
370
     0
100
AcDbVertex
100
AcDb2dVertex
 10
2725.384509559649
 20
1519.314840962627
 30
0.0
  0
VERTEX
  5
1F6D
330
1F6A
100
AcDbEntity
  8
0
 62
     6
370
     0
100
AcDbVertex
100
AcDb2dVertex
 10
2728.487140932282
 20
1511.303251733292
 30
0.0
  0
VERTEX
  5
1F6E
330
1F6A
100
AcDbEntity
  8
0
 62
     6
370
     0
100
AcDbVertex
100
AcDb2dVertex
 10
2729.039664327409
 20
1512.19578952542
 30
0.0
  0
VERTEX
  5
1F6F
330
1F6A
100
AcDbEntity
  8
0
 62
     6
370
     0
100
AcDbVertex
100
AcDb2dVertex
 10
2728.89090802872
 20
1512.684560221109
 30
0.0
  0
VERTEX
  5
1F70
330
1F6A
100
AcDbEntity
  8
0
 62
     6
370
     0
100
AcDbVertex
100
AcDb2dVertex
 10
2728.614646331157
 20
1513.492094413986
 30
0.0
  0
SEQEND
  5
1F71
330
1F6A
100
AcDbEntity
  8
0
 62
     6
370
     0
  0
POLYLINE
  5
1F72
330
1F
100
AcDbEntity
  8
0
 62
     6
370
     0
100
AcDb2dPolyline
 66
     1
 10
0.0
 20
0.0
 30
0.0
 70
     1
  0
VERTEX
  5
1F73
330
1F72
100
AcDbEntity
  8
0
 62
     6
370
     0
100
AcDbVertex
100
AcDb2dVertex
 10
2737.497522452806
 20
1513.173330916798
 30
0.0
  0
VERTEX
  5
1F74
330
1F72
100
AcDbEntity
  8
0
 62
     6
370
     0
100
AcDbVertex
100
AcDb2dVertex
 10
2737.370017053931
 20
1512.875818319422
 30
0.0
  0
VERTEX
  5
1F75
330
1F72
100
AcDbEntity
  8
0
 62
     6
370
     0
100
AcDbVertex
100
AcDb2dVertex
 10
2736.881246358243
 20
1512.28079312467
 30
0.0
  0
VERTEX
  5
1F76
330
1F72
100
AcDbEntity
  8
0
 62
     6
370
     0
100
AcDbVertex
100
AcDb2dVertex
 10
2736.753740959367
 20
1512.19578952542
 30
0.0
  0
VERTEX
  5
1F77
330
1F72
100
AcDbEntity
  8
0
 62
     6
370
     0
100
AcDbVertex
100
AcDb2dVertex
 10
2735.967457666304
 20
1511.983280527295
 30
0.0
  0
VERTEX
  5
1F78
330
1F72
100
AcDbEntity
  8
0
 62
     6
370
     0
100
AcDbVertex
100
AcDb2dVertex
 10
2733.94862218411
 20
1511.962029627482
 30
0.0
  0
VERTEX
  5
1F79
330
1F72
100
AcDbEntity
  8
0
 62
     6
370
     0
100
AcDbVertex
100
AcDb2dVertex
 10
2734.37364018036
 20
1511.600764330669
 30
0.0
  0
VERTEX
  5
1F7A
330
1F72
100
AcDbEntity
  8
0
 62
     6
370
     0
100
AcDbVertex
100
AcDb2dVertex
 10
2735.096170773988
 20
1511.28200083348
 30
0.0
  0
VERTEX
  5
1F7B
330
1F72
100
AcDbEntity
  8
0
 62
     6
370
     0
100
AcDbVertex
100
AcDb2dVertex
 10
2735.94620676649
 20
1511.175746334417
 30
0.0
  0
VERTEX
  5
1F7C
330
1F72
100
AcDbEntity
  8
0
 62
     6
370
     0
100
AcDbVertex
100
AcDb2dVertex
 10
2736.094963065178
 20
1511.175746334417
 30
0.0
  0
VERTEX
  5
1F7D
330
1F72
100
AcDbEntity
  8
0
 62
     6
370
     0
100
AcDbVertex
100
AcDb2dVertex
 10
2736.923748157868
 20
1511.324502633105
 30
0.0
  0
VERTEX
  5
1F7E
330
1F72
100
AcDbEntity
  8
0
 62
     6
370
     0
100
AcDbVertex
100
AcDb2dVertex
 10
2737.603776951869
 20
1511.664517030106
 30
0.0
  0
VERTEX
  5
1F7F
330
1F72
100
AcDbEntity
  8
0
 62
     6
370
     0
100
AcDbVertex
100
AcDb2dVertex
 10
2737.646278751495
 20
1511.685767929918
 30
0.0
  0
VERTEX
  5
1F80
330
1F72
100
AcDbEntity
  8
0
 62
     6
370
     0
100
AcDbVertex
100
AcDb2dVertex
 10
2738.177551246808
 20
1512.28079312467
 30
0.0
  0
VERTEX
  5
1F81
330
1F72
100
AcDbEntity
  8
0
 62
     6
370
     0
100
AcDbVertex
100
AcDb2dVertex
 10
2738.496314743997
 20
1513.045825517922
 30
0.0
  0
SEQEND
  5
1F82
330
1F72
100
AcDbEntity
  8
0
 62
     6
370
     0
  0
POLYLINE
  5
1F83
330
1F
100
AcDbEntity
  8
0
 62
     6
370
     0
100
AcDb2dPolyline
 66
     1
 10
0.0
 20
0.0
 30
0.0
 70
     1
  0
VERTEX
  5
1F84
330
1F83
100
AcDbEntity
  8
0
 62
     6
370
     0
100
AcDbVertex
100
AcDb2dVertex
 10
2733.94862218411
 20
1516.424718588119
 30
0.0
  0
VERTEX
  5
1F85
330
1F83
100
AcDbEntity
  8
0
 62
     6
370
     0
100
AcDbVertex
100
AcDb2dVertex
 10
2733.523604187858
 20
1515.829693393367
 30
0.0
  0
VERTEX
  5
1F86
330
1F83
100
AcDbEntity
  8
0
 62
     6
370
     0
100
AcDbVertex
100
AcDb2dVertex
 10
2733.28984428992
 20
1515.064661000115
 30
0.0
  0
VERTEX
  5
1F87
330
1F83
100
AcDbEntity
  8
0
 62
     6
370
     0
100
AcDbVertex
100
AcDb2dVertex
 10
2733.20484069067
 20
1514.150872308175
 30
0.0
  0
VERTEX
  5
1F88
330
1F83
100
AcDbEntity
  8
0
 62
     6
370
     0
100
AcDbVertex
100
AcDb2dVertex
 10
2733.268593390107
 20
1513.343338115298
 30
0.0
  0
VERTEX
  5
1F89
330
1F83
100
AcDbEntity
  8
0
 62
     6
370
     0
100
AcDbVertex
100
AcDb2dVertex
 10
2733.523604187858
 20
1512.578305722046
 30
0.0
  0
VERTEX
  5
1F8A
330
1F83
100
AcDbEntity
  8
0
 62
     6
370
     0
100
AcDbVertex
100
AcDb2dVertex
 10
2733.94862218411
 20
1511.962029627482
 30
0.0
  0
VERTEX
  5
1F8B
330
1F83
100
AcDbEntity
  8
0
 62
     6
370
     0
100
AcDbVertex
100
AcDb2dVertex
 10
2735.967457666304
 20
1511.983280527295
 30
0.0
  0
VERTEX
  5
1F8C
330
1F83
100
AcDbEntity
  8
0
 62
     6
370
     0
100
AcDbVertex
100
AcDb2dVertex
 10
2735.414934271176
 20
1512.068284126545
 30
0.0
  0
VERTEX
  5
1F8D
330
1F83
100
AcDbEntity
  8
0
 62
     6
370
     0
100
AcDbVertex
100
AcDb2dVertex
 10
2734.756156376987
 20
1512.493302122796
 30
0.0
  0
VERTEX
  5
1F8E
330
1F83
100
AcDbEntity
  8
0
 62
     6
370
     0
100
AcDbVertex
100
AcDb2dVertex
 10
2734.37364018036
 20
1513.088327317548
 30
0.0
  0
VERTEX
  5
1F8F
330
1F83
100
AcDbEntity
  8
0
 62
     6
370
     0
100
AcDbVertex
100
AcDb2dVertex
 10
2734.20363298186
 20
1513.959614209862
 30
0.0
  0
VERTEX
  5
1F90
330
1F83
100
AcDbEntity
  8
0
 62
     6
370
     0
100
AcDbVertex
100
AcDb2dVertex
 10
2738.538816543622
 20
1513.959614209862
 30
0.0
  0
VERTEX
  5
1F91
330
1F83
100
AcDbEntity
  8
0
 62
     6
370
     0
100
AcDbVertex
100
AcDb2dVertex
 10
2738.538816543622
 20
1514.214625007613
 30
0.0
  0
VERTEX
  5
1F92
330
1F83
100
AcDbEntity
  8
0
 62
     6
370
     0
100
AcDbVertex
100
AcDb2dVertex
 10
2734.267385681298
 20
1514.76714840274
 30
0.0
  0
VERTEX
  5
1F93
330
1F83
100
AcDbEntity
  8
0
 62
     6
370
     0
100
AcDbVertex
100
AcDb2dVertex
 10
2734.37364018036
 20
1515.319671797866
 30
0.0
  0
VERTEX
  5
1F94
330
1F83
100
AcDbEntity
  8
0
 62
     6
370
     0
100
AcDbVertex
100
AcDb2dVertex
 10
2734.777407276799
 20
1515.978449692055
 30
0.0
  0
VERTEX
  5
1F95
330
1F83
100
AcDbEntity
  8
0
 62
     6
370
     0
100
AcDbVertex
100
AcDb2dVertex
 10
2735.117421673801
 20
1516.233460489806
 30
0.0
  0
VERTEX
  5
1F96
330
1F83
100
AcDbEntity
  8
0
 62
     6
370
     0
100
AcDbVertex
100
AcDb2dVertex
 10
2735.903704966865
 20
1516.424718588119
 30
0.0
  0
SEQEND
  5
1F97
330
1F83
100
AcDbEntity
  8
0
 62
     6
370
     0
  0
POLYLINE
  5
1F98
330
1F
100
AcDbEntity
  8
0
 62
     6
370
     0
100
AcDb2dPolyline
 66
     1
 10
0.0
 20
0.0
 30
0.0
 70
     1
  0
VERTEX
  5
1F99
330
1F98
100
AcDbEntity
  8
0
 62
     6
370
     0
100
AcDbVertex
100
AcDb2dVertex
 10
2735.903704966865
 20
1517.232252780996
 30
0.0
  0
VERTEX
  5
1F9A
330
1F98
100
AcDbEntity
  8
0
 62
     6
370
     0
100
AcDbVertex
100
AcDb2dVertex
 10
2735.329930671925
 20
1517.189750981371
 30
0.0
  0
VERTEX
  5
1F9B
330
1F98
100
AcDbEntity
  8
0
 62
     6
370
     0
100
AcDbVertex
100
AcDb2dVertex
 10
2734.564898278673
 20
1516.913489283808
 30
0.0
  0
VERTEX
  5
1F9C
330
1F98
100
AcDbEntity
  8
0
 62
     6
370
     0
100
AcDbVertex
100
AcDb2dVertex
 10
2733.94862218411
 20
1516.424718588119
 30
0.0
  0
VERTEX
  5
1F9D
330
1F98
100
AcDbEntity
  8
0
 62
     6
370
     0
100
AcDbVertex
100
AcDb2dVertex
 10
2735.903704966865
 20
1516.424718588119
 30
0.0
  0
VERTEX
  5
1F9E
330
1F98
100
AcDbEntity
  8
0
 62
     6
370
     0
100
AcDbVertex
100
AcDb2dVertex
 10
2736.477479261804
 20
1516.339714988869
 30
0.0
  0
VERTEX
  5
1F9F
330
1F98
100
AcDbEntity
  8
0
 62
     6
370
     0
100
AcDbVertex
100
AcDb2dVertex
 10
2737.136257155993
 20
1515.872195192993
 30
0.0
  0
VERTEX
  5
1FA0
330
1F98
100
AcDbEntity
  8
0
 62
     6
370
     0
100
AcDbVertex
100
AcDb2dVertex
 10
2737.285013454681
 20
1515.617184395242
 30
0.0
  0
VERTEX
  5
1FA1
330
1F98
100
AcDbEntity
  8
0
 62
     6
370
     0
100
AcDbVertex
100
AcDb2dVertex
 10
2737.497522452806
 20
1514.76714840274
 30
0.0
  0
VERTEX
  5
1FA2
330
1F98
100
AcDbEntity
  8
0
 62
     6
370
     0
100
AcDbVertex
100
AcDb2dVertex
 10
2734.267385681298
 20
1514.76714840274
 30
0.0
  0
VERTEX
  5
1FA3
330
1F98
100
AcDbEntity
  8
0
 62
     6
370
     0
100
AcDbVertex
100
AcDb2dVertex
 10
2738.538816543622
 20
1514.214625007613
 30
0.0
  0
VERTEX
  5
1FA4
330
1F98
100
AcDbEntity
  8
0
 62
     6
370
     0
100
AcDbVertex
100
AcDb2dVertex
 10
2738.453812944372
 20
1515.064661000115
 30
0.0
  0
VERTEX
  5
1FA5
330
1F98
100
AcDbEntity
  8
0
 62
     6
370
     0
100
AcDbVertex
100
AcDb2dVertex
 10
2738.220053046434
 20
1515.829693393367
 30
0.0
  0
VERTEX
  5
1FA6
330
1F98
100
AcDbEntity
  8
0
 62
     6
370
     0
100
AcDbVertex
100
AcDb2dVertex
 10
2737.795035050182
 20
1516.445969487931
 30
0.0
  0
VERTEX
  5
1FA7
330
1F98
100
AcDbEntity
  8
0
 62
     6
370
     0
100
AcDbVertex
100
AcDb2dVertex
 10
2737.43376975337
 20
1516.76473298512
 30
0.0
  0
VERTEX
  5
1FA8
330
1F98
100
AcDbEntity
  8
0
 62
     6
370
     0
100
AcDbVertex
100
AcDb2dVertex
 10
2736.732490059555
 20
1517.125998281933
 30
0.0
  0
SEQEND
  5
1FA9
330
1F98
100
AcDbEntity
  8
0
 62
     6
370
     0
  0
POLYLINE
  5
1FAA
330
1F
100
AcDbEntity
  8
0
 62
     6
370
     0
100
AcDb2dPolyline
 66
     1
 10
0.0
 20
0.0
 30
0.0
 70
     1
  0
VERTEX
  5
1FAB
330
1FAA
100
AcDbEntity
  8
0
 62
     6
370
     0
100
AcDbVertex
100
AcDb2dVertex
 10
2740.60015382544
 20
1517.104747382121
 30
0.0
  0
VERTEX
  5
1FAC
330
1FAA
100
AcDbEntity
  8
0
 62
     6
370
     0
100
AcDbVertex
100
AcDb2dVertex
 10
2739.728866933126
 20
1517.104747382121
 30
0.0
  0
VERTEX
  5
1FAD
330
1FAA
100
AcDbEntity
  8
0
 62
     6
370
     0
100
AcDbVertex
100
AcDb2dVertex
 10
2739.728866933126
 20
1511.303251733292
 30
0.0
  0
VERTEX
  5
1FAE
330
1FAA
100
AcDbEntity
  8
0
 62
     6
370
     0
100
AcDbVertex
100
AcDb2dVertex
 10
2740.706408324503
 20
1511.303251733292
 30
0.0
  0
VERTEX
  5
1FAF
330
1FAA
100
AcDbEntity
  8
0
 62
     6
370
     0
100
AcDbVertex
100
AcDb2dVertex
 10
2740.706408324503
 20
1514.342130406488
 30
0.0
  0
VERTEX
  5
1FB0
330
1FAA
100
AcDbEntity
  8
0
 62
     6
370
     0
100
AcDbVertex
100
AcDb2dVertex
 10
2740.727659224316
 20
1514.682144803489
 30
0.0
  0
VERTEX
  5
1FB1
330
1FAA
100
AcDbEntity
  8
0
 62
     6
370
     0
100
AcDbVertex
100
AcDb2dVertex
 10
2740.876415523004
 20
1515.489678996367
 30
0.0
  0
VERTEX
  5
1FB2
330
1FAA
100
AcDbEntity
  8
0
 62
     6
370
     0
100
AcDbVertex
100
AcDb2dVertex
 10
2741.237680819816
 20
1516.02095149168
 30
0.0
  0
VERTEX
  5
1FB3
330
1FAA
100
AcDbEntity
  8
0
 62
     6
370
     0
100
AcDbVertex
100
AcDb2dVertex
 10
2741.811455114756
 20
1516.212209589993
 30
0.0
  0
VERTEX
  5
1FB4
330
1FAA
100
AcDbEntity
  8
0
 62
     6
370
     0
100
AcDbVertex
100
AcDb2dVertex
 10
2740.60015382544
 20
1516.233460489806
 30
0.0
  0
SEQEND
  5
1FB5
330
1FAA
100
AcDbEntity
  8
0
 62
     6
370
     0
  0
POLYLINE
  5
1FB6
330
1F
100
AcDbEntity
  8
0
 62
     6
370
     0
100
AcDb2dPolyline
 66
     1
 10
0.0
 20
0.0
 30
0.0
 70
     1
  0
VERTEX
  5
1FB7
330
1FB6
100
AcDbEntity
  8
0
 62
     6
370
     0
100
AcDbVertex
100
AcDb2dVertex
 10
2741.853956914381
 20
1517.232252780996
 30
0.0
  0
VERTEX
  5
1FB8
330
1FB6
100
AcDbEntity
  8
0
 62
     6
370
     0
100
AcDbVertex
100
AcDb2dVertex
 10
2741.237680819816
 20
1517.040994682683
 30
0.0
  0
VERTEX
  5
1FB9
330
1FB6
100
AcDbEntity
  8
0
 62
     6
370
     0
100
AcDbVertex
100
AcDb2dVertex
 10
2741.110175420941
 20
1516.955991083433
 30
0.0
  0
VERTEX
  5
1FBA
330
1FB6
100
AcDbEntity
  8
0
 62
     6
370
     0
100
AcDbVertex
100
AcDb2dVertex
 10
2740.60015382544
 20
1516.233460489806
 30
0.0
  0
VERTEX
  5
1FBB
330
1FB6
100
AcDbEntity
  8
0
 62
     6
370
     0
100
AcDbVertex
100
AcDb2dVertex
 10
2741.811455114756
 20
1516.212209589993
 30
0.0
  0
VERTEX
  5
1FBC
330
1FB6
100
AcDbEntity
  8
0
 62
     6
370
     0
100
AcDbVertex
100
AcDb2dVertex
 10
2742.533985708383
 20
1515.999700591868
 30
0.0
  0
VERTEX
  5
1FBD
330
1FB6
100
AcDbEntity
  8
0
 62
     6
370
     0
100
AcDbVertex
100
AcDb2dVertex
 10
2742.874000105384
 20
1516.913489283808
 30
0.0
  0
VERTEX
  5
1FBE
330
1FB6
100
AcDbEntity
  8
0
 62
     6
370
     0
100
AcDbVertex
100
AcDb2dVertex
 10
2742.640240207446
 20
1517.040994682683
 30
0.0
  0
SEQEND
  5
1FBF
330
1FB6
100
AcDbEntity
  8
0
 62
     6
370
     0
  0
POLYLINE
  5
1FC0
330
1F
100
AcDbEntity
  8
0
 62
     6
370
     0
100
AcDb2dPolyline
 66
     1
 10
0.0
 20
0.0
 30
0.0
 70
     1
  0
VERTEX
  5
1FC1
330
1FC0
100
AcDbEntity
  8
0
 62
     6
370
     0
100
AcDbVertex
100
AcDb2dVertex
 10
2750.843087535093
 20
1516.76473298512
 30
0.0
  0
VERTEX
  5
1FC2
330
1FC0
100
AcDbEntity
  8
0
 62
     6
370
     0
100
AcDbVertex
100
AcDb2dVertex
 10
2749.291771848776
 20
1516.382216788494
 30
0.0
  0
VERTEX
  5
1FC3
330
1FC0
100
AcDbEntity
  8
0
 62
     6
370
     0
100
AcDbVertex
100
AcDb2dVertex
 10
2749.886797043528
 20
1516.233460489806
 30
0.0
  0
VERTEX
  5
1FC4
330
1FC0
100
AcDbEntity
  8
0
 62
     6
370
     0
100
AcDbVertex
100
AcDb2dVertex
 10
2750.226811440529
 20
1515.808442493555
 30
0.0
  0
VERTEX
  5
1FC5
330
1FC0
100
AcDbEntity
  8
0
 62
     6
370
     0
100
AcDbVertex
100
AcDb2dVertex
 10
2750.226811440529
 20
1515.787191593742
 30
0.0
  0
VERTEX
  5
1FC6
330
1FC0
100
AcDbEntity
  8
0
 62
     6
370
     0
100
AcDbVertex
100
AcDb2dVertex
 10
2750.333065939591
 20
1514.958406501053
 30
0.0
  0
VERTEX
  5
1FC7
330
1FC0
100
AcDbEntity
  8
0
 62
     6
370
     0
100
AcDbVertex
100
AcDb2dVertex
 10
2750.333065939591
 20
1511.303251733292
 30
0.0
  0
VERTEX
  5
1FC8
330
1FC0
100
AcDbEntity
  8
0
 62
     6
370
     0
100
AcDbVertex
100
AcDb2dVertex
 10
2751.31060733097
 20
1511.303251733292
 30
0.0
  0
VERTEX
  5
1FC9
330
1FC0
100
AcDbEntity
  8
0
 62
     6
370
     0
100
AcDbVertex
100
AcDb2dVertex
 10
2751.31060733097
 20
1515.298420898053
 30
0.0
  0
VERTEX
  5
1FCA
330
1FC0
100
AcDbEntity
  8
0
 62
     6
370
     0
100
AcDbVertex
100
AcDb2dVertex
 10
2751.183101932094
 20
1516.127205990743
 30
0.0
  0
SEQEND
  5
1FCB
330
1FC0
100
AcDbEntity
  8
0
 62
     6
370
     0
  0
POLYLINE
  5
1FCC
330
1F
100
AcDbEntity
  8
0
 62
     6
370
     0
100
AcDb2dPolyline
 66
     1
 10
0.0
 20
0.0
 30
0.0
 70
     1
  0
VERTEX
  5
1FCD
330
1FCC
100
AcDbEntity
  8
0
 62
     6
370
     0
100
AcDbVertex
100
AcDb2dVertex
 10
2744.892835587577
 20
1516.892238383995
 30
0.0
  0
VERTEX
  5
1FCE
330
1FCC
100
AcDbEntity
  8
0
 62
     6
370
     0
100
AcDbVertex
100
AcDb2dVertex
 10
2744.340312192451
 20
1516.297213189243
 30
0.0
  0
VERTEX
  5
1FCF
330
1FCC
100
AcDbEntity
  8
0
 62
     6
370
     0
100
AcDbVertex
100
AcDb2dVertex
 10
2745.105344585702
 20
1516.169707790368
 30
0.0
  0
VERTEX
  5
1FD0
330
1FCC
100
AcDbEntity
  8
0
 62
     6
370
     0
100
AcDbVertex
100
AcDb2dVertex
 10
2745.870376978954
 20
1516.382216788494
 30
0.0
  0
SEQEND
  5
1FD1
330
1FCC
100
AcDbEntity
  8
0
 62
     6
370
     0
  0
POLYLINE
  5
1FD2
330
1F
100
AcDbEntity
  8
0
 62
     6
370
     0
100
AcDb2dPolyline
 66
     1
 10
0.0
 20
0.0
 30
0.0
 70
     1
  0
VERTEX
  5
1FD3
330
1FD2
100
AcDbEntity
  8
0
 62
     6
370
     0
100
AcDbVertex
100
AcDb2dVertex
 10
2744.340312192451
 20
1517.104747382121
 30
0.0
  0
VERTEX
  5
1FD4
330
1FD2
100
AcDbEntity
  8
0
 62
     6
370
     0
100
AcDbVertex
100
AcDb2dVertex
 10
2743.447774400323
 20
1517.104747382121
 30
0.0
  0
VERTEX
  5
1FD5
330
1FD2
100
AcDbEntity
  8
0
 62
     6
370
     0
100
AcDbVertex
100
AcDb2dVertex
 10
2743.447774400323
 20
1511.303251733292
 30
0.0
  0
VERTEX
  5
1FD6
330
1FD2
100
AcDbEntity
  8
0
 62
     6
370
     0
100
AcDbVertex
100
AcDb2dVertex
 10
2744.4253157917
 20
1511.303251733292
 30
0.0
  0
VERTEX
  5
1FD7
330
1FD2
100
AcDbEntity
  8
0
 62
     6
370
     0
100
AcDbVertex
100
AcDb2dVertex
 10
2744.4253157917
 20
1514.320879506676
 30
0.0
  0
VERTEX
  5
1FD8
330
1FD2
100
AcDbEntity
  8
0
 62
     6
370
     0
100
AcDbVertex
100
AcDb2dVertex
 10
2744.446566691513
 20
1514.788399302552
 30
0.0
  0
VERTEX
  5
1FD9
330
1FD2
100
AcDbEntity
  8
0
 62
     6
370
     0
100
AcDbVertex
100
AcDb2dVertex
 10
2744.595322990202
 20
1515.532180795992
 30
0.0
  0
VERTEX
  5
1FDA
330
1FD2
100
AcDbEntity
  8
0
 62
     6
370
     0
100
AcDbVertex
100
AcDb2dVertex
 10
2744.595322990202
 20
1515.532180795992
 30
0.0
  0
VERTEX
  5
1FDB
330
1FD2
100
AcDbEntity
  8
0
 62
     6
370
     0
100
AcDbVertex
100
AcDb2dVertex
 10
2745.105344585702
 20
1516.169707790368
 30
0.0
  0
VERTEX
  5
1FDC
330
1FD2
100
AcDbEntity
  8
0
 62
     6
370
     0
100
AcDbVertex
100
AcDb2dVertex
 10
2744.340312192451
 20
1516.297213189243
 30
0.0
  0
SEQEND
  5
1FDD
330
1FD2
100
AcDbEntity
  8
0
 62
     6
370
     0
  0
POLYLINE
  5
1FDE
330
1F
100
AcDbEntity
  8
0
 62
     6
370
     0
100
AcDb2dPolyline
 66
     1
 10
0.0
 20
0.0
 30
0.0
 70
     1
  0
VERTEX
  5
1FDF
330
1FDE
100
AcDbEntity
  8
0
 62
     6
370
     0
100
AcDbVertex
100
AcDb2dVertex
 10
2749.504280846902
 20
1517.232252780996
 30
0.0
  0
VERTEX
  5
1FE0
330
1FDE
100
AcDbEntity
  8
0
 62
     6
370
     0
100
AcDbVertex
100
AcDb2dVertex
 10
2748.973008351589
 20
1517.168500081559
 30
0.0
  0
VERTEX
  5
1FE1
330
1FDE
100
AcDbEntity
  8
0
 62
     6
370
     0
100
AcDbVertex
100
AcDb2dVertex
 10
2748.292979557586
 20
1516.84973658437
 30
0.0
  0
VERTEX
  5
1FE2
330
1FDE
100
AcDbEntity
  8
0
 62
     6
370
     0
100
AcDbVertex
100
AcDb2dVertex
 10
2747.719205262647
 20
1516.212209589993
 30
0.0
  0
VERTEX
  5
1FE3
330
1FDE
100
AcDbEntity
  8
0
 62
     6
370
     0
100
AcDbVertex
100
AcDb2dVertex
 10
2748.505488555712
 20
1516.169707790368
 30
0.0
  0
VERTEX
  5
1FE4
330
1FDE
100
AcDbEntity
  8
0
 62
     6
370
     0
100
AcDbVertex
100
AcDb2dVertex
 10
2749.291771848776
 20
1516.382216788494
 30
0.0
  0
VERTEX
  5
1FE5
330
1FDE
100
AcDbEntity
  8
0
 62
     6
370
     0
100
AcDbVertex
100
AcDb2dVertex
 10
2750.843087535093
 20
1516.76473298512
 30
0.0
  0
VERTEX
  5
1FE6
330
1FDE
100
AcDbEntity
  8
0
 62
     6
370
     0
100
AcDbVertex
100
AcDb2dVertex
 10
2750.354316839405
 20
1517.083496482308
 30
0.0
  0
SEQEND
  5
1FE7
330
1FDE
100
AcDbEntity
  8
0
 62
     6
370
     0
  0
POLYLINE
  5
1FE8
330
1F
100
AcDbEntity
  8
0
 62
     6
370
     0
100
AcDb2dPolyline
 66
     1
 10
0.0
 20
0.0
 30
0.0
 70
     1
  0
VERTEX
  5
1FE9
330
1FE8
100
AcDbEntity
  8
0
 62
     6
370
     0
100
AcDbVertex
100
AcDb2dVertex
 10
2746.08288597708
 20
1517.232252780996
 30
0.0
  0
VERTEX
  5
1FEA
330
1FE8
100
AcDbEntity
  8
0
 62
     6
370
     0
100
AcDbVertex
100
AcDb2dVertex
 10
2745.827875179329
 20
1517.232252780996
 30
0.0
  0
VERTEX
  5
1FEB
330
1FE8
100
AcDbEntity
  8
0
 62
     6
370
     0
100
AcDbVertex
100
AcDb2dVertex
 10
2745.062842786077
 20
1516.977241983245
 30
0.0
  0
VERTEX
  5
1FEC
330
1FE8
100
AcDbEntity
  8
0
 62
     6
370
     0
100
AcDbVertex
100
AcDb2dVertex
 10
2744.892835587577
 20
1516.892238383995
 30
0.0
  0
VERTEX
  5
1FED
330
1FE8
100
AcDbEntity
  8
0
 62
     6
370
     0
100
AcDbVertex
100
AcDb2dVertex
 10
2745.870376978954
 20
1516.382216788494
 30
0.0
  0
VERTEX
  5
1FEE
330
1FE8
100
AcDbEntity
  8
0
 62
     6
370
     0
100
AcDbVertex
100
AcDb2dVertex
 10
2745.955380578204
 20
1516.382216788494
 30
0.0
  0
VERTEX
  5
1FEF
330
1FE8
100
AcDbEntity
  8
0
 62
     6
370
     0
100
AcDbVertex
100
AcDb2dVertex
 10
2746.656660272019
 20
1516.063453291305
 30
0.0
  0
VERTEX
  5
1FF0
330
1FE8
100
AcDbEntity
  8
0
 62
     6
370
     0
100
AcDbVertex
100
AcDb2dVertex
 10
2746.741663871269
 20
1515.914696992618
 30
0.0
  0
VERTEX
  5
1FF1
330
1FE8
100
AcDbEntity
  8
0
 62
     6
370
     0
100
AcDbVertex
100
AcDb2dVertex
 10
2746.890420169957
 20
1515.085911899928
 30
0.0
  0
VERTEX
  5
1FF2
330
1FE8
100
AcDbEntity
  8
0
 62
     6
370
     0
100
AcDbVertex
100
AcDb2dVertex
 10
2746.890420169957
 20
1511.303251733292
 30
0.0
  0
VERTEX
  5
1FF3
330
1FE8
100
AcDbEntity
  8
0
 62
     6
370
     0
100
AcDbVertex
100
AcDb2dVertex
 10
2747.867961561335
 20
1511.303251733292
 30
0.0
  0
VERTEX
  5
1FF4
330
1FE8
100
AcDbEntity
  8
0
 62
     6
370
     0
100
AcDbVertex
100
AcDb2dVertex
 10
2747.867961561335
 20
1514.682144803489
 30
0.0
  0
VERTEX
  5
1FF5
330
1FE8
100
AcDbEntity
  8
0
 62
     6
370
     0
100
AcDbVertex
100
AcDb2dVertex
 10
2747.952965160585
 20
1515.340922697679
 30
0.0
  0
VERTEX
  5
1FF6
330
1FE8
100
AcDbEntity
  8
0
 62
     6
370
     0
100
AcDbVertex
100
AcDb2dVertex
 10
2748.271728657773
 20
1515.978449692055
 30
0.0
  0
VERTEX
  5
1FF7
330
1FE8
100
AcDbEntity
  8
0
 62
     6
370
     0
100
AcDbVertex
100
AcDb2dVertex
 10
2748.505488555712
 20
1516.169707790368
 30
0.0
  0
VERTEX
  5
1FF8
330
1FE8
100
AcDbEntity
  8
0
 62
     6
370
     0
100
AcDbVertex
100
AcDb2dVertex
 10
2747.719205262647
 20
1516.212209589993
 30
0.0
  0
VERTEX
  5
1FF9
330
1FE8
100
AcDbEntity
  8
0
 62
     6
370
     0
100
AcDbVertex
100
AcDb2dVertex
 10
2747.676703463022
 20
1516.360965888681
 30
0.0
  0
VERTEX
  5
1FFA
330
1FE8
100
AcDbEntity
  8
0
 62
     6
370
     0
100
AcDbVertex
100
AcDb2dVertex
 10
2747.145430967707
 20
1516.977241983245
 30
0.0
  0
VERTEX
  5
1FFB
330
1FE8
100
AcDbEntity
  8
0
 62
     6
370
     0
100
AcDbVertex
100
AcDb2dVertex
 10
2746.911671069769
 20
1517.083496482308
 30
0.0
  0
SEQEND
  5
1FFC
330
1FE8
100
AcDbEntity
  8
0
 62
     6
370
     0
  0
POLYLINE
  5
1FFD
330
1F
100
AcDbEntity
  8
0
 62
     6
370
     0
100
AcDb2dPolyline
 66
     1
 10
0.0
 20
0.0
 30
0.0
 70
     1
  0
VERTEX
  5
1FFE
330
1FFD
100
AcDbEntity
  8
0
 62
     6
370
     0
100
AcDbVertex
100
AcDb2dVertex
 10
2756.729586783171
 20
1513.173330916798
 30
0.0
  0
VERTEX
  5
1FFF
330
1FFD
100
AcDbEntity
  8
0
 62
     6
370
     0
100
AcDbVertex
100
AcDb2dVertex
 10
2756.602081384296
 20
1512.875818319422
 30
0.0
  0
VERTEX
  5
2000
330
1FFD
100
AcDbEntity
  8
0
 62
     6
370
     0
100
AcDbVertex
100
AcDb2dVertex
 10
2756.113310688608
 20
1512.28079312467
 30
0.0
  0
VERTEX
  5
2001
330
1FFD
100
AcDbEntity
  8
0
 62
     6
370
     0
100
AcDbVertex
100
AcDb2dVertex
 10
2755.985805289733
 20
1512.19578952542
 30
0.0
  0
VERTEX
  5
2002
330
1FFD
100
AcDbEntity
  8
0
 62
     6
370
     0
100
AcDbVertex
100
AcDb2dVertex
 10
2755.199521996667
 20
1511.983280527295
 30
0.0
  0
VERTEX
  5
2003
330
1FFD
100
AcDbEntity
  8
0
 62
     6
370
     0
100
AcDbVertex
100
AcDb2dVertex
 10
2753.180686514474
 20
1511.962029627482
 30
0.0
  0
VERTEX
  5
2004
330
1FFD
100
AcDbEntity
  8
0
 62
     6
370
     0
100
AcDbVertex
100
AcDb2dVertex
 10
2753.605704510726
 20
1511.600764330669
 30
0.0
  0
VERTEX
  5
2005
330
1FFD
100
AcDbEntity
  8
0
 62
     6
370
     0
100
AcDbVertex
100
AcDb2dVertex
 10
2754.328235104352
 20
1511.28200083348
 30
0.0
  0
VERTEX
  5
2006
330
1FFD
100
AcDbEntity
  8
0
 62
     6
370
     0
100
AcDbVertex
100
AcDb2dVertex
 10
2755.178271096855
 20
1511.175746334417
 30
0.0
  0
VERTEX
  5
2007
330
1FFD
100
AcDbEntity
  8
0
 62
     6
370
     0
100
AcDbVertex
100
AcDb2dVertex
 10
2755.327027395543
 20
1511.175746334417
 30
0.0
  0
VERTEX
  5
2008
330
1FFD
100
AcDbEntity
  8
0
 62
     6
370
     0
100
AcDbVertex
100
AcDb2dVertex
 10
2756.155812488232
 20
1511.324502633105
 30
0.0
  0
VERTEX
  5
2009
330
1FFD
100
AcDbEntity
  8
0
 62
     6
370
     0
100
AcDbVertex
100
AcDb2dVertex
 10
2756.835841282234
 20
1511.664517030106
 30
0.0
  0
VERTEX
  5
200A
330
1FFD
100
AcDbEntity
  8
0
 62
     6
370
     0
100
AcDbVertex
100
AcDb2dVertex
 10
2756.878343081859
 20
1511.685767929918
 30
0.0
  0
VERTEX
  5
200B
330
1FFD
100
AcDbEntity
  8
0
 62
     6
370
     0
100
AcDbVertex
100
AcDb2dVertex
 10
2757.409615577173
 20
1512.28079312467
 30
0.0
  0
VERTEX
  5
200C
330
1FFD
100
AcDbEntity
  8
0
 62
     6
370
     0
100
AcDbVertex
100
AcDb2dVertex
 10
2757.728379074361
 20
1513.045825517922
 30
0.0
  0
SEQEND
  5
200D
330
1FFD
100
AcDbEntity
  8
0
 62
     6
370
     0
  0
POLYLINE
  5
200E
330
1F
100
AcDbEntity
  8
0
 62
     6
370
     0
100
AcDb2dPolyline
 66
     1
 10
0.0
 20
0.0
 30
0.0
 70
     1
  0
VERTEX
  5
200F
330
200E
100
AcDbEntity
  8
0
 62
     6
370
     0
100
AcDbVertex
100
AcDb2dVertex
 10
2753.180686514474
 20
1516.424718588119
 30
0.0
  0
VERTEX
  5
2010
330
200E
100
AcDbEntity
  8
0
 62
     6
370
     0
100
AcDbVertex
100
AcDb2dVertex
 10
2752.755668518223
 20
1515.829693393367
 30
0.0
  0
VERTEX
  5
2011
330
200E
100
AcDbEntity
  8
0
 62
     6
370
     0
100
AcDbVertex
100
AcDb2dVertex
 10
2752.521908620285
 20
1515.064661000115
 30
0.0
  0
VERTEX
  5
2012
330
200E
100
AcDbEntity
  8
0
 62
     6
370
     0
100
AcDbVertex
100
AcDb2dVertex
 10
2752.436905021034
 20
1514.150872308175
 30
0.0
  0
VERTEX
  5
2013
330
200E
100
AcDbEntity
  8
0
 62
     6
370
     0
100
AcDbVertex
100
AcDb2dVertex
 10
2752.500657720472
 20
1513.343338115298
 30
0.0
  0
VERTEX
  5
2014
330
200E
100
AcDbEntity
  8
0
 62
     6
370
     0
100
AcDbVertex
100
AcDb2dVertex
 10
2752.755668518223
 20
1512.578305722046
 30
0.0
  0
VERTEX
  5
2015
330
200E
100
AcDbEntity
  8
0
 62
     6
370
     0
100
AcDbVertex
100
AcDb2dVertex
 10
2753.180686514474
 20
1511.962029627482
 30
0.0
  0
VERTEX
  5
2016
330
200E
100
AcDbEntity
  8
0
 62
     6
370
     0
100
AcDbVertex
100
AcDb2dVertex
 10
2755.199521996667
 20
1511.983280527295
 30
0.0
  0
VERTEX
  5
2017
330
200E
100
AcDbEntity
  8
0
 62
     6
370
     0
100
AcDbVertex
100
AcDb2dVertex
 10
2754.646998601542
 20
1512.068284126545
 30
0.0
  0
VERTEX
  5
2018
330
200E
100
AcDbEntity
  8
0
 62
     6
370
     0
100
AcDbVertex
100
AcDb2dVertex
 10
2753.988220707352
 20
1512.493302122796
 30
0.0
  0
VERTEX
  5
2019
330
200E
100
AcDbEntity
  8
0
 62
     6
370
     0
100
AcDbVertex
100
AcDb2dVertex
 10
2753.605704510726
 20
1513.088327317548
 30
0.0
  0
VERTEX
  5
201A
330
200E
100
AcDbEntity
  8
0
 62
     6
370
     0
100
AcDbVertex
100
AcDb2dVertex
 10
2753.435697312225
 20
1513.959614209862
 30
0.0
  0
VERTEX
  5
201B
330
200E
100
AcDbEntity
  8
0
 62
     6
370
     0
100
AcDbVertex
100
AcDb2dVertex
 10
2757.770880873987
 20
1513.959614209862
 30
0.0
  0
VERTEX
  5
201C
330
200E
100
AcDbEntity
  8
0
 62
     6
370
     0
100
AcDbVertex
100
AcDb2dVertex
 10
2757.770880873987
 20
1514.214625007613
 30
0.0
  0
VERTEX
  5
201D
330
200E
100
AcDbEntity
  8
0
 62
     6
370
     0
100
AcDbVertex
100
AcDb2dVertex
 10
2753.499450011663
 20
1514.76714840274
 30
0.0
  0
VERTEX
  5
201E
330
200E
100
AcDbEntity
  8
0
 62
     6
370
     0
100
AcDbVertex
100
AcDb2dVertex
 10
2753.605704510726
 20
1515.319671797866
 30
0.0
  0
VERTEX
  5
201F
330
200E
100
AcDbEntity
  8
0
 62
     6
370
     0
100
AcDbVertex
100
AcDb2dVertex
 10
2754.009471607164
 20
1515.978449692055
 30
0.0
  0
VERTEX
  5
2020
330
200E
100
AcDbEntity
  8
0
 62
     6
370
     0
100
AcDbVertex
100
AcDb2dVertex
 10
2754.349486004165
 20
1516.233460489806
 30
0.0
  0
VERTEX
  5
2021
330
200E
100
AcDbEntity
  8
0
 62
     6
370
     0
100
AcDbVertex
100
AcDb2dVertex
 10
2755.13576929723
 20
1516.424718588119
 30
0.0
  0
SEQEND
  5
2022
330
200E
100
AcDbEntity
  8
0
 62
     6
370
     0
  0
POLYLINE
  5
2023
330
1F
100
AcDbEntity
  8
0
 62
     6
370
     0
100
AcDb2dPolyline
 66
     1
 10
0.0
 20
0.0
 30
0.0
 70
     1
  0
VERTEX
  5
2024
330
2023
100
AcDbEntity
  8
0
 62
     6
370
     0
100
AcDbVertex
100
AcDb2dVertex
 10
2755.13576929723
 20
1517.232252780996
 30
0.0
  0
VERTEX
  5
2025
330
2023
100
AcDbEntity
  8
0
 62
     6
370
     0
100
AcDbVertex
100
AcDb2dVertex
 10
2754.561995002291
 20
1517.189750981371
 30
0.0
  0
VERTEX
  5
2026
330
2023
100
AcDbEntity
  8
0
 62
     6
370
     0
100
AcDbVertex
100
AcDb2dVertex
 10
2753.796962609038
 20
1516.913489283808
 30
0.0
  0
VERTEX
  5
2027
330
2023
100
AcDbEntity
  8
0
 62
     6
370
     0
100
AcDbVertex
100
AcDb2dVertex
 10
2753.180686514474
 20
1516.424718588119
 30
0.0
  0
VERTEX
  5
2028
330
2023
100
AcDbEntity
  8
0
 62
     6
370
     0
100
AcDbVertex
100
AcDb2dVertex
 10
2755.13576929723
 20
1516.424718588119
 30
0.0
  0
VERTEX
  5
2029
330
2023
100
AcDbEntity
  8
0
 62
     6
370
     0
100
AcDbVertex
100
AcDb2dVertex
 10
2755.730794491981
 20
1516.339714988869
 30
0.0
  0
VERTEX
  5
202A
330
2023
100
AcDbEntity
  8
0
 62
     6
370
     0
100
AcDbVertex
100
AcDb2dVertex
 10
2756.368321486358
 20
1515.872195192993
 30
0.0
  0
VERTEX
  5
202B
330
2023
100
AcDbEntity
  8
0
 62
     6
370
     0
100
AcDbVertex
100
AcDb2dVertex
 10
2756.517077785046
 20
1515.617184395242
 30
0.0
  0
VERTEX
  5
202C
330
2023
100
AcDbEntity
  8
0
 62
     6
370
     0
100
AcDbVertex
100
AcDb2dVertex
 10
2756.729586783171
 20
1514.76714840274
 30
0.0
  0
VERTEX
  5
202D
330
2023
100
AcDbEntity
  8
0
 62
     6
370
     0
100
AcDbVertex
100
AcDb2dVertex
 10
2753.499450011663
 20
1514.76714840274
 30
0.0
  0
VERTEX
  5
202E
330
2023
100
AcDbEntity
  8
0
 62
     6
370
     0
100
AcDbVertex
100
AcDb2dVertex
 10
2757.770880873987
 20
1514.214625007613
 30
0.0
  0
VERTEX
  5
202F
330
2023
100
AcDbEntity
  8
0
 62
     6
370
     0
100
AcDbVertex
100
AcDb2dVertex
 10
2757.685877274737
 20
1515.064661000115
 30
0.0
  0
VERTEX
  5
2030
330
2023
100
AcDbEntity
  8
0
 62
     6
370
     0
100
AcDbVertex
100
AcDb2dVertex
 10
2757.452117376798
 20
1515.829693393367
 30
0.0
  0
VERTEX
  5
2031
330
2023
100
AcDbEntity
  8
0
 62
     6
370
     0
100
AcDbVertex
100
AcDb2dVertex
 10
2757.027099380547
 20
1516.445969487931
 30
0.0
  0
VERTEX
  5
2032
330
2023
100
AcDbEntity
  8
0
 62
     6
370
     0
100
AcDbVertex
100
AcDb2dVertex
 10
2756.665834083734
 20
1516.76473298512
 30
0.0
  0
VERTEX
  5
2033
330
2023
100
AcDbEntity
  8
0
 62
     6
370
     0
100
AcDbVertex
100
AcDb2dVertex
 10
2755.964554389919
 20
1517.125998281933
 30
0.0
  0
SEQEND
  5
2034
330
2023
100
AcDbEntity
  8
0
 62
     6
370
     0
  0
POLYLINE
  5
2035
330
1F
100
AcDbEntity
  8
0
 62
     6
370
     0
100
AcDb2dPolyline
 66
     1
 10
0.0
 20
0.0
 30
0.0
 70
     1
  0
VERTEX
  5
2036
330
2035
100
AcDbEntity
  8
0
 62
     6
370
     0
100
AcDbVertex
100
AcDb2dVertex
 10
2758.939680363678
 20
1511.303251733292
 30
0.0
  0
VERTEX
  5
2037
330
2035
100
AcDbEntity
  8
0
 62
     6
370
     0
100
AcDbVertex
100
AcDb2dVertex
 10
2758.939680363678
 20
1519.314840962627
 30
0.0
  0
VERTEX
  5
2038
330
2035
100
AcDbEntity
  8
0
 62
     6
370
     0
100
AcDbVertex
100
AcDb2dVertex
 10
2759.917221755055
 20
1519.314840962627
 30
0.0
  0
VERTEX
  5
2039
330
2035
100
AcDbEntity
  8
0
 62
     6
370
     0
100
AcDbVertex
100
AcDb2dVertex
 10
2759.917221755055
 20
1511.303251733292
 30
0.0
  0
VERTEX
  5
203A
330
2035
100
AcDbEntity
  8
0
 62
     6
370
     0
100
AcDbVertex
100
AcDb2dVertex
 10
2758.939680363678
 20
1511.303251733292
 30
0.0
  0
SEQEND
  5
203B
330
2035
100
AcDbEntity
  8
0
 62
     6
370
     0
  0
POLYLINE
  5
203C
330
1F
100
AcDbEntity
  8
0
 62
     6
370
     0
100
AcDb2dPolyline
 66
     1
 10
0.0
 20
0.0
 30
0.0
 70
     1
  0
VERTEX
  5
203D
330
203C
100
AcDbEntity
  8
0
 62
     6
370
     0
100
AcDbVertex
100
AcDb2dVertex
 10
2765.888724602384
 20
1516.424718588119
 30
0.0
  0
VERTEX
  5
203E
330
203C
100
AcDbEntity
  8
0
 62
     6
370
     0
100
AcDbVertex
100
AcDb2dVertex
 10
2763.954892719441
 20
1516.382216788494
 30
0.0
  0
VERTEX
  5
203F
330
203C
100
AcDbEntity
  8
0
 62
     6
370
     0
100
AcDbVertex
100
AcDb2dVertex
 10
2764.167401717566
 20
1516.382216788494
 30
0.0
  0
VERTEX
  5
2040
330
203C
100
AcDbEntity
  8
0
 62
     6
370
     0
100
AcDbVertex
100
AcDb2dVertex
 10
2764.868681411381
 20
1516.063453291305
 30
0.0
  0
VERTEX
  5
2041
330
203C
100
AcDbEntity
  8
0
 62
     6
370
     0
100
AcDbVertex
100
AcDb2dVertex
 10
2765.017437710069
 20
1515.829693393367
 30
0.0
  0
VERTEX
  5
2042
330
203C
100
AcDbEntity
  8
0
 62
     6
370
     0
100
AcDbVertex
100
AcDb2dVertex
 10
2765.187444908569
 20
1514.979657400865
 30
0.0
  0
VERTEX
  5
2043
330
203C
100
AcDbEntity
  8
0
 62
     6
370
     0
100
AcDbVertex
100
AcDb2dVertex
 10
2765.187444908569
 20
1511.303251733292
 30
0.0
  0
VERTEX
  5
2044
330
203C
100
AcDbEntity
  8
0
 62
     6
370
     0
100
AcDbVertex
100
AcDb2dVertex
 10
2766.164986299947
 20
1511.303251733292
 30
0.0
  0
VERTEX
  5
2045
330
203C
100
AcDbEntity
  8
0
 62
     6
370
     0
100
AcDbVertex
100
AcDb2dVertex
 10
2766.164986299947
 20
1514.979657400865
 30
0.0
  0
VERTEX
  5
2046
330
203C
100
AcDbEntity
  8
0
 62
     6
370
     0
100
AcDbVertex
100
AcDb2dVertex
 10
2766.143735400135
 20
1515.553431695804
 30
0.0
  0
VERTEX
  5
2047
330
203C
100
AcDbEntity
  8
0
 62
     6
370
     0
100
AcDbVertex
100
AcDb2dVertex
 10
2765.973728201634
 20
1516.275962289431
 30
0.0
  0
SEQEND
  5
2048
330
203C
100
AcDbEntity
  8
0
 62
     6
370
     0
  0
POLYLINE
  5
2049
330
1F
100
AcDbEntity
  8
0
 62
     6
370
     0
100
AcDb2dPolyline
 66
     1
 10
0.0
 20
0.0
 30
0.0
 70
     1
  0
VERTEX
  5
204A
330
2049
100
AcDbEntity
  8
0
 62
     6
370
     0
100
AcDbVertex
100
AcDb2dVertex
 10
2764.167401717566
 20
1517.232252780996
 30
0.0
  0
VERTEX
  5
204B
330
2049
100
AcDbEntity
  8
0
 62
     6
370
     0
100
AcDbVertex
100
AcDb2dVertex
 10
2763.806136420754
 20
1517.211001881184
 30
0.0
  0
VERTEX
  5
204C
330
2049
100
AcDbEntity
  8
0
 62
     6
370
     0
100
AcDbVertex
100
AcDb2dVertex
 10
2763.062354927313
 20
1516.955991083433
 30
0.0
  0
VERTEX
  5
204D
330
2049
100
AcDbEntity
  8
0
 62
     6
370
     0
100
AcDbVertex
100
AcDb2dVertex
 10
2762.424827932937
 20
1516.445969487931
 30
0.0
  0
VERTEX
  5
204E
330
2049
100
AcDbEntity
  8
0
 62
     6
370
     0
100
AcDbVertex
100
AcDb2dVertex
 10
2765.888724602384
 20
1516.424718588119
 30
0.0
  0
VERTEX
  5
204F
330
2049
100
AcDbEntity
  8
0
 62
     6
370
     0
100
AcDbVertex
100
AcDb2dVertex
 10
2765.272448507819
 20
1516.977241983245
 30
0.0
  0
VERTEX
  5
2050
330
2049
100
AcDbEntity
  8
0
 62
     6
370
     0
100
AcDbVertex
100
AcDb2dVertex
 10
2764.996186810257
 20
1517.104747382121
 30
0.0
  0
SEQEND
  5
2051
330
2049
100
AcDbEntity
  8
0
 62
     6
370
     0
  0
POLYLINE
  5
2052
330
1F
100
AcDbEntity
  8
0
 62
     6
370
     0
100
AcDb2dPolyline
 66
     1
 10
0.0
 20
0.0
 30
0.0
 70
     1
  0
VERTEX
  5
2053
330
2052
100
AcDbEntity
  8
0
 62
     6
370
     0
100
AcDbVertex
100
AcDb2dVertex
 10
2762.424827932937
 20
1519.314840962627
 30
0.0
  0
VERTEX
  5
2054
330
2052
100
AcDbEntity
  8
0
 62
     6
370
     0
100
AcDbVertex
100
AcDb2dVertex
 10
2761.447286541559
 20
1519.314840962627
 30
0.0
  0
VERTEX
  5
2055
330
2052
100
AcDbEntity
  8
0
 62
     6
370
     0
100
AcDbVertex
100
AcDb2dVertex
 10
2761.447286541559
 20
1511.303251733292
 30
0.0
  0
VERTEX
  5
2056
330
2052
100
AcDbEntity
  8
0
 62
     6
370
     0
100
AcDbVertex
100
AcDb2dVertex
 10
2762.424827932937
 20
1511.303251733292
 30
0.0
  0
VERTEX
  5
2057
330
2052
100
AcDbEntity
  8
0
 62
     6
370
     0
100
AcDbVertex
100
AcDb2dVertex
 10
2762.424827932937
 20
1514.490886705176
 30
0.0
  0
VERTEX
  5
2058
330
2052
100
AcDbEntity
  8
0
 62
     6
370
     0
100
AcDbVertex
100
AcDb2dVertex
 10
2762.446078832749
 20
1514.788399302552
 30
0.0
  0
VERTEX
  5
2059
330
2052
100
AcDbEntity
  8
0
 62
     6
370
     0
100
AcDbVertex
100
AcDb2dVertex
 10
2762.594835131438
 20
1515.553431695804
 30
0.0
  0
VERTEX
  5
205A
330
2052
100
AcDbEntity
  8
0
 62
     6
370
     0
100
AcDbVertex
100
AcDb2dVertex
 10
2762.594835131438
 20
1515.574682595617
 30
0.0
  0
VERTEX
  5
205B
330
2052
100
AcDbEntity
  8
0
 62
     6
370
     0
100
AcDbVertex
100
AcDb2dVertex
 10
2763.147358526564
 20
1516.169707790368
 30
0.0
  0
VERTEX
  5
205C
330
2052
100
AcDbEntity
  8
0
 62
     6
370
     0
100
AcDbVertex
100
AcDb2dVertex
 10
2763.168609426376
 20
1516.190958690181
 30
0.0
  0
VERTEX
  5
205D
330
2052
100
AcDbEntity
  8
0
 62
     6
370
     0
100
AcDbVertex
100
AcDb2dVertex
 10
2763.954892719441
 20
1516.382216788494
 30
0.0
  0
VERTEX
  5
205E
330
2052
100
AcDbEntity
  8
0
 62
     6
370
     0
100
AcDbVertex
100
AcDb2dVertex
 10
2765.888724602384
 20
1516.424718588119
 30
0.0
  0
VERTEX
  5
205F
330
2052
100
AcDbEntity
  8
0
 62
     6
370
     0
100
AcDbVertex
100
AcDb2dVertex
 10
2762.424827932937
 20
1516.445969487931
 30
0.0
  0
SEQEND
  5
2060
330
2052
100
AcDbEntity
  8
0
 62
     6
370
     0
  0
POLYLINE
  5
2061
330
1F
100
AcDbEntity
  8
0
 62
     6
370
     0
100
AcDb2dPolyline
 66
     1
 10
0.0
 20
0.0
 30
0.0
 70
     1
  0
VERTEX
  5
2062
330
2061
100
AcDbEntity
  8
0
 62
     6
370
     0
100
AcDbVertex
100
AcDb2dVertex
 10
2771.966481948775
 20
1516.467220387744
 30
0.0
  0
VERTEX
  5
2063
330
2061
100
AcDbEntity
  8
0
 62
     6
370
     0
100
AcDbVertex
100
AcDb2dVertex
 10
2770.01139916602
 20
1516.424718588119
 30
0.0
  0
VERTEX
  5
2064
330
2061
100
AcDbEntity
  8
0
 62
     6
370
     0
100
AcDbVertex
100
AcDb2dVertex
 10
2770.563922561147
 20
1516.339714988869
 30
0.0
  0
VERTEX
  5
2065
330
2061
100
AcDbEntity
  8
0
 62
     6
370
     0
100
AcDbVertex
100
AcDb2dVertex
 10
2771.222700455337
 20
1515.872195192993
 30
0.0
  0
VERTEX
  5
2066
330
2061
100
AcDbEntity
  8
0
 62
     6
370
     0
100
AcDbVertex
100
AcDb2dVertex
 10
2771.286453154774
 20
1515.808442493555
 30
0.0
  0
VERTEX
  5
2067
330
2061
100
AcDbEntity
  8
0
 62
     6
370
     0
100
AcDbVertex
100
AcDb2dVertex
 10
2771.605216651962
 20
1515.128413699553
 30
0.0
  0
VERTEX
  5
2068
330
2061
100
AcDbEntity
  8
0
 62
     6
370
     0
100
AcDbVertex
100
AcDb2dVertex
 10
2771.711471151025
 20
1514.235875907426
 30
0.0
  0
VERTEX
  5
2069
330
2061
100
AcDbEntity
  8
0
 62
     6
370
     0
100
AcDbVertex
100
AcDb2dVertex
 10
2771.711471151025
 20
1514.044617809112
 30
0.0
  0
VERTEX
  5
206A
330
2061
100
AcDbEntity
  8
0
 62
     6
370
     0
100
AcDbVertex
100
AcDb2dVertex
 10
2771.562714852337
 20
1513.173330916798
 30
0.0
  0
VERTEX
  5
206B
330
2061
100
AcDbEntity
  8
0
 62
     6
370
     0
100
AcDbVertex
100
AcDb2dVertex
 10
2771.222700455337
 20
1512.535803922421
 30
0.0
  0
VERTEX
  5
206C
330
2061
100
AcDbEntity
  8
0
 62
     6
370
     0
100
AcDbVertex
100
AcDb2dVertex
 10
2770.776431559272
 20
1512.174538625608
 30
0.0
  0
VERTEX
  5
206D
330
2061
100
AcDbEntity
  8
0
 62
     6
370
     0
100
AcDbVertex
100
AcDb2dVertex
 10
2770.01139916602
 20
1511.983280527295
 30
0.0
  0
VERTEX
  5
206E
330
2061
100
AcDbEntity
  8
0
 62
     6
370
     0
100
AcDbVertex
100
AcDb2dVertex
 10
2768.056316383264
 20
1511.962029627482
 30
0.0
  0
VERTEX
  5
206F
330
2061
100
AcDbEntity
  8
0
 62
     6
370
     0
100
AcDbVertex
100
AcDb2dVertex
 10
2768.460083479703
 20
1511.622015230481
 30
0.0
  0
VERTEX
  5
2070
330
2061
100
AcDbEntity
  8
0
 62
     6
370
     0
100
AcDbVertex
100
AcDb2dVertex
 10
2769.161363173518
 20
1511.28200083348
 30
0.0
  0
VERTEX
  5
2071
330
2061
100
AcDbEntity
  8
0
 62
     6
370
     0
100
AcDbVertex
100
AcDb2dVertex
 10
2770.01139916602
 20
1511.175746334417
 30
0.0
  0
VERTEX
  5
2072
330
2061
100
AcDbEntity
  8
0
 62
     6
370
     0
100
AcDbVertex
100
AcDb2dVertex
 10
2770.648926160397
 20
1511.239499033855
 30
0.0
  0
VERTEX
  5
2073
330
2061
100
AcDbEntity
  8
0
 62
     6
370
     0
100
AcDbVertex
100
AcDb2dVertex
 10
2771.413958553649
 20
1511.53701163123
 30
0.0
  0
VERTEX
  5
2074
330
2061
100
AcDbEntity
  8
0
 62
     6
370
     0
100
AcDbVertex
100
AcDb2dVertex
 10
2771.902729249338
 20
1511.877026028232
 30
0.0
  0
VERTEX
  5
2075
330
2061
100
AcDbEntity
  8
0
 62
     6
370
     0
100
AcDbVertex
100
AcDb2dVertex
 10
2772.391499945026
 20
1512.535803922421
 30
0.0
  0
VERTEX
  5
2076
330
2061
100
AcDbEntity
  8
0
 62
     6
370
     0
100
AcDbVertex
100
AcDb2dVertex
 10
2772.434001744652
 20
1512.642058421484
 30
0.0
  0
VERTEX
  5
2077
330
2061
100
AcDbEntity
  8
0
 62
     6
370
     0
100
AcDbVertex
100
AcDb2dVertex
 10
2772.646510742777
 20
1513.364589015111
 30
0.0
  0
VERTEX
  5
2078
330
2061
100
AcDbEntity
  8
0
 62
     6
370
     0
100
AcDbVertex
100
AcDb2dVertex
 10
2772.710263442215
 20
1514.299628606863
 30
0.0
  0
VERTEX
  5
2079
330
2061
100
AcDbEntity
  8
0
 62
     6
370
     0
100
AcDbVertex
100
AcDb2dVertex
 10
2772.646510742777
 20
1515.085911899928
 30
0.0
  0
VERTEX
  5
207A
330
2061
100
AcDbEntity
  8
0
 62
     6
370
     0
100
AcDbVertex
100
AcDb2dVertex
 10
2772.391499945026
 20
1515.85094429318
 30
0.0
  0
SEQEND
  5
207B
330
2061
100
AcDbEntity
  8
0
 62
     6
370
     0
  0
POLYLINE
  5
207C
330
1F
100
AcDbEntity
  8
0
 62
     6
370
     0
100
AcDb2dPolyline
 66
     1
 10
0.0
 20
0.0
 30
0.0
 70
     1
  0
VERTEX
  5
207D
330
207C
100
AcDbEntity
  8
0
 62
     6
370
     0
100
AcDbVertex
100
AcDb2dVertex
 10
2770.01139916602
 20
1517.232252780996
 30
0.0
  0
VERTEX
  5
207E
330
207C
100
AcDbEntity
  8
0
 62
     6
370
     0
100
AcDbVertex
100
AcDb2dVertex
 10
2769.650133869208
 20
1517.211001881184
 30
0.0
  0
VERTEX
  5
207F
330
207C
100
AcDbEntity
  8
0
 62
     6
370
     0
100
AcDbVertex
100
AcDb2dVertex
 10
2768.863850576142
 20
1517.019743782871
 30
0.0
  0
VERTEX
  5
2080
330
207C
100
AcDbEntity
  8
0
 62
     6
370
     0
100
AcDbVertex
100
AcDb2dVertex
 10
2768.18382178214
 20
1516.594725786619
 30
0.0
  0
VERTEX
  5
2081
330
207C
100
AcDbEntity
  8
0
 62
     6
370
     0
100
AcDbVertex
100
AcDb2dVertex
 10
2768.056316383264
 20
1516.467220387744
 30
0.0
  0
VERTEX
  5
2082
330
207C
100
AcDbEntity
  8
0
 62
     6
370
     0
100
AcDbVertex
100
AcDb2dVertex
 10
2767.631298387013
 20
1515.872195192993
 30
0.0
  0
VERTEX
  5
2083
330
207C
100
AcDbEntity
  8
0
 62
     6
370
     0
100
AcDbVertex
100
AcDb2dVertex
 10
2767.376287589263
 20
1515.128413699553
 30
0.0
  0
VERTEX
  5
2084
330
207C
100
AcDbEntity
  8
0
 62
     6
370
     0
100
AcDbVertex
100
AcDb2dVertex
 10
2767.291283990013
 20
1514.214625007613
 30
0.0
  0
VERTEX
  5
2085
330
207C
100
AcDbEntity
  8
0
 62
     6
370
     0
100
AcDbVertex
100
AcDb2dVertex
 10
2767.376287589263
 20
1513.322087215486
 30
0.0
  0
VERTEX
  5
2086
330
207C
100
AcDbEntity
  8
0
 62
     6
370
     0
100
AcDbVertex
100
AcDb2dVertex
 10
2767.631298387013
 20
1512.557054822234
 30
0.0
  0
VERTEX
  5
2087
330
207C
100
AcDbEntity
  8
0
 62
     6
370
     0
100
AcDbVertex
100
AcDb2dVertex
 10
2768.056316383264
 20
1511.962029627482
 30
0.0
  0
VERTEX
  5
2088
330
207C
100
AcDbEntity
  8
0
 62
     6
370
     0
100
AcDbVertex
100
AcDb2dVertex
 10
2770.01139916602
 20
1511.983280527295
 30
0.0
  0
VERTEX
  5
2089
330
207C
100
AcDbEntity
  8
0
 62
     6
370
     0
100
AcDbVertex
100
AcDb2dVertex
 10
2769.437624871081
 20
1512.089535026357
 30
0.0
  0
VERTEX
  5
208A
330
207C
100
AcDbEntity
  8
0
 62
     6
370
     0
100
AcDbVertex
100
AcDb2dVertex
 10
2768.778846976892
 20
1512.535803922421
 30
0.0
  0
VERTEX
  5
208B
330
207C
100
AcDbEntity
  8
0
 62
     6
370
     0
100
AcDbVertex
100
AcDb2dVertex
 10
2768.715094277454
 20
1512.620807521671
 30
0.0
  0
VERTEX
  5
208C
330
207C
100
AcDbEntity
  8
0
 62
     6
370
     0
100
AcDbVertex
100
AcDb2dVertex
 10
2768.396330780266
 20
1513.300836315673
 30
0.0
  0
VERTEX
  5
208D
330
207C
100
AcDbEntity
  8
0
 62
     6
370
     0
100
AcDbVertex
100
AcDb2dVertex
 10
2768.311327181015
 20
1514.214625007613
 30
0.0
  0
VERTEX
  5
208E
330
207C
100
AcDbEntity
  8
0
 62
     6
370
     0
100
AcDbVertex
100
AcDb2dVertex
 10
2768.311327181015
 20
1514.363381306301
 30
0.0
  0
VERTEX
  5
208F
330
207C
100
AcDbEntity
  8
0
 62
     6
370
     0
100
AcDbVertex
100
AcDb2dVertex
 10
2768.438832579891
 20
1515.234668198616
 30
0.0
  0
VERTEX
  5
2090
330
207C
100
AcDbEntity
  8
0
 62
     6
370
     0
100
AcDbVertex
100
AcDb2dVertex
 10
2768.778846976892
 20
1515.872195192993
 30
0.0
  0
VERTEX
  5
2091
330
207C
100
AcDbEntity
  8
0
 62
     6
370
     0
100
AcDbVertex
100
AcDb2dVertex
 10
2769.225115872955
 20
1516.233460489806
 30
0.0
  0
VERTEX
  5
2092
330
207C
100
AcDbEntity
  8
0
 62
     6
370
     0
100
AcDbVertex
100
AcDb2dVertex
 10
2770.01139916602
 20
1516.424718588119
 30
0.0
  0
VERTEX
  5
2093
330
207C
100
AcDbEntity
  8
0
 62
     6
370
     0
100
AcDbVertex
100
AcDb2dVertex
 10
2771.966481948775
 20
1516.467220387744
 30
0.0
  0
VERTEX
  5
2094
330
207C
100
AcDbEntity
  8
0
 62
     6
370
     0
100
AcDbVertex
100
AcDb2dVertex
 10
2771.562714852337
 20
1516.785983884932
 30
0.0
  0
VERTEX
  5
2095
330
207C
100
AcDbEntity
  8
0
 62
     6
370
     0
100
AcDbVertex
100
AcDb2dVertex
 10
2770.840184258711
 20
1517.125998281933
 30
0.0
  0
SEQEND
  5
2096
330
207C
100
AcDbEntity
  8
0
 62
     6
370
     0
  0
POLYLINE
  5
2097
330
1F
100
AcDbEntity
  8
0
 62
     6
370
     0
100
AcDb2dPolyline
 66
     1
 10
0.0
 20
0.0
 30
0.0
 70
     1
  0
VERTEX
  5
2098
330
2097
100
AcDbEntity
  8
0
 62
     6
370
     0
100
AcDbVertex
100
AcDb2dVertex
 10
2775.260371419722
 20
1512.429549423358
 30
0.0
  0
VERTEX
  5
2099
330
2097
100
AcDbEntity
  8
0
 62
     6
370
     0
100
AcDbVertex
100
AcDb2dVertex
 10
2774.134073729656
 20
1512.429549423358
 30
0.0
  0
VERTEX
  5
209A
330
2097
100
AcDbEntity
  8
0
 62
     6
370
     0
100
AcDbVertex
100
AcDb2dVertex
 10
2774.134073729656
 20
1511.303251733292
 30
0.0
  0
VERTEX
  5
209B
330
2097
100
AcDbEntity
  8
0
 62
     6
370
     0
100
AcDbVertex
100
AcDb2dVertex
 10
2775.260371419722
 20
1511.303251733292
 30
0.0
  0
SEQEND
  5
209C
330
2097
100
AcDbEntity
  8
0
 62
     6
370
     0
  0
POLYLINE
  5
209D
330
1F
100
AcDbEntity
  8
0
 62
     6
370
     0
100
AcDb2dPolyline
 66
     1
 10
0.0
 20
0.0
 30
0.0
 70
     1
  0
VERTEX
  5
209E
330
209D
100
AcDbEntity
  8
0
 62
     6
370
     0
100
AcDbVertex
100
AcDb2dVertex
 10
2775.260371419722
 20
1517.104747382121
 30
0.0
  0
VERTEX
  5
209F
330
209D
100
AcDbEntity
  8
0
 62
     6
370
     0
100
AcDbVertex
100
AcDb2dVertex
 10
2774.134073729656
 20
1517.104747382121
 30
0.0
  0
VERTEX
  5
20A0
330
209D
100
AcDbEntity
  8
0
 62
     6
370
     0
100
AcDbVertex
100
AcDb2dVertex
 10
2774.134073729656
 20
1515.978449692055
 30
0.0
  0
VERTEX
  5
20A1
330
209D
100
AcDbEntity
  8
0
 62
     6
370
     0
100
AcDbVertex
100
AcDb2dVertex
 10
2775.260371419722
 20
1515.978449692055
 30
0.0
  0
SEQEND
  5
20A2
330
209D
100
AcDbEntity
  8
0
 62
     6
370
     0
  0
POLYLINE
  5
20A3
330
1F
100
AcDbEntity
  8
0
 62
     6
370
     0
100
AcDb2dPolyline
 66
     1
 10
0.0
 20
0.0
 30
0.0
 70
     1
  0
VERTEX
  5
20A4
330
20A3
100
AcDbEntity
  8
0
 62
     6
370
     0
100
AcDbVertex
100
AcDb2dVertex
 10
2787.330882513254
 20
1515.383424497304
 30
0.0
  0
VERTEX
  5
20A5
330
20A3
100
AcDbEntity
  8
0
 62
     6
370
     0
100
AcDbVertex
100
AcDb2dVertex
 10
2783.951989443058
 20
1515.383424497304
 30
0.0
  0
VERTEX
  5
20A6
330
20A3
100
AcDbEntity
  8
0
 62
     6
370
     0
100
AcDbVertex
100
AcDb2dVertex
 10
2783.951989443058
 20
1514.448384905551
 30
0.0
  0
VERTEX
  5
20A7
330
20A3
100
AcDbEntity
  8
0
 62
     6
370
     0
100
AcDbVertex
100
AcDb2dVertex
 10
2786.289588422439
 20
1514.448384905551
 30
0.0
  0
VERTEX
  5
20A8
330
20A3
100
AcDbEntity
  8
0
 62
     6
370
     0
100
AcDbVertex
100
AcDb2dVertex
 10
2786.289588422439
 20
1512.960821918672
 30
0.0
  0
VERTEX
  5
20A9
330
20A3
100
AcDbEntity
  8
0
 62
     6
370
     0
100
AcDbVertex
100
AcDb2dVertex
 10
2786.077079424314
 20
1512.790814720172
 30
0.0
  0
VERTEX
  5
20AA
330
20A3
100
AcDbEntity
  8
0
 62
     6
370
     0
100
AcDbVertex
100
AcDb2dVertex
 10
2785.290796131249
 20
1512.387047623733
 30
0.0
  0
VERTEX
  5
20AB
330
20A3
100
AcDbEntity
  8
0
 62
     6
370
     0
100
AcDbVertex
100
AcDb2dVertex
 10
2784.780774535748
 20
1512.217040425232
 30
0.0
  0
VERTEX
  5
20AC
330
20A3
100
AcDbEntity
  8
0
 62
     6
370
     0
100
AcDbVertex
100
AcDb2dVertex
 10
2783.951989443058
 20
1512.132036825982
 30
0.0
  0
VERTEX
  5
20AD
330
20A3
100
AcDbEntity
  8
0
 62
     6
370
     0
100
AcDbVertex
100
AcDb2dVertex
 10
2786.62960281944
 20
1511.940778727669
 30
0.0
  0
VERTEX
  5
20AE
330
20A3
100
AcDbEntity
  8
0
 62
     6
370
     0
100
AcDbVertex
100
AcDb2dVertex
 10
2787.330882513254
 20
1512.429549423358
 30
0.0
  0
SEQEND
  5
20AF
330
20A3
100
AcDbEntity
  8
0
 62
     6
370
     0
  0
POLYLINE
  5
20B0
330
1F
100
AcDbEntity
  8
0
 62
     6
370
     0
100
AcDb2dPolyline
 66
     1
 10
0.0
 20
0.0
 30
0.0
 70
     1
  0
VERTEX
  5
20B1
330
20B0
100
AcDbEntity
  8
0
 62
     6
370
     0
100
AcDbVertex
100
AcDb2dVertex
 10
2781.465634164988
 20
1518.719815767875
 30
0.0
  0
VERTEX
  5
20B2
330
20B0
100
AcDbEntity
  8
0
 62
     6
370
     0
100
AcDbVertex
100
AcDb2dVertex
 10
2780.870608970237
 20
1518.167292372749
 30
0.0
  0
VERTEX
  5
20B3
330
20B0
100
AcDbEntity
  8
0
 62
     6
370
     0
100
AcDbVertex
100
AcDb2dVertex
 10
2780.424340074173
 20
1517.444761779122
 30
0.0
  0
VERTEX
  5
20B4
330
20B0
100
AcDbEntity
  8
0
 62
     6
370
     0
100
AcDbVertex
100
AcDb2dVertex
 10
2780.190580176235
 20
1516.913489283808
 30
0.0
  0
VERTEX
  5
20B5
330
20B0
100
AcDbEntity
  8
0
 62
     6
370
     0
100
AcDbVertex
100
AcDb2dVertex
 10
2779.999322077922
 20
1516.105955090931
 30
0.0
  0
VERTEX
  5
20B6
330
20B0
100
AcDbEntity
  8
0
 62
     6
370
     0
100
AcDbVertex
100
AcDb2dVertex
 10
2779.935569378484
 20
1515.277169998241
 30
0.0
  0
VERTEX
  5
20B7
330
20B0
100
AcDbEntity
  8
0
 62
     6
370
     0
100
AcDbVertex
100
AcDb2dVertex
 10
2779.956820278297
 20
1514.703395703302
 30
0.0
  0
VERTEX
  5
20B8
330
20B0
100
AcDbEntity
  8
0
 62
     6
370
     0
100
AcDbVertex
100
AcDb2dVertex
 10
2780.126827476797
 20
1513.895861510424
 30
0.0
  0
VERTEX
  5
20B9
330
20B0
100
AcDbEntity
  8
0
 62
     6
370
     0
100
AcDbVertex
100
AcDb2dVertex
 10
2780.424340074173
 20
1513.130829117173
 30
0.0
  0
VERTEX
  5
20BA
330
20B0
100
AcDbEntity
  8
0
 62
     6
370
     0
100
AcDbVertex
100
AcDb2dVertex
 10
2780.658099972111
 20
1512.748312920546
 30
0.0
  0
VERTEX
  5
20BB
330
20B0
100
AcDbEntity
  8
0
 62
     6
370
     0
100
AcDbVertex
100
AcDb2dVertex
 10
2781.189372467425
 20
1512.153287725795
 30
0.0
  0
VERTEX
  5
20BC
330
20B0
100
AcDbEntity
  8
0
 62
     6
370
     0
100
AcDbVertex
100
AcDb2dVertex
 10
2781.89065216124
 20
1511.685767929918
 30
0.0
  0
VERTEX
  5
20BD
330
20B0
100
AcDbEntity
  8
0
 62
     6
370
     0
100
AcDbVertex
100
AcDb2dVertex
 10
2782.379422856929
 20
1511.452008031981
 30
0.0
  0
VERTEX
  5
20BE
330
20B0
100
AcDbEntity
  8
0
 62
     6
370
     0
100
AcDbVertex
100
AcDb2dVertex
 10
2783.165706149993
 20
1511.239499033855
 30
0.0
  0
VERTEX
  5
20BF
330
20B0
100
AcDbEntity
  8
0
 62
     6
370
     0
100
AcDbVertex
100
AcDb2dVertex
 10
2784.015742142496
 20
1511.175746334417
 30
0.0
  0
VERTEX
  5
20C0
330
20B0
100
AcDbEntity
  8
0
 62
     6
370
     0
100
AcDbVertex
100
AcDb2dVertex
 10
2784.100745741747
 20
1511.175746334417
 30
0.0
  0
VERTEX
  5
20C1
330
20B0
100
AcDbEntity
  8
0
 62
     6
370
     0
100
AcDbVertex
100
AcDb2dVertex
 10
2784.908279934623
 20
1511.260749933668
 30
0.0
  0
VERTEX
  5
20C2
330
20B0
100
AcDbEntity
  8
0
 62
     6
370
     0
100
AcDbVertex
100
AcDb2dVertex
 10
2785.7158141275
 20
1511.494509831605
 30
0.0
  0
VERTEX
  5
20C3
330
20B0
100
AcDbEntity
  8
0
 62
     6
370
     0
100
AcDbVertex
100
AcDb2dVertex
 10
2785.907072225813
 20
1511.558262531043
 30
0.0
  0
VERTEX
  5
20C4
330
20B0
100
AcDbEntity
  8
0
 62
     6
370
     0
100
AcDbVertex
100
AcDb2dVertex
 10
2786.62960281944
 20
1511.940778727669
 30
0.0
  0
VERTEX
  5
20C5
330
20B0
100
AcDbEntity
  8
0
 62
     6
370
     0
100
AcDbVertex
100
AcDb2dVertex
 10
2783.951989443058
 20
1512.132036825982
 30
0.0
  0
VERTEX
  5
20C6
330
20B0
100
AcDbEntity
  8
0
 62
     6
370
     0
100
AcDbVertex
100
AcDb2dVertex
 10
2783.250709749244
 20
1512.19578952542
 30
0.0
  0
VERTEX
  5
20C7
330
20B0
100
AcDbEntity
  8
0
 62
     6
370
     0
100
AcDbVertex
100
AcDb2dVertex
 10
2782.464426456178
 20
1512.472051222983
 30
0.0
  0
VERTEX
  5
20C8
330
20B0
100
AcDbEntity
  8
0
 62
     6
370
     0
100
AcDbVertex
100
AcDb2dVertex
 10
2781.89065216124
 20
1512.875818319422
 30
0.0
  0
VERTEX
  5
20C9
330
20B0
100
AcDbEntity
  8
0
 62
     6
370
     0
100
AcDbVertex
100
AcDb2dVertex
 10
2781.401881465551
 20
1513.555847113424
 30
0.0
  0
VERTEX
  5
20CA
330
20B0
100
AcDbEntity
  8
0
 62
     6
370
     0
100
AcDbVertex
100
AcDb2dVertex
 10
2781.316877866301
 20
1513.704603412112
 30
0.0
  0
VERTEX
  5
20CB
330
20B0
100
AcDbEntity
  8
0
 62
     6
370
     0
100
AcDbVertex
100
AcDb2dVertex
 10
2781.104368868176
 20
1514.448384905551
 30
0.0
  0
VERTEX
  5
20CC
330
20B0
100
AcDbEntity
  8
0
 62
     6
370
     0
100
AcDbVertex
100
AcDb2dVertex
 10
2781.019365268925
 20
1515.340922697679
 30
0.0
  0
VERTEX
  5
20CD
330
20B0
100
AcDbEntity
  8
0
 62
     6
370
     0
100
AcDbVertex
100
AcDb2dVertex
 10
2781.104368868176
 20
1516.169707790368
 30
0.0
  0
VERTEX
  5
20CE
330
20B0
100
AcDbEntity
  8
0
 62
     6
370
     0
100
AcDbVertex
100
AcDb2dVertex
 10
2781.338128766114
 20
1516.955991083433
 30
0.0
  0
VERTEX
  5
20CF
330
20B0
100
AcDbEntity
  8
0
 62
     6
370
     0
100
AcDbVertex
100
AcDb2dVertex
 10
2781.380630565738
 20
1517.040994682683
 30
0.0
  0
VERTEX
  5
20D0
330
20B0
100
AcDbEntity
  8
0
 62
     6
370
     0
100
AcDbVertex
100
AcDb2dVertex
 10
2781.848150361615
 20
1517.742274376498
 30
0.0
  0
VERTEX
  5
20D1
330
20B0
100
AcDbEntity
  8
0
 62
     6
370
     0
100
AcDbVertex
100
AcDb2dVertex
 10
2781.97565576049
 20
1517.869779775373
 30
0.0
  0
VERTEX
  5
20D2
330
20B0
100
AcDbEntity
  8
0
 62
     6
370
     0
100
AcDbVertex
100
AcDb2dVertex
 10
2782.698186354117
 20
1518.316048671437
 30
0.0
  0
VERTEX
  5
20D3
330
20B0
100
AcDbEntity
  8
0
 62
     6
370
     0
100
AcDbVertex
100
AcDb2dVertex
 10
2783.080702550743
 20
1518.443554070312
 30
0.0
  0
VERTEX
  5
20D4
330
20B0
100
AcDbEntity
  8
0
 62
     6
370
     0
100
AcDbVertex
100
AcDb2dVertex
 10
2783.951989443058
 20
1518.549808569375
 30
0.0
  0
SEQEND
  5
20D5
330
20B0
100
AcDbEntity
  8
0
 62
     6
370
     0
  0
POLYLINE
  5
20D6
330
1F
100
AcDbEntity
  8
0
 62
     6
370
     0
100
AcDb2dPolyline
 66
     1
 10
0.0
 20
0.0
 30
0.0
 70
     1
  0
VERTEX
  5
20D7
330
20D6
100
AcDbEntity
  8
0
 62
     6
370
     0
100
AcDbVertex
100
AcDb2dVertex
 10
2783.930738543245
 20
1519.442346361502
 30
0.0
  0
VERTEX
  5
20D8
330
20D6
100
AcDbEntity
  8
0
 62
     6
370
     0
100
AcDbVertex
100
AcDb2dVertex
 10
2783.378215148119
 20
1519.42109546169
 30
0.0
  0
VERTEX
  5
20D9
330
20D6
100
AcDbEntity
  8
0
 62
     6
370
     0
100
AcDbVertex
100
AcDb2dVertex
 10
2782.549430055429
 20
1519.251088263189
 30
0.0
  0
VERTEX
  5
20DA
330
20D6
100
AcDbEntity
  8
0
 62
     6
370
     0
100
AcDbVertex
100
AcDb2dVertex
 10
2781.826899461802
 20
1518.953575665813
 30
0.0
  0
VERTEX
  5
20DB
330
20D6
100
AcDbEntity
  8
0
 62
     6
370
     0
100
AcDbVertex
100
AcDb2dVertex
 10
2781.465634164988
 20
1518.719815767875
 30
0.0
  0
VERTEX
  5
20DC
330
20D6
100
AcDbEntity
  8
0
 62
     6
370
     0
100
AcDbVertex
100
AcDb2dVertex
 10
2783.951989443058
 20
1518.549808569375
 30
0.0
  0
VERTEX
  5
20DD
330
20D6
100
AcDbEntity
  8
0
 62
     6
370
     0
100
AcDbVertex
100
AcDb2dVertex
 10
2784.249502040434
 20
1518.528557669562
 30
0.0
  0
VERTEX
  5
20DE
330
20D6
100
AcDbEntity
  8
0
 62
     6
370
     0
100
AcDbVertex
100
AcDb2dVertex
 10
2785.035785333498
 20
1518.337299571249
 30
0.0
  0
VERTEX
  5
20DF
330
20D6
100
AcDbEntity
  8
0
 62
     6
370
     0
100
AcDbVertex
100
AcDb2dVertex
 10
2785.184541632186
 20
1518.273546871812
 30
0.0
  0
VERTEX
  5
20E0
330
20D6
100
AcDbEntity
  8
0
 62
     6
370
     0
100
AcDbVertex
100
AcDb2dVertex
 10
2785.80081772675
 20
1517.76352527631
 30
0.0
  0
VERTEX
  5
20E1
330
20D6
100
AcDbEntity
  8
0
 62
     6
370
     0
100
AcDbVertex
100
AcDb2dVertex
 10
2785.928323125626
 20
1517.614768977622
 30
0.0
  0
VERTEX
  5
20E2
330
20D6
100
AcDbEntity
  8
0
 62
     6
370
     0
100
AcDbVertex
100
AcDb2dVertex
 10
2786.247086622814
 20
1516.807234784745
 30
0.0
  0
VERTEX
  5
20E3
330
20D6
100
AcDbEntity
  8
0
 62
     6
370
     0
100
AcDbVertex
100
AcDb2dVertex
 10
2787.20337711438
 20
1517.083496482308
 30
0.0
  0
VERTEX
  5
20E4
330
20D6
100
AcDbEntity
  8
0
 62
     6
370
     0
100
AcDbVertex
100
AcDb2dVertex
 10
2786.990868116254
 20
1517.699772576873
 30
0.0
  0
VERTEX
  5
20E5
330
20D6
100
AcDbEntity
  8
0
 62
     6
370
     0
100
AcDbVertex
100
AcDb2dVertex
 10
2786.608351919627
 20
1518.379801370874
 30
0.0
  0
VERTEX
  5
20E6
330
20D6
100
AcDbEntity
  8
0
 62
     6
370
     0
100
AcDbVertex
100
AcDb2dVertex
 10
2786.247086622814
 20
1518.741066667688
 30
0.0
  0
VERTEX
  5
20E7
330
20D6
100
AcDbEntity
  8
0
 62
     6
370
     0
100
AcDbVertex
100
AcDb2dVertex
 10
2785.503305129374
 20
1519.166084663939
 30
0.0
  0
VERTEX
  5
20E8
330
20D6
100
AcDbEntity
  8
0
 62
     6
370
     0
100
AcDbVertex
100
AcDb2dVertex
 10
2784.80202543556
 20
1519.378593662065
 30
0.0
  0
SEQEND
  5
20E9
330
20D6
100
AcDbEntity
  8
0
 62
     6
370
     0
  0
POLYLINE
  5
20EA
330
1F
100
AcDbEntity
  8
0
 62
     6
370
     0
100
AcDb2dPolyline
 66
     1
 10
0.0
 20
0.0
 30
0.0
 70
     1
  0
VERTEX
  5
20EB
330
20EA
100
AcDbEntity
  8
0
 62
     6
370
     0
100
AcDbVertex
100
AcDb2dVertex
 10
2789.625979693011
 20
1517.104747382121
 30
0.0
  0
VERTEX
  5
20EC
330
20EA
100
AcDbEntity
  8
0
 62
     6
370
     0
100
AcDbVertex
100
AcDb2dVertex
 10
2788.754692800696
 20
1517.104747382121
 30
0.0
  0
VERTEX
  5
20ED
330
20EA
100
AcDbEntity
  8
0
 62
     6
370
     0
100
AcDbVertex
100
AcDb2dVertex
 10
2788.754692800696
 20
1511.303251733292
 30
0.0
  0
VERTEX
  5
20EE
330
20EA
100
AcDbEntity
  8
0
 62
     6
370
     0
100
AcDbVertex
100
AcDb2dVertex
 10
2789.732234192074
 20
1511.303251733292
 30
0.0
  0
VERTEX
  5
20EF
330
20EA
100
AcDbEntity
  8
0
 62
     6
370
     0
100
AcDbVertex
100
AcDb2dVertex
 10
2789.732234192074
 20
1514.342130406488
 30
0.0
  0
VERTEX
  5
20F0
330
20EA
100
AcDbEntity
  8
0
 62
     6
370
     0
100
AcDbVertex
100
AcDb2dVertex
 10
2789.753485091886
 20
1514.682144803489
 30
0.0
  0
VERTEX
  5
20F1
330
20EA
100
AcDbEntity
  8
0
 62
     6
370
     0
100
AcDbVertex
100
AcDb2dVertex
 10
2789.902241390574
 20
1515.489678996367
 30
0.0
  0
VERTEX
  5
20F2
330
20EA
100
AcDbEntity
  8
0
 62
     6
370
     0
100
AcDbVertex
100
AcDb2dVertex
 10
2790.263506687387
 20
1516.02095149168
 30
0.0
  0
VERTEX
  5
20F3
330
20EA
100
AcDbEntity
  8
0
 62
     6
370
     0
100
AcDbVertex
100
AcDb2dVertex
 10
2790.837280982326
 20
1516.212209589993
 30
0.0
  0
VERTEX
  5
20F4
330
20EA
100
AcDbEntity
  8
0
 62
     6
370
     0
100
AcDbVertex
100
AcDb2dVertex
 10
2789.625979693011
 20
1516.233460489806
 30
0.0
  0
SEQEND
  5
20F5
330
20EA
100
AcDbEntity
  8
0
 62
     6
370
     0
  0
POLYLINE
  5
20F6
330
1F
100
AcDbEntity
  8
0
 62
     6
370
     0
100
AcDb2dPolyline
 66
     1
 10
0.0
 20
0.0
 30
0.0
 70
     1
  0
VERTEX
  5
20F7
330
20F6
100
AcDbEntity
  8
0
 62
     6
370
     0
100
AcDbVertex
100
AcDb2dVertex
 10
2790.879782781952
 20
1517.232252780996
 30
0.0
  0
VERTEX
  5
20F8
330
20F6
100
AcDbEntity
  8
0
 62
     6
370
     0
100
AcDbVertex
100
AcDb2dVertex
 10
2790.263506687387
 20
1517.040994682683
 30
0.0
  0
VERTEX
  5
20F9
330
20F6
100
AcDbEntity
  8
0
 62
     6
370
     0
100
AcDbVertex
100
AcDb2dVertex
 10
2790.136001288512
 20
1516.955991083433
 30
0.0
  0
VERTEX
  5
20FA
330
20F6
100
AcDbEntity
  8
0
 62
     6
370
     0
100
AcDbVertex
100
AcDb2dVertex
 10
2789.625979693011
 20
1516.233460489806
 30
0.0
  0
VERTEX
  5
20FB
330
20F6
100
AcDbEntity
  8
0
 62
     6
370
     0
100
AcDbVertex
100
AcDb2dVertex
 10
2790.837280982326
 20
1516.212209589993
 30
0.0
  0
VERTEX
  5
20FC
330
20F6
100
AcDbEntity
  8
0
 62
     6
370
     0
100
AcDbVertex
100
AcDb2dVertex
 10
2791.559811575954
 20
1515.999700591868
 30
0.0
  0
VERTEX
  5
20FD
330
20F6
100
AcDbEntity
  8
0
 62
     6
370
     0
100
AcDbVertex
100
AcDb2dVertex
 10
2791.899825972954
 20
1516.913489283808
 30
0.0
  0
VERTEX
  5
20FE
330
20F6
100
AcDbEntity
  8
0
 62
     6
370
     0
100
AcDbVertex
100
AcDb2dVertex
 10
2791.666066075017
 20
1517.040994682683
 30
0.0
  0
SEQEND
  5
20FF
330
20F6
100
AcDbEntity
  8
0
 62
     6
370
     0
  0
POLYLINE
  5
2100
330
1F
100
AcDbEntity
  8
0
 62
     6
370
     0
100
AcDb2dPolyline
 66
     1
 10
0.0
 20
0.0
 30
0.0
 70
     1
  0
VERTEX
  5
2101
330
2100
100
AcDbEntity
  8
0
 62
     6
370
     0
100
AcDbVertex
100
AcDb2dVertex
 10
2797.233801825905
 20
1512.02578232692
 30
0.0
  0
VERTEX
  5
2102
330
2100
100
AcDbEntity
  8
0
 62
     6
370
     0
100
AcDbVertex
100
AcDb2dVertex
 10
2796.256260434529
 20
1512.02578232692
 30
0.0
  0
VERTEX
  5
2103
330
2100
100
AcDbEntity
  8
0
 62
     6
370
     0
100
AcDbVertex
100
AcDb2dVertex
 10
2796.447518532842
 20
1511.303251733292
 30
0.0
  0
VERTEX
  5
2104
330
2100
100
AcDbEntity
  8
0
 62
     6
370
     0
100
AcDbVertex
100
AcDb2dVertex
 10
2797.488812623658
 20
1511.303251733292
 30
0.0
  0
VERTEX
  5
2105
330
2100
100
AcDbEntity
  8
0
 62
     6
370
     0
100
AcDbVertex
100
AcDb2dVertex
 10
2797.233801825905
 20
1512.004531427107
 30
0.0
  0
SEQEND
  5
2106
330
2100
100
AcDbEntity
  8
0
 62
     6
370
     0
  0
POLYLINE
  5
2107
330
1F
100
AcDbEntity
  8
0
 62
     6
370
     0
100
AcDb2dPolyline
 66
     1
 10
0.0
 20
0.0
 30
0.0
 70
     1
  0
VERTEX
  5
2108
330
2107
100
AcDbEntity
  8
0
 62
     6
370
     0
100
AcDbVertex
100
AcDb2dVertex
 10
2793.557396158334
 20
1514.512137604989
 30
0.0
  0
VERTEX
  5
2109
330
2107
100
AcDbEntity
  8
0
 62
     6
370
     0
100
AcDbVertex
100
AcDb2dVertex
 10
2792.85611646452
 20
1514.172123207988
 30
0.0
  0
VERTEX
  5
210A
330
2107
100
AcDbEntity
  8
0
 62
     6
370
     0
100
AcDbVertex
100
AcDb2dVertex
 10
2792.346094869018
 20
1513.619599812861
 30
0.0
  0
VERTEX
  5
210B
330
2107
100
AcDbEntity
  8
0
 62
     6
370
     0
100
AcDbVertex
100
AcDb2dVertex
 10
2792.154836770705
 20
1512.833316519797
 30
0.0
  0
VERTEX
  5
210C
330
2107
100
AcDbEntity
  8
0
 62
     6
370
     0
100
AcDbVertex
100
AcDb2dVertex
 10
2792.218589470143
 20
1512.302044024483
 30
0.0
  0
VERTEX
  5
210D
330
2107
100
AcDbEntity
  8
0
 62
     6
370
     0
100
AcDbVertex
100
AcDb2dVertex
 10
2792.664858366207
 20
1511.643266130294
 30
0.0
  0
VERTEX
  5
210E
330
2107
100
AcDbEntity
  8
0
 62
     6
370
     0
100
AcDbVertex
100
AcDb2dVertex
 10
2794.364930351211
 20
1511.940778727669
 30
0.0
  0
VERTEX
  5
210F
330
2107
100
AcDbEntity
  8
0
 62
     6
370
     0
100
AcDbVertex
100
AcDb2dVertex
 10
2794.237424952335
 20
1511.962029627482
 30
0.0
  0
VERTEX
  5
2110
330
2107
100
AcDbEntity
  8
0
 62
     6
370
     0
100
AcDbVertex
100
AcDb2dVertex
 10
2793.493643458897
 20
1512.217040425232
 30
0.0
  0
VERTEX
  5
2111
330
2107
100
AcDbEntity
  8
0
 62
     6
370
     0
100
AcDbVertex
100
AcDb2dVertex
 10
2793.196130861521
 20
1512.875818319422
 30
0.0
  0
VERTEX
  5
2112
330
2107
100
AcDbEntity
  8
0
 62
     6
370
     0
100
AcDbVertex
100
AcDb2dVertex
 10
2793.323636260396
 20
1513.343338115298
 30
0.0
  0
VERTEX
  5
2113
330
2107
100
AcDbEntity
  8
0
 62
     6
370
     0
100
AcDbVertex
100
AcDb2dVertex
 10
2793.727403356835
 20
1513.662101612486
 30
0.0
  0
VERTEX
  5
2114
330
2107
100
AcDbEntity
  8
0
 62
     6
370
     0
100
AcDbVertex
100
AcDb2dVertex
 10
2793.748654256647
 20
1513.662101612486
 30
0.0
  0
VERTEX
  5
2115
330
2107
100
AcDbEntity
  8
0
 62
     6
370
     0
100
AcDbVertex
100
AcDb2dVertex
 10
2794.577439349337
 20
1513.853359710799
 30
0.0
  0
VERTEX
  5
2116
330
2107
100
AcDbEntity
  8
0
 62
     6
370
     0
100
AcDbVertex
100
AcDb2dVertex
 10
2795.512478941089
 20
1514.0233669093
 30
0.0
  0
VERTEX
  5
2117
330
2107
100
AcDbEntity
  8
0
 62
     6
370
     0
100
AcDbVertex
100
AcDb2dVertex
 10
2796.171256835279
 20
1514.214625007613
 30
0.0
  0
SEQEND
  5
2118
330
2107
100
AcDbEntity
  8
0
 62
     6
370
     0
  0
POLYLINE
  5
2119
330
1F
100
AcDbEntity
  8
0
 62
     6
370
     0
100
AcDb2dPolyline
 66
     1
 10
0.0
 20
0.0
 30
0.0
 70
     1
  0
VERTEX
  5
211A
330
2119
100
AcDbEntity
  8
0
 62
     6
370
     0
100
AcDbVertex
100
AcDb2dVertex
 10
2792.749861965457
 20
1516.445969487931
 30
0.0
  0
VERTEX
  5
211B
330
2119
100
AcDbEntity
  8
0
 62
     6
370
     0
100
AcDbVertex
100
AcDb2dVertex
 10
2792.622356566582
 20
1516.254711389619
 30
0.0
  0
VERTEX
  5
211C
330
2119
100
AcDbEntity
  8
0
 62
     6
370
     0
100
AcDbVertex
100
AcDb2dVertex
 10
2792.324843969206
 20
1515.447177196741
 30
0.0
  0
VERTEX
  5
211D
330
2119
100
AcDbEntity
  8
0
 62
     6
370
     0
100
AcDbVertex
100
AcDb2dVertex
 10
2793.281134460771
 20
1515.319671797866
 30
0.0
  0
VERTEX
  5
211E
330
2119
100
AcDbEntity
  8
0
 62
     6
370
     0
100
AcDbVertex
100
AcDb2dVertex
 10
2793.344887160208
 20
1515.532180795992
 30
0.0
  0
VERTEX
  5
211F
330
2119
100
AcDbEntity
  8
0
 62
     6
370
     0
100
AcDbVertex
100
AcDb2dVertex
 10
2793.76990515646
 20
1516.190958690181
 30
0.0
  0
VERTEX
  5
2120
330
2119
100
AcDbEntity
  8
0
 62
     6
370
     0
100
AcDbVertex
100
AcDb2dVertex
 10
2793.93991235496
 20
1516.275962289431
 30
0.0
  0
VERTEX
  5
2121
330
2119
100
AcDbEntity
  8
0
 62
     6
370
     0
100
AcDbVertex
100
AcDb2dVertex
 10
2794.789948347462
 20
1516.424718588119
 30
0.0
  0
SEQEND
  5
2122
330
2119
100
AcDbEntity
  8
0
 62
     6
370
     0
  0
POLYLINE
  5
2123
330
1F
100
AcDbEntity
  8
0
 62
     6
370
     0
100
AcDb2dPolyline
 66
     1
 10
0.0
 20
0.0
 30
0.0
 70
     1
  0
VERTEX
  5
2124
330
2123
100
AcDbEntity
  8
0
 62
     6
370
     0
100
AcDbVertex
100
AcDb2dVertex
 10
2794.93870464615
 20
1517.232252780996
 30
0.0
  0
VERTEX
  5
2125
330
2123
100
AcDbEntity
  8
0
 62
     6
370
     0
100
AcDbVertex
100
AcDb2dVertex
 10
2794.386181251024
 20
1517.211001881184
 30
0.0
  0
VERTEX
  5
2126
330
2123
100
AcDbEntity
  8
0
 62
     6
370
     0
100
AcDbVertex
100
AcDb2dVertex
 10
2793.621148857773
 20
1517.040994682683
 30
0.0
  0
VERTEX
  5
2127
330
2123
100
AcDbEntity
  8
0
 62
     6
370
     0
100
AcDbVertex
100
AcDb2dVertex
 10
2793.387388959834
 20
1516.93474018362
 30
0.0
  0
VERTEX
  5
2128
330
2123
100
AcDbEntity
  8
0
 62
     6
370
     0
100
AcDbVertex
100
AcDb2dVertex
 10
2792.749861965457
 20
1516.445969487931
 30
0.0
  0
VERTEX
  5
2129
330
2123
100
AcDbEntity
  8
0
 62
     6
370
     0
100
AcDbVertex
100
AcDb2dVertex
 10
2794.789948347462
 20
1516.424718588119
 30
0.0
  0
VERTEX
  5
212A
330
2123
100
AcDbEntity
  8
0
 62
     6
370
     0
100
AcDbVertex
100
AcDb2dVertex
 10
2795.214966343714
 20
1516.382216788494
 30
0.0
  0
VERTEX
  5
212B
330
2123
100
AcDbEntity
  8
0
 62
     6
370
     0
100
AcDbVertex
100
AcDb2dVertex
 10
2795.916246037528
 20
1516.084704191118
 30
0.0
  0
VERTEX
  5
212C
330
2123
100
AcDbEntity
  8
0
 62
     6
370
     0
100
AcDbVertex
100
AcDb2dVertex
 10
2795.958747837153
 20
1516.02095149168
 30
0.0
  0
VERTEX
  5
212D
330
2123
100
AcDbEntity
  8
0
 62
     6
370
     0
100
AcDbVertex
100
AcDb2dVertex
 10
2796.192507735091
 20
1515.255919098428
 30
0.0
  0
VERTEX
  5
212E
330
2123
100
AcDbEntity
  8
0
 62
     6
370
     0
100
AcDbVertex
100
AcDb2dVertex
 10
2796.171256835279
 20
1514.979657400865
 30
0.0
  0
VERTEX
  5
212F
330
2123
100
AcDbEntity
  8
0
 62
     6
370
     0
100
AcDbVertex
100
AcDb2dVertex
 10
2796.107504135842
 20
1514.958406501053
 30
0.0
  0
VERTEX
  5
2130
330
2123
100
AcDbEntity
  8
0
 62
     6
370
     0
100
AcDbVertex
100
AcDb2dVertex
 10
2795.406224442027
 20
1514.788399302552
 30
0.0
  0
VERTEX
  5
2131
330
2123
100
AcDbEntity
  8
0
 62
     6
370
     0
100
AcDbVertex
100
AcDb2dVertex
 10
2794.428683050649
 20
1514.660893903677
 30
0.0
  0
VERTEX
  5
2132
330
2123
100
AcDbEntity
  8
0
 62
     6
370
     0
100
AcDbVertex
100
AcDb2dVertex
 10
2794.364930351211
 20
1514.639643003864
 30
0.0
  0
VERTEX
  5
2133
330
2123
100
AcDbEntity
  8
0
 62
     6
370
     0
100
AcDbVertex
100
AcDb2dVertex
 10
2793.557396158334
 20
1514.512137604989
 30
0.0
  0
VERTEX
  5
2134
330
2123
100
AcDbEntity
  8
0
 62
     6
370
     0
100
AcDbVertex
100
AcDb2dVertex
 10
2796.171256835279
 20
1514.214625007613
 30
0.0
  0
VERTEX
  5
2135
330
2123
100
AcDbEntity
  8
0
 62
     6
370
     0
100
AcDbVertex
100
AcDb2dVertex
 10
2796.171256835279
 20
1513.853359710799
 30
0.0
  0
VERTEX
  5
2136
330
2123
100
AcDbEntity
  8
0
 62
     6
370
     0
100
AcDbVertex
100
AcDb2dVertex
 10
2796.171256835279
 20
1513.640850712674
 30
0.0
  0
VERTEX
  5
2137
330
2123
100
AcDbEntity
  8
0
 62
     6
370
     0
100
AcDbVertex
100
AcDb2dVertex
 10
2796.022500536591
 20
1512.875818319422
 30
0.0
  0
VERTEX
  5
2138
330
2123
100
AcDbEntity
  8
0
 62
     6
370
     0
100
AcDbVertex
100
AcDb2dVertex
 10
2795.958747837153
 20
1512.769563820359
 30
0.0
  0
VERTEX
  5
2139
330
2123
100
AcDbEntity
  8
0
 62
     6
370
     0
100
AcDbVertex
100
AcDb2dVertex
 10
2795.363722642401
 20
1512.19578952542
 30
0.0
  0
VERTEX
  5
213A
330
2123
100
AcDbEntity
  8
0
 62
     6
370
     0
100
AcDbVertex
100
AcDb2dVertex
 10
2795.172464544088
 20
1512.11078592617
 30
0.0
  0
VERTEX
  5
213B
330
2123
100
AcDbEntity
  8
0
 62
     6
370
     0
100
AcDbVertex
100
AcDb2dVertex
 10
2794.364930351211
 20
1511.940778727669
 30
0.0
  0
VERTEX
  5
213C
330
2123
100
AcDbEntity
  8
0
 62
     6
370
     0
100
AcDbVertex
100
AcDb2dVertex
 10
2792.664858366207
 20
1511.643266130294
 30
0.0
  0
VERTEX
  5
213D
330
2123
100
AcDbEntity
  8
0
 62
     6
370
     0
100
AcDbVertex
100
AcDb2dVertex
 10
2793.259883560959
 20
1511.303251733292
 30
0.0
  0
VERTEX
  5
213E
330
2123
100
AcDbEntity
  8
0
 62
     6
370
     0
100
AcDbVertex
100
AcDb2dVertex
 10
2794.131170453273
 20
1511.175746334417
 30
0.0
  0
VERTEX
  5
213F
330
2123
100
AcDbEntity
  8
0
 62
     6
370
     0
100
AcDbVertex
100
AcDb2dVertex
 10
2794.407432150836
 20
1511.19699723423
 30
0.0
  0
VERTEX
  5
2140
330
2123
100
AcDbEntity
  8
0
 62
     6
370
     0
100
AcDbVertex
100
AcDb2dVertex
 10
2795.214966343714
 20
1511.36700443273
 30
0.0
  0
VERTEX
  5
2141
330
2123
100
AcDbEntity
  8
0
 62
     6
370
     0
100
AcDbVertex
100
AcDb2dVertex
 10
2795.554980740714
 20
1511.53701163123
 30
0.0
  0
VERTEX
  5
2142
330
2123
100
AcDbEntity
  8
0
 62
     6
370
     0
100
AcDbVertex
100
AcDb2dVertex
 10
2796.256260434529
 20
1512.02578232692
 30
0.0
  0
VERTEX
  5
2143
330
2123
100
AcDbEntity
  8
0
 62
     6
370
     0
100
AcDbVertex
100
AcDb2dVertex
 10
2797.233801825905
 20
1512.02578232692
 30
0.0
  0
VERTEX
  5
2144
330
2123
100
AcDbEntity
  8
0
 62
     6
370
     0
100
AcDbVertex
100
AcDb2dVertex
 10
2797.191300026281
 20
1512.663309321296
 30
0.0
  0
VERTEX
  5
2145
330
2123
100
AcDbEntity
  8
0
 62
     6
370
     0
100
AcDbVertex
100
AcDb2dVertex
 10
2797.170049126469
 20
1513.747105211737
 30
0.0
  0
VERTEX
  5
2146
330
2123
100
AcDbEntity
  8
0
 62
     6
370
     0
100
AcDbVertex
100
AcDb2dVertex
 10
2797.170049126469
 20
1515.043410100303
 30
0.0
  0
VERTEX
  5
2147
330
2123
100
AcDbEntity
  8
0
 62
     6
370
     0
100
AcDbVertex
100
AcDb2dVertex
 10
2797.170049126469
 20
1515.149664599366
 30
0.0
  0
VERTEX
  5
2148
330
2123
100
AcDbEntity
  8
0
 62
     6
370
     0
100
AcDbVertex
100
AcDb2dVertex
 10
2797.127547326843
 20
1515.957198792243
 30
0.0
  0
VERTEX
  5
2149
330
2123
100
AcDbEntity
  8
0
 62
     6
370
     0
100
AcDbVertex
100
AcDb2dVertex
 10
2796.808783829655
 20
1516.615976686432
 30
0.0
  0
VERTEX
  5
214A
330
2123
100
AcDbEntity
  8
0
 62
     6
370
     0
100
AcDbVertex
100
AcDb2dVertex
 10
2796.128755035653
 20
1517.062245582496
 30
0.0
  0
VERTEX
  5
214B
330
2123
100
AcDbEntity
  8
0
 62
     6
370
     0
100
AcDbVertex
100
AcDb2dVertex
 10
2795.809991538465
 20
1517.147249181746
 30
0.0
  0
SEQEND
  5
214C
330
2123
100
AcDbEntity
  8
0
 62
     6
370
     0
  0
POLYLINE
  5
214D
330
1F
100
AcDbEntity
  8
0
 62
     6
370
     0
100
AcDb2dPolyline
 66
     1
 10
0.0
 20
0.0
 30
0.0
 70
     1
  0
VERTEX
  5
214E
330
214D
100
AcDbEntity
  8
0
 62
     6
370
     0
100
AcDbVertex
100
AcDb2dVertex
 10
2803.417813671361
 20
1517.104747382121
 30
0.0
  0
VERTEX
  5
214F
330
214D
100
AcDbEntity
  8
0
 62
     6
370
     0
100
AcDbVertex
100
AcDb2dVertex
 10
2802.397770480359
 20
1517.104747382121
 30
0.0
  0
VERTEX
  5
2150
330
214D
100
AcDbEntity
  8
0
 62
     6
370
     0
100
AcDbVertex
100
AcDb2dVertex
 10
2801.122716491605
 20
1513.577098013236
 30
0.0
  0
VERTEX
  5
2151
330
214D
100
AcDbEntity
  8
0
 62
     6
370
     0
100
AcDbVertex
100
AcDb2dVertex
 10
2800.995211092729
 20
1513.215832716423
 30
0.0
  0
VERTEX
  5
2152
330
214D
100
AcDbEntity
  8
0
 62
     6
370
     0
100
AcDbVertex
100
AcDb2dVertex
 10
2800.740200294979
 20
1512.472051222983
 30
0.0
  0
VERTEX
  5
2153
330
214D
100
AcDbEntity
  8
0
 62
     6
370
     0
100
AcDbVertex
100
AcDb2dVertex
 10
2800.293931398915
 20
1511.303251733292
 30
0.0
  0
VERTEX
  5
2154
330
214D
100
AcDbEntity
  8
0
 62
     6
370
     0
100
AcDbVertex
100
AcDb2dVertex
 10
2801.207720090856
 20
1511.303251733292
 30
0.0
  0
SEQEND
  5
2155
330
214D
100
AcDbEntity
  8
0
 62
     6
370
     0
  0
POLYLINE
  5
2156
330
1F
100
AcDbEntity
  8
0
 62
     6
370
     0
100
AcDb2dPolyline
 66
     1
 10
0.0
 20
0.0
 30
0.0
 70
     1
  0
VERTEX
  5
2157
330
2156
100
AcDbEntity
  8
0
 62
     6
370
     0
100
AcDbVertex
100
AcDb2dVertex
 10
2799.125131909224
 20
1517.104747382121
 30
0.0
  0
VERTEX
  5
2158
330
2156
100
AcDbEntity
  8
0
 62
     6
370
     0
100
AcDbVertex
100
AcDb2dVertex
 10
2798.105088718221
 20
1517.104747382121
 30
0.0
  0
VERTEX
  5
2159
330
2156
100
AcDbEntity
  8
0
 62
     6
370
     0
100
AcDbVertex
100
AcDb2dVertex
 10
2800.293931398915
 20
1511.303251733292
 30
0.0
  0
VERTEX
  5
215A
330
2156
100
AcDbEntity
  8
0
 62
     6
370
     0
100
AcDbVertex
100
AcDb2dVertex
 10
2800.740200294979
 20
1512.472051222983
 30
0.0
  0
VERTEX
  5
215B
330
2156
100
AcDbEntity
  8
0
 62
     6
370
     0
100
AcDbVertex
100
AcDb2dVertex
 10
2800.633945795916
 20
1512.854567419609
 30
0.0
  0
VERTEX
  5
215C
330
2156
100
AcDbEntity
  8
0
 62
     6
370
     0
100
AcDbVertex
100
AcDb2dVertex
 10
2800.378934998165
 20
1513.640850712674
 30
0.0
  0
SEQEND
  5
215D
330
2156
100
AcDbEntity
  8
0
 62
     6
370
     0
  0
POLYLINE
  5
215E
330
1F
100
AcDbEntity
  8
0
 62
     6
370
     0
100
AcDb2dPolyline
 66
     1
 10
0.0
 20
0.0
 30
0.0
 70
     1
  0
VERTEX
  5
215F
330
215E
100
AcDbEntity
  8
0
 62
     6
370
     0
100
AcDbVertex
100
AcDb2dVertex
 10
2809.028051221876
 20
1512.02578232692
 30
0.0
  0
VERTEX
  5
2160
330
215E
100
AcDbEntity
  8
0
 62
     6
370
     0
100
AcDbVertex
100
AcDb2dVertex
 10
2808.050509830499
 20
1512.02578232692
 30
0.0
  0
VERTEX
  5
2161
330
215E
100
AcDbEntity
  8
0
 62
     6
370
     0
100
AcDbVertex
100
AcDb2dVertex
 10
2808.263018828625
 20
1511.303251733292
 30
0.0
  0
VERTEX
  5
2162
330
215E
100
AcDbEntity
  8
0
 62
     6
370
     0
100
AcDbVertex
100
AcDb2dVertex
 10
2809.283062019627
 20
1511.303251733292
 30
0.0
  0
VERTEX
  5
2163
330
215E
100
AcDbEntity
  8
0
 62
     6
370
     0
100
AcDbVertex
100
AcDb2dVertex
 10
2809.028051221876
 20
1512.004531427107
 30
0.0
  0
SEQEND
  5
2164
330
215E
100
AcDbEntity
  8
0
 62
     6
370
     0
  0
POLYLINE
  5
2165
330
1F
100
AcDbEntity
  8
0
 62
     6
370
     0
100
AcDb2dPolyline
 66
     1
 10
0.0
 20
0.0
 30
0.0
 70
     1
  0
VERTEX
  5
2166
330
2165
100
AcDbEntity
  8
0
 62
     6
370
     0
100
AcDbVertex
100
AcDb2dVertex
 10
2805.351645554304
 20
1514.512137604989
 30
0.0
  0
VERTEX
  5
2167
330
2165
100
AcDbEntity
  8
0
 62
     6
370
     0
100
AcDbVertex
100
AcDb2dVertex
 10
2804.650365860489
 20
1514.172123207988
 30
0.0
  0
VERTEX
  5
2168
330
2165
100
AcDbEntity
  8
0
 62
     6
370
     0
100
AcDbVertex
100
AcDb2dVertex
 10
2804.140344264988
 20
1513.619599812861
 30
0.0
  0
VERTEX
  5
2169
330
2165
100
AcDbEntity
  8
0
 62
     6
370
     0
100
AcDbVertex
100
AcDb2dVertex
 10
2803.949086166675
 20
1512.833316519797
 30
0.0
  0
VERTEX
  5
216A
330
2165
100
AcDbEntity
  8
0
 62
     6
370
     0
100
AcDbVertex
100
AcDb2dVertex
 10
2804.034089765925
 20
1512.302044024483
 30
0.0
  0
VERTEX
  5
216B
330
2165
100
AcDbEntity
  8
0
 62
     6
370
     0
100
AcDbVertex
100
AcDb2dVertex
 10
2804.459107762176
 20
1511.643266130294
 30
0.0
  0
VERTEX
  5
216C
330
2165
100
AcDbEntity
  8
0
 62
     6
370
     0
100
AcDbVertex
100
AcDb2dVertex
 10
2806.159179747181
 20
1511.940778727669
 30
0.0
  0
VERTEX
  5
216D
330
2165
100
AcDbEntity
  8
0
 62
     6
370
     0
100
AcDbVertex
100
AcDb2dVertex
 10
2806.031674348306
 20
1511.962029627482
 30
0.0
  0
VERTEX
  5
216E
330
2165
100
AcDbEntity
  8
0
 62
     6
370
     0
100
AcDbVertex
100
AcDb2dVertex
 10
2805.287892854866
 20
1512.217040425232
 30
0.0
  0
VERTEX
  5
216F
330
2165
100
AcDbEntity
  8
0
 62
     6
370
     0
100
AcDbVertex
100
AcDb2dVertex
 10
2804.990380257489
 20
1512.875818319422
 30
0.0
  0
VERTEX
  5
2170
330
2165
100
AcDbEntity
  8
0
 62
     6
370
     0
100
AcDbVertex
100
AcDb2dVertex
 10
2805.117885656365
 20
1513.343338115298
 30
0.0
  0
VERTEX
  5
2171
330
2165
100
AcDbEntity
  8
0
 62
     6
370
     0
100
AcDbVertex
100
AcDb2dVertex
 10
2805.521652752804
 20
1513.662101612486
 30
0.0
  0
VERTEX
  5
2172
330
2165
100
AcDbEntity
  8
0
 62
     6
370
     0
100
AcDbVertex
100
AcDb2dVertex
 10
2805.542903652617
 20
1513.662101612486
 30
0.0
  0
VERTEX
  5
2173
330
2165
100
AcDbEntity
  8
0
 62
     6
370
     0
100
AcDbVertex
100
AcDb2dVertex
 10
2806.371688745306
 20
1513.853359710799
 30
0.0
  0
VERTEX
  5
2174
330
2165
100
AcDbEntity
  8
0
 62
     6
370
     0
100
AcDbVertex
100
AcDb2dVertex
 10
2807.306728337059
 20
1514.0233669093
 30
0.0
  0
VERTEX
  5
2175
330
2165
100
AcDbEntity
  8
0
 62
     6
370
     0
100
AcDbVertex
100
AcDb2dVertex
 10
2807.965506231248
 20
1514.214625007613
 30
0.0
  0
SEQEND
  5
2176
330
2165
100
AcDbEntity
  8
0
 62
     6
370
     0
  0
POLYLINE
  5
2177
330
1F
100
AcDbEntity
  8
0
 62
     6
370
     0
100
AcDb2dPolyline
 66
     1
 10
0.0
 20
0.0
 30
0.0
 70
     1
  0
VERTEX
  5
2178
330
2177
100
AcDbEntity
  8
0
 62
     6
370
     0
100
AcDbVertex
100
AcDb2dVertex
 10
2804.544111361426
 20
1516.445969487931
 30
0.0
  0
VERTEX
  5
2179
330
2177
100
AcDbEntity
  8
0
 62
     6
370
     0
100
AcDbVertex
100
AcDb2dVertex
 10
2804.416605962551
 20
1516.254711389619
 30
0.0
  0
VERTEX
  5
217A
330
2177
100
AcDbEntity
  8
0
 62
     6
370
     0
100
AcDbVertex
100
AcDb2dVertex
 10
2804.119093365175
 20
1515.447177196741
 30
0.0
  0
VERTEX
  5
217B
330
2177
100
AcDbEntity
  8
0
 62
     6
370
     0
100
AcDbVertex
100
AcDb2dVertex
 10
2805.07538385674
 20
1515.319671797866
 30
0.0
  0
VERTEX
  5
217C
330
2177
100
AcDbEntity
  8
0
 62
     6
370
     0
100
AcDbVertex
100
AcDb2dVertex
 10
2805.139136556178
 20
1515.532180795992
 30
0.0
  0
VERTEX
  5
217D
330
2177
100
AcDbEntity
  8
0
 62
     6
370
     0
100
AcDbVertex
100
AcDb2dVertex
 10
2805.564154552429
 20
1516.190958690181
 30
0.0
  0
VERTEX
  5
217E
330
2177
100
AcDbEntity
  8
0
 62
     6
370
     0
100
AcDbVertex
100
AcDb2dVertex
 10
2805.73416175093
 20
1516.275962289431
 30
0.0
  0
VERTEX
  5
217F
330
2177
100
AcDbEntity
  8
0
 62
     6
370
     0
100
AcDbVertex
100
AcDb2dVertex
 10
2806.584197743432
 20
1516.424718588119
 30
0.0
  0
SEQEND
  5
2180
330
2177
100
AcDbEntity
  8
0
 62
     6
370
     0
  0
POLYLINE
  5
2181
330
1F
100
AcDbEntity
  8
0
 62
     6
370
     0
100
AcDb2dPolyline
 66
     1
 10
0.0
 20
0.0
 30
0.0
 70
     1
  0
VERTEX
  5
2182
330
2181
100
AcDbEntity
  8
0
 62
     6
370
     0
100
AcDbVertex
100
AcDb2dVertex
 10
2806.73295404212
 20
1517.232252780996
 30
0.0
  0
VERTEX
  5
2183
330
2181
100
AcDbEntity
  8
0
 62
     6
370
     0
100
AcDbVertex
100
AcDb2dVertex
 10
2806.180430646993
 20
1517.211001881184
 30
0.0
  0
VERTEX
  5
2184
330
2181
100
AcDbEntity
  8
0
 62
     6
370
     0
100
AcDbVertex
100
AcDb2dVertex
 10
2805.415398253741
 20
1517.040994682683
 30
0.0
  0
VERTEX
  5
2185
330
2181
100
AcDbEntity
  8
0
 62
     6
370
     0
100
AcDbVertex
100
AcDb2dVertex
 10
2805.181638355803
 20
1516.93474018362
 30
0.0
  0
VERTEX
  5
2186
330
2181
100
AcDbEntity
  8
0
 62
     6
370
     0
100
AcDbVertex
100
AcDb2dVertex
 10
2804.544111361426
 20
1516.445969487931
 30
0.0
  0
VERTEX
  5
2187
330
2181
100
AcDbEntity
  8
0
 62
     6
370
     0
100
AcDbVertex
100
AcDb2dVertex
 10
2806.584197743432
 20
1516.424718588119
 30
0.0
  0
VERTEX
  5
2188
330
2181
100
AcDbEntity
  8
0
 62
     6
370
     0
100
AcDbVertex
100
AcDb2dVertex
 10
2807.009215739684
 20
1516.382216788494
 30
0.0
  0
VERTEX
  5
2189
330
2181
100
AcDbEntity
  8
0
 62
     6
370
     0
100
AcDbVertex
100
AcDb2dVertex
 10
2807.710495433497
 20
1516.084704191118
 30
0.0
  0
VERTEX
  5
218A
330
2181
100
AcDbEntity
  8
0
 62
     6
370
     0
100
AcDbVertex
100
AcDb2dVertex
 10
2807.752997233123
 20
1516.02095149168
 30
0.0
  0
VERTEX
  5
218B
330
2181
100
AcDbEntity
  8
0
 62
     6
370
     0
100
AcDbVertex
100
AcDb2dVertex
 10
2807.986757131061
 20
1515.255919098428
 30
0.0
  0
VERTEX
  5
218C
330
2181
100
AcDbEntity
  8
0
 62
     6
370
     0
100
AcDbVertex
100
AcDb2dVertex
 10
2807.965506231248
 20
1514.979657400865
 30
0.0
  0
VERTEX
  5
218D
330
2181
100
AcDbEntity
  8
0
 62
     6
370
     0
100
AcDbVertex
100
AcDb2dVertex
 10
2807.90175353181
 20
1514.958406501053
 30
0.0
  0
VERTEX
  5
218E
330
2181
100
AcDbEntity
  8
0
 62
     6
370
     0
100
AcDbVertex
100
AcDb2dVertex
 10
2807.200473837996
 20
1514.788399302552
 30
0.0
  0
VERTEX
  5
218F
330
2181
100
AcDbEntity
  8
0
 62
     6
370
     0
100
AcDbVertex
100
AcDb2dVertex
 10
2806.222932446619
 20
1514.660893903677
 30
0.0
  0
VERTEX
  5
2190
330
2181
100
AcDbEntity
  8
0
 62
     6
370
     0
100
AcDbVertex
100
AcDb2dVertex
 10
2806.159179747181
 20
1514.639643003864
 30
0.0
  0
VERTEX
  5
2191
330
2181
100
AcDbEntity
  8
0
 62
     6
370
     0
100
AcDbVertex
100
AcDb2dVertex
 10
2805.351645554304
 20
1514.512137604989
 30
0.0
  0
VERTEX
  5
2192
330
2181
100
AcDbEntity
  8
0
 62
     6
370
     0
100
AcDbVertex
100
AcDb2dVertex
 10
2807.965506231248
 20
1514.214625007613
 30
0.0
  0
VERTEX
  5
2193
330
2181
100
AcDbEntity
  8
0
 62
     6
370
     0
100
AcDbVertex
100
AcDb2dVertex
 10
2807.965506231248
 20
1513.853359710799
 30
0.0
  0
VERTEX
  5
2194
330
2181
100
AcDbEntity
  8
0
 62
     6
370
     0
100
AcDbVertex
100
AcDb2dVertex
 10
2807.965506231248
 20
1513.640850712674
 30
0.0
  0
VERTEX
  5
2195
330
2181
100
AcDbEntity
  8
0
 62
     6
370
     0
100
AcDbVertex
100
AcDb2dVertex
 10
2807.816749932561
 20
1512.875818319422
 30
0.0
  0
VERTEX
  5
2196
330
2181
100
AcDbEntity
  8
0
 62
     6
370
     0
100
AcDbVertex
100
AcDb2dVertex
 10
2807.752997233123
 20
1512.769563820359
 30
0.0
  0
VERTEX
  5
2197
330
2181
100
AcDbEntity
  8
0
 62
     6
370
     0
100
AcDbVertex
100
AcDb2dVertex
 10
2807.157972038371
 20
1512.19578952542
 30
0.0
  0
VERTEX
  5
2198
330
2181
100
AcDbEntity
  8
0
 62
     6
370
     0
100
AcDbVertex
100
AcDb2dVertex
 10
2806.966713940058
 20
1512.11078592617
 30
0.0
  0
VERTEX
  5
2199
330
2181
100
AcDbEntity
  8
0
 62
     6
370
     0
100
AcDbVertex
100
AcDb2dVertex
 10
2806.159179747181
 20
1511.940778727669
 30
0.0
  0
VERTEX
  5
219A
330
2181
100
AcDbEntity
  8
0
 62
     6
370
     0
100
AcDbVertex
100
AcDb2dVertex
 10
2804.459107762176
 20
1511.643266130294
 30
0.0
  0
VERTEX
  5
219B
330
2181
100
AcDbEntity
  8
0
 62
     6
370
     0
100
AcDbVertex
100
AcDb2dVertex
 10
2805.054132956929
 20
1511.303251733292
 30
0.0
  0
VERTEX
  5
219C
330
2181
100
AcDbEntity
  8
0
 62
     6
370
     0
100
AcDbVertex
100
AcDb2dVertex
 10
2805.925419849243
 20
1511.175746334417
 30
0.0
  0
VERTEX
  5
219D
330
2181
100
AcDbEntity
  8
0
 62
     6
370
     0
100
AcDbVertex
100
AcDb2dVertex
 10
2806.201681546806
 20
1511.19699723423
 30
0.0
  0
VERTEX
  5
219E
330
2181
100
AcDbEntity
  8
0
 62
     6
370
     0
100
AcDbVertex
100
AcDb2dVertex
 10
2807.009215739684
 20
1511.36700443273
 30
0.0
  0
VERTEX
  5
219F
330
2181
100
AcDbEntity
  8
0
 62
     6
370
     0
100
AcDbVertex
100
AcDb2dVertex
 10
2807.349230136684
 20
1511.53701163123
 30
0.0
  0
VERTEX
  5
21A0
330
2181
100
AcDbEntity
  8
0
 62
     6
370
     0
100
AcDbVertex
100
AcDb2dVertex
 10
2808.050509830499
 20
1512.02578232692
 30
0.0
  0
VERTEX
  5
21A1
330
2181
100
AcDbEntity
  8
0
 62
     6
370
     0
100
AcDbVertex
100
AcDb2dVertex
 10
2809.028051221876
 20
1512.02578232692
 30
0.0
  0
VERTEX
  5
21A2
330
2181
100
AcDbEntity
  8
0
 62
     6
370
     0
100
AcDbVertex
100
AcDb2dVertex
 10
2808.985549422251
 20
1512.663309321296
 30
0.0
  0
VERTEX
  5
21A3
330
2181
100
AcDbEntity
  8
0
 62
     6
370
     0
100
AcDbVertex
100
AcDb2dVertex
 10
2808.964298522438
 20
1513.747105211737
 30
0.0
  0
VERTEX
  5
21A4
330
2181
100
AcDbEntity
  8
0
 62
     6
370
     0
100
AcDbVertex
100
AcDb2dVertex
 10
2808.964298522438
 20
1515.043410100303
 30
0.0
  0
VERTEX
  5
21A5
330
2181
100
AcDbEntity
  8
0
 62
     6
370
     0
100
AcDbVertex
100
AcDb2dVertex
 10
2808.964298522438
 20
1515.149664599366
 30
0.0
  0
VERTEX
  5
21A6
330
2181
100
AcDbEntity
  8
0
 62
     6
370
     0
100
AcDbVertex
100
AcDb2dVertex
 10
2808.921796722814
 20
1515.957198792243
 30
0.0
  0
VERTEX
  5
21A7
330
2181
100
AcDbEntity
  8
0
 62
     6
370
     0
100
AcDbVertex
100
AcDb2dVertex
 10
2808.603033225625
 20
1516.615976686432
 30
0.0
  0
VERTEX
  5
21A8
330
2181
100
AcDbEntity
  8
0
 62
     6
370
     0
100
AcDbVertex
100
AcDb2dVertex
 10
2807.923004431623
 20
1517.062245582496
 30
0.0
  0
VERTEX
  5
21A9
330
2181
100
AcDbEntity
  8
0
 62
     6
370
     0
100
AcDbVertex
100
AcDb2dVertex
 10
2807.604240934434
 20
1517.147249181746
 30
0.0
  0
SEQEND
  5
21AA
330
2181
100
AcDbEntity
  8
0
 62
     6
370
     0
  0
POLYLINE
  5
21AB
330
1F
100
AcDbEntity
  8
0
 62
     6
370
     0
100
AcDb2dPolyline
 66
     1
 10
0.0
 20
0.0
 30
0.0
 70
     1
  0
VERTEX
  5
21AC
330
21AB
100
AcDbEntity
  8
0
 62
     6
370
     0
100
AcDbVertex
100
AcDb2dVertex
 10
2811.450653800508
 20
1509.836939646226
 30
0.0
  0
VERTEX
  5
21AD
330
21AB
100
AcDbEntity
  8
0
 62
     6
370
     0
100
AcDbVertex
100
AcDb2dVertex
 10
2811.408152000883
 20
1509.178161752037
 30
0.0
  0
VERTEX
  5
21AE
330
21AB
100
AcDbEntity
  8
0
 62
     6
370
     0
100
AcDbVertex
100
AcDb2dVertex
 10
2812.194435293947
 20
1509.114409052599
 30
0.0
  0
VERTEX
  5
21AF
330
21AB
100
AcDbEntity
  8
0
 62
     6
370
     0
100
AcDbVertex
100
AcDb2dVertex
 10
2812.683205989636
 20
1509.156910852224
 30
0.0
  0
VERTEX
  5
21B0
330
21AB
100
AcDbEntity
  8
0
 62
     6
370
     0
100
AcDbVertex
100
AcDb2dVertex
 10
2813.363234783638
 20
1509.433172549788
 30
0.0
  0
VERTEX
  5
21B1
330
21AB
100
AcDbEntity
  8
0
 62
     6
370
     0
100
AcDbVertex
100
AcDb2dVertex
 10
2813.405736583263
 20
1509.475674349413
 30
0.0
  0
VERTEX
  5
21B2
330
21AB
100
AcDbEntity
  8
0
 62
     6
370
     0
100
AcDbVertex
100
AcDb2dVertex
 10
2811.981926295823
 20
1509.815688746414
 30
0.0
  0
SEQEND
  5
21B3
330
21AB
100
AcDbEntity
  8
0
 62
     6
370
     0
  0
POLYLINE
  5
21B4
330
1F
100
AcDbEntity
  8
0
 62
     6
370
     0
100
AcDb2dPolyline
 66
     1
 10
0.0
 20
0.0
 30
0.0
 70
     1
  0
VERTEX
  5
21B5
330
21B4
100
AcDbEntity
  8
0
 62
     6
370
     0
100
AcDbVertex
100
AcDb2dVertex
 10
2814.277023475577
 20
1513.428341714548
 30
0.0
  0
VERTEX
  5
21B6
330
21B4
100
AcDbEntity
  8
0
 62
     6
370
     0
100
AcDbVertex
100
AcDb2dVertex
 10
2814.170768976515
 20
1512.982072818485
 30
0.0
  0
VERTEX
  5
21B7
330
21B4
100
AcDbEntity
  8
0
 62
     6
370
     0
100
AcDbVertex
100
AcDb2dVertex
 10
2813.767001880077
 20
1512.344545824108
 30
0.0
  0
VERTEX
  5
21B8
330
21B4
100
AcDbEntity
  8
0
 62
     6
370
     0
100
AcDbVertex
100
AcDb2dVertex
 10
2813.596994681576
 20
1512.19578952542
 30
0.0
  0
VERTEX
  5
21B9
330
21B4
100
AcDbEntity
  8
0
 62
     6
370
     0
100
AcDbVertex
100
AcDb2dVertex
 10
2812.810711388511
 20
1511.983280527295
 30
0.0
  0
VERTEX
  5
21BA
330
21B4
100
AcDbEntity
  8
0
 62
     6
370
     0
100
AcDbVertex
100
AcDb2dVertex
 10
2810.919381305195
 20
1511.962029627482
 30
0.0
  0
VERTEX
  5
21BB
330
21B4
100
AcDbEntity
  8
0
 62
     6
370
     0
100
AcDbVertex
100
AcDb2dVertex
 10
2811.280646602007
 20
1511.643266130294
 30
0.0
  0
VERTEX
  5
21BC
330
21B4
100
AcDbEntity
  8
0
 62
     6
370
     0
100
AcDbVertex
100
AcDb2dVertex
 10
2811.981926295823
 20
1511.303251733292
 30
0.0
  0
VERTEX
  5
21BD
330
21B4
100
AcDbEntity
  8
0
 62
     6
370
     0
100
AcDbVertex
100
AcDb2dVertex
 10
2812.194435293947
 20
1511.260749933668
 30
0.0
  0
VERTEX
  5
21BE
330
21B4
100
AcDbEntity
  8
0
 62
     6
370
     0
100
AcDbVertex
100
AcDb2dVertex
 10
2812.003177195634
 20
1510.580721139666
 30
0.0
  0
VERTEX
  5
21BF
330
21B4
100
AcDbEntity
  8
0
 62
     6
370
     0
100
AcDbVertex
100
AcDb2dVertex
 10
2812.555700590761
 20
1510.516968440228
 30
0.0
  0
VERTEX
  5
21C0
330
21B4
100
AcDbEntity
  8
0
 62
     6
370
     0
100
AcDbVertex
100
AcDb2dVertex
 10
2812.789460488699
 20
1510.389463041353
 30
0.0
  0
VERTEX
  5
21C1
330
21B4
100
AcDbEntity
  8
0
 62
     6
370
     0
100
AcDbVertex
100
AcDb2dVertex
 10
2812.853213188136
 20
1510.219455842852
 30
0.0
  0
VERTEX
  5
21C2
330
21B4
100
AcDbEntity
  8
0
 62
     6
370
     0
100
AcDbVertex
100
AcDb2dVertex
 10
2812.683205989636
 20
1509.943194145289
 30
0.0
  0
VERTEX
  5
21C3
330
21B4
100
AcDbEntity
  8
0
 62
     6
370
     0
100
AcDbVertex
100
AcDb2dVertex
 10
2811.981926295823
 20
1509.815688746414
 30
0.0
  0
VERTEX
  5
21C4
330
21B4
100
AcDbEntity
  8
0
 62
     6
370
     0
100
AcDbVertex
100
AcDb2dVertex
 10
2813.405736583263
 20
1509.475674349413
 30
0.0
  0
VERTEX
  5
21C5
330
21B4
100
AcDbEntity
  8
0
 62
     6
370
     0
100
AcDbVertex
100
AcDb2dVertex
 10
2813.767001880077
 20
1510.155703143414
 30
0.0
  0
VERTEX
  5
21C6
330
21B4
100
AcDbEntity
  8
0
 62
     6
370
     0
100
AcDbVertex
100
AcDb2dVertex
 10
2813.533241982138
 20
1510.686975638728
 30
0.0
  0
VERTEX
  5
21C7
330
21B4
100
AcDbEntity
  8
0
 62
     6
370
     0
100
AcDbVertex
100
AcDb2dVertex
 10
2812.831962288325
 20
1510.963237336292
 30
0.0
  0
VERTEX
  5
21C8
330
21B4
100
AcDbEntity
  8
0
 62
     6
370
     0
100
AcDbVertex
100
AcDb2dVertex
 10
2812.895714987762
 20
1511.175746334417
 30
0.0
  0
VERTEX
  5
21C9
330
21B4
100
AcDbEntity
  8
0
 62
     6
370
     0
100
AcDbVertex
100
AcDb2dVertex
 10
2812.938216787387
 20
1511.175746334417
 30
0.0
  0
VERTEX
  5
21CA
330
21B4
100
AcDbEntity
  8
0
 62
     6
370
     0
100
AcDbVertex
100
AcDb2dVertex
 10
2813.745750980265
 20
1511.345753532918
 30
0.0
  0
VERTEX
  5
21CB
330
21B4
100
AcDbEntity
  8
0
 62
     6
370
     0
100
AcDbVertex
100
AcDb2dVertex
 10
2814.425779774266
 20
1511.749520629356
 30
0.0
  0
VERTEX
  5
21CC
330
21B4
100
AcDbEntity
  8
0
 62
     6
370
     0
100
AcDbVertex
100
AcDb2dVertex
 10
2814.532034273329
 20
1511.855775128419
 30
0.0
  0
VERTEX
  5
21CD
330
21B4
100
AcDbEntity
  8
0
 62
     6
370
     0
100
AcDbVertex
100
AcDb2dVertex
 10
2814.978303169392
 20
1512.493302122796
 30
0.0
  0
VERTEX
  5
21CE
330
21B4
100
AcDbEntity
  8
0
 62
     6
370
     0
100
AcDbVertex
100
AcDb2dVertex
 10
2815.233313967143
 20
1513.300836315673
 30
0.0
  0
SEQEND
  5
21CF
330
21B4
100
AcDbEntity
  8
0
 62
     6
370
     0
  0
POLYLINE
  5
21D0
330
1F
100
AcDbEntity
  8
0
 62
     6
370
     0
100
AcDb2dPolyline
 66
     1
 10
0.0
 20
0.0
 30
0.0
 70
     1
  0
VERTEX
  5
21D1
330
21D0
100
AcDbEntity
  8
0
 62
     6
370
     0
100
AcDbVertex
100
AcDb2dVertex
 10
2810.961883104819
 20
1516.509722187369
 30
0.0
  0
VERTEX
  5
21D2
330
21D0
100
AcDbEntity
  8
0
 62
     6
370
     0
100
AcDbVertex
100
AcDb2dVertex
 10
2810.494363308942
 20
1515.829693393367
 30
0.0
  0
VERTEX
  5
21D3
330
21D0
100
AcDbEntity
  8
0
 62
     6
370
     0
100
AcDbVertex
100
AcDb2dVertex
 10
2810.494363308942
 20
1515.808442493555
 30
0.0
  0
VERTEX
  5
21D4
330
21D0
100
AcDbEntity
  8
0
 62
     6
370
     0
100
AcDbVertex
100
AcDb2dVertex
 10
2810.260603411004
 20
1515.064661000115
 30
0.0
  0
VERTEX
  5
21D5
330
21D0
100
AcDbEntity
  8
0
 62
     6
370
     0
100
AcDbVertex
100
AcDb2dVertex
 10
2810.196850711567
 20
1514.1933741078
 30
0.0
  0
VERTEX
  5
21D6
330
21D0
100
AcDbEntity
  8
0
 62
     6
370
     0
100
AcDbVertex
100
AcDb2dVertex
 10
2810.260603411004
 20
1513.322087215486
 30
0.0
  0
VERTEX
  5
21D7
330
21D0
100
AcDbEntity
  8
0
 62
     6
370
     0
100
AcDbVertex
100
AcDb2dVertex
 10
2810.494363308942
 20
1512.557054822234
 30
0.0
  0
VERTEX
  5
21D8
330
21D0
100
AcDbEntity
  8
0
 62
     6
370
     0
100
AcDbVertex
100
AcDb2dVertex
 10
2810.919381305195
 20
1511.962029627482
 30
0.0
  0
VERTEX
  5
21D9
330
21D0
100
AcDbEntity
  8
0
 62
     6
370
     0
100
AcDbVertex
100
AcDb2dVertex
 10
2812.810711388511
 20
1511.983280527295
 30
0.0
  0
VERTEX
  5
21DA
330
21D0
100
AcDbEntity
  8
0
 62
     6
370
     0
100
AcDbVertex
100
AcDb2dVertex
 10
2812.300689793011
 20
1512.068284126545
 30
0.0
  0
VERTEX
  5
21DB
330
21D0
100
AcDbEntity
  8
0
 62
     6
370
     0
100
AcDbVertex
100
AcDb2dVertex
 10
2811.641911898821
 20
1512.514553022608
 30
0.0
  0
VERTEX
  5
21DC
330
21D0
100
AcDbEntity
  8
0
 62
     6
370
     0
100
AcDbVertex
100
AcDb2dVertex
 10
2811.578159199383
 20
1512.599556621859
 30
0.0
  0
VERTEX
  5
21DD
330
21D0
100
AcDbEntity
  8
0
 62
     6
370
     0
100
AcDbVertex
100
AcDb2dVertex
 10
2811.280646602007
 20
1513.27958541586
 30
0.0
  0
VERTEX
  5
21DE
330
21D0
100
AcDbEntity
  8
0
 62
     6
370
     0
100
AcDbVertex
100
AcDb2dVertex
 10
2811.195643002757
 20
1514.214625007613
 30
0.0
  0
VERTEX
  5
21DF
330
21D0
100
AcDbEntity
  8
0
 62
     6
370
     0
100
AcDbVertex
100
AcDb2dVertex
 10
2811.195643002757
 20
1514.405883105926
 30
0.0
  0
VERTEX
  5
21E0
330
21D0
100
AcDbEntity
  8
0
 62
     6
370
     0
100
AcDbVertex
100
AcDb2dVertex
 10
2811.323148401632
 20
1515.277169998241
 30
0.0
  0
VERTEX
  5
21E1
330
21D0
100
AcDbEntity
  8
0
 62
     6
370
     0
100
AcDbVertex
100
AcDb2dVertex
 10
2811.663162798633
 20
1515.893446092805
 30
0.0
  0
VERTEX
  5
21E2
330
21D0
100
AcDbEntity
  8
0
 62
     6
370
     0
100
AcDbVertex
100
AcDb2dVertex
 10
2812.088180794884
 20
1516.233460489806
 30
0.0
  0
VERTEX
  5
21E3
330
21D0
100
AcDbEntity
  8
0
 62
     6
370
     0
100
AcDbVertex
100
AcDb2dVertex
 10
2812.874464087949
 20
1516.424718588119
 30
0.0
  0
SEQEND
  5
21E4
330
21D0
100
AcDbEntity
  8
0
 62
     6
370
     0
  0
POLYLINE
  5
21E5
330
1F
100
AcDbEntity
  8
0
 62
     6
370
     0
100
AcDb2dPolyline
 66
     1
 10
0.0
 20
0.0
 30
0.0
 70
     1
  0
VERTEX
  5
21E6
330
21E5
100
AcDbEntity
  8
0
 62
     6
370
     0
100
AcDbVertex
100
AcDb2dVertex
 10
2812.831962288325
 20
1517.232252780996
 30
0.0
  0
VERTEX
  5
21E7
330
21E5
100
AcDbEntity
  8
0
 62
     6
370
     0
100
AcDbVertex
100
AcDb2dVertex
 10
2812.215686193761
 20
1517.168500081559
 30
0.0
  0
VERTEX
  5
21E8
330
21E5
100
AcDbEntity
  8
0
 62
     6
370
     0
100
AcDbVertex
100
AcDb2dVertex
 10
2811.450653800508
 20
1516.892238383995
 30
0.0
  0
VERTEX
  5
21E9
330
21E5
100
AcDbEntity
  8
0
 62
     6
370
     0
100
AcDbVertex
100
AcDb2dVertex
 10
2810.961883104819
 20
1516.509722187369
 30
0.0
  0
VERTEX
  5
21EA
330
21E5
100
AcDbEntity
  8
0
 62
     6
370
     0
100
AcDbVertex
100
AcDb2dVertex
 10
2812.874464087949
 20
1516.424718588119
 30
0.0
  0
VERTEX
  5
21EB
330
21E5
100
AcDbEntity
  8
0
 62
     6
370
     0
100
AcDbVertex
100
AcDb2dVertex
 10
2812.959467687199
 20
1516.424718588119
 30
0.0
  0
VERTEX
  5
21EC
330
21E5
100
AcDbEntity
  8
0
 62
     6
370
     0
100
AcDbVertex
100
AcDb2dVertex
 10
2813.703249180639
 20
1516.127205990743
 30
0.0
  0
VERTEX
  5
21ED
330
21E5
100
AcDbEntity
  8
0
 62
     6
370
     0
100
AcDbVertex
100
AcDb2dVertex
 10
2813.830754579515
 20
1516.02095149168
 30
0.0
  0
VERTEX
  5
21EE
330
21E5
100
AcDbEntity
  8
0
 62
     6
370
     0
100
AcDbVertex
100
AcDb2dVertex
 10
2814.192019876328
 20
1515.255919098428
 30
0.0
  0
VERTEX
  5
21EF
330
21E5
100
AcDbEntity
  8
0
 62
     6
370
     0
100
AcDbVertex
100
AcDb2dVertex
 10
2815.148310367892
 20
1515.404675397116
 30
0.0
  0
VERTEX
  5
21F0
330
21E5
100
AcDbEntity
  8
0
 62
     6
370
     0
100
AcDbVertex
100
AcDb2dVertex
 10
2814.872048670329
 20
1516.169707790368
 30
0.0
  0
VERTEX
  5
21F1
330
21E5
100
AcDbEntity
  8
0
 62
     6
370
     0
100
AcDbVertex
100
AcDb2dVertex
 10
2814.362027074828
 20
1516.76473298512
 30
0.0
  0
VERTEX
  5
21F2
330
21E5
100
AcDbEntity
  8
0
 62
     6
370
     0
100
AcDbVertex
100
AcDb2dVertex
 10
2814.362027074828
 20
1516.76473298512
 30
0.0
  0
VERTEX
  5
21F3
330
21E5
100
AcDbEntity
  8
0
 62
     6
370
     0
100
AcDbVertex
100
AcDb2dVertex
 10
2813.681998280826
 20
1517.125998281933
 30
0.0
  0
SEQEND
  5
21F4
330
21E5
100
AcDbEntity
  8
0
 62
     6
370
     0
  0
POLYLINE
  5
21F5
330
1F
100
AcDbEntity
  8
0
 62
     6
370
     0
100
AcDb2dPolyline
 66
     1
 10
0.0
 20
0.0
 30
0.0
 70
     1
  0
VERTEX
  5
21F6
330
21F5
100
AcDbEntity
  8
0
 62
     6
370
     0
100
AcDbVertex
100
AcDb2dVertex
 10
2820.822300617846
 20
1512.02578232692
 30
0.0
  0
VERTEX
  5
21F7
330
21F5
100
AcDbEntity
  8
0
 62
     6
370
     0
100
AcDbVertex
100
AcDb2dVertex
 10
2819.844759226468
 20
1512.02578232692
 30
0.0
  0
VERTEX
  5
21F8
330
21F5
100
AcDbEntity
  8
0
 62
     6
370
     0
100
AcDbVertex
100
AcDb2dVertex
 10
2820.057268224593
 20
1511.303251733292
 30
0.0
  0
VERTEX
  5
21F9
330
21F5
100
AcDbEntity
  8
0
 62
     6
370
     0
100
AcDbVertex
100
AcDb2dVertex
 10
2821.077311415596
 20
1511.303251733292
 30
0.0
  0
VERTEX
  5
21FA
330
21F5
100
AcDbEntity
  8
0
 62
     6
370
     0
100
AcDbVertex
100
AcDb2dVertex
 10
2820.822300617846
 20
1512.004531427107
 30
0.0
  0
SEQEND
  5
21FB
330
21F5
100
AcDbEntity
  8
0
 62
     6
370
     0
  0
POLYLINE
  5
21FC
330
1F
100
AcDbEntity
  8
0
 62
     6
370
     0
100
AcDb2dPolyline
 66
     1
 10
0.0
 20
0.0
 30
0.0
 70
     1
  0
VERTEX
  5
21FD
330
21FC
100
AcDbEntity
  8
0
 62
     6
370
     0
100
AcDbVertex
100
AcDb2dVertex
 10
2817.145894950273
 20
1514.512137604989
 30
0.0
  0
VERTEX
  5
21FE
330
21FC
100
AcDbEntity
  8
0
 62
     6
370
     0
100
AcDbVertex
100
AcDb2dVertex
 10
2816.444615256459
 20
1514.172123207988
 30
0.0
  0
VERTEX
  5
21FF
330
21FC
100
AcDbEntity
  8
0
 62
     6
370
     0
100
AcDbVertex
100
AcDb2dVertex
 10
2815.934593660957
 20
1513.619599812861
 30
0.0
  0
VERTEX
  5
2200
330
21FC
100
AcDbEntity
  8
0
 62
     6
370
     0
100
AcDbVertex
100
AcDb2dVertex
 10
2815.743335562644
 20
1512.833316519797
 30
0.0
  0
VERTEX
  5
2201
330
21FC
100
AcDbEntity
  8
0
 62
     6
370
     0
100
AcDbVertex
100
AcDb2dVertex
 10
2815.828339161895
 20
1512.302044024483
 30
0.0
  0
VERTEX
  5
2202
330
21FC
100
AcDbEntity
  8
0
 62
     6
370
     0
100
AcDbVertex
100
AcDb2dVertex
 10
2816.253357158146
 20
1511.643266130294
 30
0.0
  0
VERTEX
  5
2203
330
21FC
100
AcDbEntity
  8
0
 62
     6
370
     0
100
AcDbVertex
100
AcDb2dVertex
 10
2817.95342914315
 20
1511.940778727669
 30
0.0
  0
VERTEX
  5
2204
330
21FC
100
AcDbEntity
  8
0
 62
     6
370
     0
100
AcDbVertex
100
AcDb2dVertex
 10
2817.825923744275
 20
1511.962029627482
 30
0.0
  0
VERTEX
  5
2205
330
21FC
100
AcDbEntity
  8
0
 62
     6
370
     0
100
AcDbVertex
100
AcDb2dVertex
 10
2817.082142250836
 20
1512.217040425232
 30
0.0
  0
VERTEX
  5
2206
330
21FC
100
AcDbEntity
  8
0
 62
     6
370
     0
100
AcDbVertex
100
AcDb2dVertex
 10
2816.78462965346
 20
1512.875818319422
 30
0.0
  0
VERTEX
  5
2207
330
21FC
100
AcDbEntity
  8
0
 62
     6
370
     0
100
AcDbVertex
100
AcDb2dVertex
 10
2816.933385952148
 20
1513.343338115298
 30
0.0
  0
VERTEX
  5
2208
330
21FC
100
AcDbEntity
  8
0
 62
     6
370
     0
100
AcDbVertex
100
AcDb2dVertex
 10
2817.315902148774
 20
1513.662101612486
 30
0.0
  0
VERTEX
  5
2209
330
21FC
100
AcDbEntity
  8
0
 62
     6
370
     0
100
AcDbVertex
100
AcDb2dVertex
 10
2817.337153048585
 20
1513.662101612486
 30
0.0
  0
VERTEX
  5
220A
330
21FC
100
AcDbEntity
  8
0
 62
     6
370
     0
100
AcDbVertex
100
AcDb2dVertex
 10
2818.165938141277
 20
1513.853359710799
 30
0.0
  0
VERTEX
  5
220B
330
21FC
100
AcDbEntity
  8
0
 62
     6
370
     0
100
AcDbVertex
100
AcDb2dVertex
 10
2819.100977733029
 20
1514.0233669093
 30
0.0
  0
VERTEX
  5
220C
330
21FC
100
AcDbEntity
  8
0
 62
     6
370
     0
100
AcDbVertex
100
AcDb2dVertex
 10
2819.759755627218
 20
1514.214625007613
 30
0.0
  0
SEQEND
  5
220D
330
21FC
100
AcDbEntity
  8
0
 62
     6
370
     0
  0
POLYLINE
  5
220E
330
1F
100
AcDbEntity
  8
0
 62
     6
370
     0
100
AcDb2dPolyline
 66
     1
 10
0.0
 20
0.0
 30
0.0
 70
     1
  0
VERTEX
  5
220F
330
220E
100
AcDbEntity
  8
0
 62
     6
370
     0
100
AcDbVertex
100
AcDb2dVertex
 10
2816.338360757397
 20
1516.445969487931
 30
0.0
  0
VERTEX
  5
2210
330
220E
100
AcDbEntity
  8
0
 62
     6
370
     0
100
AcDbVertex
100
AcDb2dVertex
 10
2816.21085535852
 20
1516.254711389619
 30
0.0
  0
VERTEX
  5
2211
330
220E
100
AcDbEntity
  8
0
 62
     6
370
     0
100
AcDbVertex
100
AcDb2dVertex
 10
2815.913342761145
 20
1515.447177196741
 30
0.0
  0
VERTEX
  5
2212
330
220E
100
AcDbEntity
  8
0
 62
     6
370
     0
100
AcDbVertex
100
AcDb2dVertex
 10
2816.86963325271
 20
1515.319671797866
 30
0.0
  0
VERTEX
  5
2213
330
220E
100
AcDbEntity
  8
0
 62
     6
370
     0
100
AcDbVertex
100
AcDb2dVertex
 10
2816.933385952148
 20
1515.532180795992
 30
0.0
  0
VERTEX
  5
2214
330
220E
100
AcDbEntity
  8
0
 62
     6
370
     0
100
AcDbVertex
100
AcDb2dVertex
 10
2817.358403948399
 20
1516.190958690181
 30
0.0
  0
VERTEX
  5
2215
330
220E
100
AcDbEntity
  8
0
 62
     6
370
     0
100
AcDbVertex
100
AcDb2dVertex
 10
2817.528411146899
 20
1516.275962289431
 30
0.0
  0
VERTEX
  5
2216
330
220E
100
AcDbEntity
  8
0
 62
     6
370
     0
100
AcDbVertex
100
AcDb2dVertex
 10
2818.378447139402
 20
1516.424718588119
 30
0.0
  0
SEQEND
  5
2217
330
220E
100
AcDbEntity
  8
0
 62
     6
370
     0
  0
POLYLINE
  5
2218
330
1F
100
AcDbEntity
  8
0
 62
     6
370
     0
100
AcDb2dPolyline
 66
     1
 10
0.0
 20
0.0
 30
0.0
 70
     1
  0
VERTEX
  5
2219
330
2218
100
AcDbEntity
  8
0
 62
     6
370
     0
100
AcDbVertex
100
AcDb2dVertex
 10
2818.527203438089
 20
1517.232252780996
 30
0.0
  0
VERTEX
  5
221A
330
2218
100
AcDbEntity
  8
0
 62
     6
370
     0
100
AcDbVertex
100
AcDb2dVertex
 10
2817.974680042964
 20
1517.211001881184
 30
0.0
  0
VERTEX
  5
221B
330
2218
100
AcDbEntity
  8
0
 62
     6
370
     0
100
AcDbVertex
100
AcDb2dVertex
 10
2817.209647649712
 20
1517.040994682683
 30
0.0
  0
VERTEX
  5
221C
330
2218
100
AcDbEntity
  8
0
 62
     6
370
     0
100
AcDbVertex
100
AcDb2dVertex
 10
2816.975887751773
 20
1516.93474018362
 30
0.0
  0
VERTEX
  5
221D
330
2218
100
AcDbEntity
  8
0
 62
     6
370
     0
100
AcDbVertex
100
AcDb2dVertex
 10
2816.338360757397
 20
1516.445969487931
 30
0.0
  0
VERTEX
  5
221E
330
2218
100
AcDbEntity
  8
0
 62
     6
370
     0
100
AcDbVertex
100
AcDb2dVertex
 10
2818.378447139402
 20
1516.424718588119
 30
0.0
  0
VERTEX
  5
221F
330
2218
100
AcDbEntity
  8
0
 62
     6
370
     0
100
AcDbVertex
100
AcDb2dVertex
 10
2818.803465135653
 20
1516.382216788494
 30
0.0
  0
VERTEX
  5
2220
330
2218
100
AcDbEntity
  8
0
 62
     6
370
     0
100
AcDbVertex
100
AcDb2dVertex
 10
2819.504744829468
 20
1516.084704191118
 30
0.0
  0
VERTEX
  5
2221
330
2218
100
AcDbEntity
  8
0
 62
     6
370
     0
100
AcDbVertex
100
AcDb2dVertex
 10
2819.547246629092
 20
1516.02095149168
 30
0.0
  0
VERTEX
  5
2222
330
2218
100
AcDbEntity
  8
0
 62
     6
370
     0
100
AcDbVertex
100
AcDb2dVertex
 10
2819.78100652703
 20
1515.255919098428
 30
0.0
  0
VERTEX
  5
2223
330
2218
100
AcDbEntity
  8
0
 62
     6
370
     0
100
AcDbVertex
100
AcDb2dVertex
 10
2819.759755627218
 20
1514.979657400865
 30
0.0
  0
VERTEX
  5
2224
330
2218
100
AcDbEntity
  8
0
 62
     6
370
     0
100
AcDbVertex
100
AcDb2dVertex
 10
2819.696002927781
 20
1514.958406501053
 30
0.0
  0
VERTEX
  5
2225
330
2218
100
AcDbEntity
  8
0
 62
     6
370
     0
100
AcDbVertex
100
AcDb2dVertex
 10
2818.994723233966
 20
1514.788399302552
 30
0.0
  0
VERTEX
  5
2226
330
2218
100
AcDbEntity
  8
0
 62
     6
370
     0
100
AcDbVertex
100
AcDb2dVertex
 10
2818.017181842588
 20
1514.660893903677
 30
0.0
  0
VERTEX
  5
2227
330
2218
100
AcDbEntity
  8
0
 62
     6
370
     0
100
AcDbVertex
100
AcDb2dVertex
 10
2817.95342914315
 20
1514.639643003864
 30
0.0
  0
VERTEX
  5
2228
330
2218
100
AcDbEntity
  8
0
 62
     6
370
     0
100
AcDbVertex
100
AcDb2dVertex
 10
2817.145894950273
 20
1514.512137604989
 30
0.0
  0
VERTEX
  5
2229
330
2218
100
AcDbEntity
  8
0
 62
     6
370
     0
100
AcDbVertex
100
AcDb2dVertex
 10
2819.759755627218
 20
1514.214625007613
 30
0.0
  0
VERTEX
  5
222A
330
2218
100
AcDbEntity
  8
0
 62
     6
370
     0
100
AcDbVertex
100
AcDb2dVertex
 10
2819.759755627218
 20
1513.853359710799
 30
0.0
  0
VERTEX
  5
222B
330
2218
100
AcDbEntity
  8
0
 62
     6
370
     0
100
AcDbVertex
100
AcDb2dVertex
 10
2819.759755627218
 20
1513.640850712674
 30
0.0
  0
VERTEX
  5
222C
330
2218
100
AcDbEntity
  8
0
 62
     6
370
     0
100
AcDbVertex
100
AcDb2dVertex
 10
2819.61099932853
 20
1512.875818319422
 30
0.0
  0
VERTEX
  5
222D
330
2218
100
AcDbEntity
  8
0
 62
     6
370
     0
100
AcDbVertex
100
AcDb2dVertex
 10
2819.547246629092
 20
1512.769563820359
 30
0.0
  0
VERTEX
  5
222E
330
2218
100
AcDbEntity
  8
0
 62
     6
370
     0
100
AcDbVertex
100
AcDb2dVertex
 10
2818.95222143434
 20
1512.19578952542
 30
0.0
  0
VERTEX
  5
222F
330
2218
100
AcDbEntity
  8
0
 62
     6
370
     0
100
AcDbVertex
100
AcDb2dVertex
 10
2818.760963336027
 20
1512.11078592617
 30
0.0
  0
VERTEX
  5
2230
330
2218
100
AcDbEntity
  8
0
 62
     6
370
     0
100
AcDbVertex
100
AcDb2dVertex
 10
2817.95342914315
 20
1511.940778727669
 30
0.0
  0
VERTEX
  5
2231
330
2218
100
AcDbEntity
  8
0
 62
     6
370
     0
100
AcDbVertex
100
AcDb2dVertex
 10
2816.253357158146
 20
1511.643266130294
 30
0.0
  0
VERTEX
  5
2232
330
2218
100
AcDbEntity
  8
0
 62
     6
370
     0
100
AcDbVertex
100
AcDb2dVertex
 10
2816.848382352898
 20
1511.303251733292
 30
0.0
  0
VERTEX
  5
2233
330
2218
100
AcDbEntity
  8
0
 62
     6
370
     0
100
AcDbVertex
100
AcDb2dVertex
 10
2817.719669245212
 20
1511.175746334417
 30
0.0
  0
VERTEX
  5
2234
330
2218
100
AcDbEntity
  8
0
 62
     6
370
     0
100
AcDbVertex
100
AcDb2dVertex
 10
2817.995930942776
 20
1511.19699723423
 30
0.0
  0
VERTEX
  5
2235
330
2218
100
AcDbEntity
  8
0
 62
     6
370
     0
100
AcDbVertex
100
AcDb2dVertex
 10
2818.803465135653
 20
1511.36700443273
 30
0.0
  0
VERTEX
  5
2236
330
2218
100
AcDbEntity
  8
0
 62
     6
370
     0
100
AcDbVertex
100
AcDb2dVertex
 10
2819.143479532653
 20
1511.53701163123
 30
0.0
  0
VERTEX
  5
2237
330
2218
100
AcDbEntity
  8
0
 62
     6
370
     0
100
AcDbVertex
100
AcDb2dVertex
 10
2819.844759226468
 20
1512.02578232692
 30
0.0
  0
VERTEX
  5
2238
330
2218
100
AcDbEntity
  8
0
 62
     6
370
     0
100
AcDbVertex
100
AcDb2dVertex
 10
2820.822300617846
 20
1512.02578232692
 30
0.0
  0
VERTEX
  5
2239
330
2218
100
AcDbEntity
  8
0
 62
     6
370
     0
100
AcDbVertex
100
AcDb2dVertex
 10
2820.77979881822
 20
1512.663309321296
 30
0.0
  0
VERTEX
  5
223A
330
2218
100
AcDbEntity
  8
0
 62
     6
370
     0
100
AcDbVertex
100
AcDb2dVertex
 10
2820.758547918408
 20
1513.747105211737
 30
0.0
  0
VERTEX
  5
223B
330
2218
100
AcDbEntity
  8
0
 62
     6
370
     0
100
AcDbVertex
100
AcDb2dVertex
 10
2820.758547918408
 20
1515.043410100303
 30
0.0
  0
VERTEX
  5
223C
330
2218
100
AcDbEntity
  8
0
 62
     6
370
     0
100
AcDbVertex
100
AcDb2dVertex
 10
2820.758547918408
 20
1515.149664599366
 30
0.0
  0
VERTEX
  5
223D
330
2218
100
AcDbEntity
  8
0
 62
     6
370
     0
100
AcDbVertex
100
AcDb2dVertex
 10
2820.716046118783
 20
1515.957198792243
 30
0.0
  0
VERTEX
  5
223E
330
2218
100
AcDbEntity
  8
0
 62
     6
370
     0
100
AcDbVertex
100
AcDb2dVertex
 10
2820.397282621594
 20
1516.615976686432
 30
0.0
  0
VERTEX
  5
223F
330
2218
100
AcDbEntity
  8
0
 62
     6
370
     0
100
AcDbVertex
100
AcDb2dVertex
 10
2819.717253827593
 20
1517.062245582496
 30
0.0
  0
VERTEX
  5
2240
330
2218
100
AcDbEntity
  8
0
 62
     6
370
     0
100
AcDbVertex
100
AcDb2dVertex
 10
2819.398490330404
 20
1517.147249181746
 30
0.0
  0
SEQEND
  5
2241
330
2218
100
AcDbEntity
  8
0
 62
     6
370
     0
  0
POLYLINE
  5
2242
330
1F
100
AcDbEntity
  8
0
 62
     6
370
     0
100
AcDb2dPolyline
 66
     1
 10
0.0
 20
0.0
 30
0.0
 70
     1
  0
VERTEX
  5
2243
330
2242
100
AcDbEntity
  8
0
 62
     6
370
     0
100
AcDbVertex
100
AcDb2dVertex
 10
2816.805880553272
 20
1518.741066667688
 30
0.0
  0
VERTEX
  5
2244
330
2242
100
AcDbEntity
  8
0
 62
     6
370
     0
100
AcDbVertex
100
AcDb2dVertex
 10
2816.593371555148
 20
1517.954783374623
 30
0.0
  0
VERTEX
  5
2245
330
2242
100
AcDbEntity
  8
0
 62
     6
370
     0
100
AcDbVertex
100
AcDb2dVertex
 10
2817.315902148774
 20
1517.954783374623
 30
0.0
  0
VERTEX
  5
2246
330
2242
100
AcDbEntity
  8
0
 62
     6
370
     0
100
AcDbVertex
100
AcDb2dVertex
 10
2817.422156647836
 20
1518.358550471062
 30
0.0
  0
VERTEX
  5
2247
330
2242
100
AcDbEntity
  8
0
 62
     6
370
     0
100
AcDbVertex
100
AcDb2dVertex
 10
2817.719669245212
 20
1518.486055869937
 30
0.0
  0
SEQEND
  5
2248
330
2242
100
AcDbEntity
  8
0
 62
     6
370
     0
  0
POLYLINE
  5
2249
330
1F
100
AcDbEntity
  8
0
 62
     6
370
     0
100
AcDb2dPolyline
 66
     1
 10
0.0
 20
0.0
 30
0.0
 70
     1
  0
VERTEX
  5
224A
330
2249
100
AcDbEntity
  8
0
 62
     6
370
     0
100
AcDbVertex
100
AcDb2dVertex
 10
2817.6984183454
 20
1519.208586463564
 30
0.0
  0
VERTEX
  5
224B
330
2249
100
AcDbEntity
  8
0
 62
     6
370
     0
100
AcDbVertex
100
AcDb2dVertex
 10
2817.61341474615
 20
1519.208586463564
 30
0.0
  0
VERTEX
  5
224C
330
2249
100
AcDbEntity
  8
0
 62
     6
370
     0
100
AcDbVertex
100
AcDb2dVertex
 10
2816.890884152523
 20
1518.868572066563
 30
0.0
  0
VERTEX
  5
224D
330
2249
100
AcDbEntity
  8
0
 62
     6
370
     0
100
AcDbVertex
100
AcDb2dVertex
 10
2816.805880553272
 20
1518.741066667688
 30
0.0
  0
VERTEX
  5
224E
330
2249
100
AcDbEntity
  8
0
 62
     6
370
     0
100
AcDbVertex
100
AcDb2dVertex
 10
2819.122228632841
 20
1518.741066667688
 30
0.0
  0
VERTEX
  5
224F
330
2249
100
AcDbEntity
  8
0
 62
     6
370
     0
100
AcDbVertex
100
AcDb2dVertex
 10
2818.61220703734
 20
1518.911073866188
 30
0.0
  0
VERTEX
  5
2250
330
2249
100
AcDbEntity
  8
0
 62
     6
370
     0
100
AcDbVertex
100
AcDb2dVertex
 10
2818.44219983884
 20
1518.996077465439
 30
0.0
  0
SEQEND
  5
2251
330
2249
100
AcDbEntity
  8
0
 62
     6
370
     0
  0
POLYLINE
  5
2252
330
1F
100
AcDbEntity
  8
0
 62
     6
370
     0
100
AcDb2dPolyline
 66
     1
 10
0.0
 20
0.0
 30
0.0
 70
     1
  0
VERTEX
  5
2253
330
2252
100
AcDbEntity
  8
0
 62
     6
370
     0
100
AcDbVertex
100
AcDb2dVertex
 10
2820.227275423094
 20
1519.229837363377
 30
0.0
  0
VERTEX
  5
2254
330
2252
100
AcDbEntity
  8
0
 62
     6
370
     0
100
AcDbVertex
100
AcDb2dVertex
 10
2819.525995729279
 20
1519.229837363377
 30
0.0
  0
VERTEX
  5
2255
330
2252
100
AcDbEntity
  8
0
 62
     6
370
     0
100
AcDbVertex
100
AcDb2dVertex
 10
2819.398490330404
 20
1518.847321166751
 30
0.0
  0
VERTEX
  5
2256
330
2252
100
AcDbEntity
  8
0
 62
     6
370
     0
100
AcDbVertex
100
AcDb2dVertex
 10
2819.122228632841
 20
1518.741066667688
 30
0.0
  0
VERTEX
  5
2257
330
2252
100
AcDbEntity
  8
0
 62
     6
370
     0
100
AcDbVertex
100
AcDb2dVertex
 10
2816.805880553272
 20
1518.741066667688
 30
0.0
  0
VERTEX
  5
2258
330
2252
100
AcDbEntity
  8
0
 62
     6
370
     0
100
AcDbVertex
100
AcDb2dVertex
 10
2817.719669245212
 20
1518.486055869937
 30
0.0
  0
VERTEX
  5
2259
330
2252
100
AcDbEntity
  8
0
 62
     6
370
     0
100
AcDbVertex
100
AcDb2dVertex
 10
2818.250941740526
 20
1518.294797771624
 30
0.0
  0
VERTEX
  5
225A
330
2252
100
AcDbEntity
  8
0
 62
     6
370
     0
100
AcDbVertex
100
AcDb2dVertex
 10
2818.420948939026
 20
1518.209794172374
 30
0.0
  0
VERTEX
  5
225B
330
2252
100
AcDbEntity
  8
0
 62
     6
370
     0
100
AcDbVertex
100
AcDb2dVertex
 10
2819.164730432466
 20
1517.976034274436
 30
0.0
  0
VERTEX
  5
225C
330
2252
100
AcDbEntity
  8
0
 62
     6
370
     0
100
AcDbVertex
100
AcDb2dVertex
 10
2819.185981332278
 20
1517.976034274436
 30
0.0
  0
VERTEX
  5
225D
330
2252
100
AcDbEntity
  8
0
 62
     6
370
     0
100
AcDbVertex
100
AcDb2dVertex
 10
2819.929762825718
 20
1518.294797771624
 30
0.0
  0
VERTEX
  5
225E
330
2252
100
AcDbEntity
  8
0
 62
     6
370
     0
100
AcDbVertex
100
AcDb2dVertex
 10
2820.014766424968
 20
1518.422303170499
 30
0.0
  0
SEQEND
  5
225F
330
2252
100
AcDbEntity
  8
0
 62
     6
370
     0
  0
POLYLINE
  5
2260
330
1F
100
AcDbEntity
  8
0
 62
     6
370
     0
100
AcDb2dPolyline
 66
     1
 10
0.0
 20
0.0
 30
0.0
 70
     1
  0
VERTEX
  5
2261
330
2260
100
AcDbEntity
  8
0
 62
     6
370
     0
100
AcDbVertex
100
AcDb2dVertex
 10
2826.581294467049
 20
1516.467220387744
 30
0.0
  0
VERTEX
  5
2262
330
2260
100
AcDbEntity
  8
0
 62
     6
370
     0
100
AcDbVertex
100
AcDb2dVertex
 10
2824.626211684293
 20
1516.424718588119
 30
0.0
  0
VERTEX
  5
2263
330
2260
100
AcDbEntity
  8
0
 62
     6
370
     0
100
AcDbVertex
100
AcDb2dVertex
 10
2825.199985979232
 20
1516.339714988869
 30
0.0
  0
VERTEX
  5
2264
330
2260
100
AcDbEntity
  8
0
 62
     6
370
     0
100
AcDbVertex
100
AcDb2dVertex
 10
2825.858763873421
 20
1515.872195192993
 30
0.0
  0
VERTEX
  5
2265
330
2260
100
AcDbEntity
  8
0
 62
     6
370
     0
100
AcDbVertex
100
AcDb2dVertex
 10
2825.901265673047
 20
1515.808442493555
 30
0.0
  0
VERTEX
  5
2266
330
2260
100
AcDbEntity
  8
0
 62
     6
370
     0
100
AcDbVertex
100
AcDb2dVertex
 10
2826.220029170235
 20
1515.128413699553
 30
0.0
  0
VERTEX
  5
2267
330
2260
100
AcDbEntity
  8
0
 62
     6
370
     0
100
AcDbVertex
100
AcDb2dVertex
 10
2826.326283669298
 20
1514.235875907426
 30
0.0
  0
VERTEX
  5
2268
330
2260
100
AcDbEntity
  8
0
 62
     6
370
     0
100
AcDbVertex
100
AcDb2dVertex
 10
2826.326283669298
 20
1514.044617809112
 30
0.0
  0
VERTEX
  5
2269
330
2260
100
AcDbEntity
  8
0
 62
     6
370
     0
100
AcDbVertex
100
AcDb2dVertex
 10
2826.198778270423
 20
1513.173330916798
 30
0.0
  0
VERTEX
  5
226A
330
2260
100
AcDbEntity
  8
0
 62
     6
370
     0
100
AcDbVertex
100
AcDb2dVertex
 10
2825.858763873421
 20
1512.535803922421
 30
0.0
  0
VERTEX
  5
226B
330
2260
100
AcDbEntity
  8
0
 62
     6
370
     0
100
AcDbVertex
100
AcDb2dVertex
 10
2825.412494977358
 20
1512.174538625608
 30
0.0
  0
VERTEX
  5
226C
330
2260
100
AcDbEntity
  8
0
 62
     6
370
     0
100
AcDbVertex
100
AcDb2dVertex
 10
2824.626211684293
 20
1511.983280527295
 30
0.0
  0
VERTEX
  5
226D
330
2260
100
AcDbEntity
  8
0
 62
     6
370
     0
100
AcDbVertex
100
AcDb2dVertex
 10
2822.671128901538
 20
1511.962029627482
 30
0.0
  0
VERTEX
  5
226E
330
2260
100
AcDbEntity
  8
0
 62
     6
370
     0
100
AcDbVertex
100
AcDb2dVertex
 10
2823.074895997976
 20
1511.622015230481
 30
0.0
  0
VERTEX
  5
226F
330
2260
100
AcDbEntity
  8
0
 62
     6
370
     0
100
AcDbVertex
100
AcDb2dVertex
 10
2823.797426591604
 20
1511.28200083348
 30
0.0
  0
VERTEX
  5
2270
330
2260
100
AcDbEntity
  8
0
 62
     6
370
     0
100
AcDbVertex
100
AcDb2dVertex
 10
2824.626211684293
 20
1511.175746334417
 30
0.0
  0
VERTEX
  5
2271
330
2260
100
AcDbEntity
  8
0
 62
     6
370
     0
100
AcDbVertex
100
AcDb2dVertex
 10
2825.26373867867
 20
1511.239499033855
 30
0.0
  0
VERTEX
  5
2272
330
2260
100
AcDbEntity
  8
0
 62
     6
370
     0
100
AcDbVertex
100
AcDb2dVertex
 10
2826.028771071922
 20
1511.53701163123
 30
0.0
  0
VERTEX
  5
2273
330
2260
100
AcDbEntity
  8
0
 62
     6
370
     0
100
AcDbVertex
100
AcDb2dVertex
 10
2826.517541767611
 20
1511.877026028232
 30
0.0
  0
VERTEX
  5
2274
330
2260
100
AcDbEntity
  8
0
 62
     6
370
     0
100
AcDbVertex
100
AcDb2dVertex
 10
2827.0063124633
 20
1512.535803922421
 30
0.0
  0
VERTEX
  5
2275
330
2260
100
AcDbEntity
  8
0
 62
     6
370
     0
100
AcDbVertex
100
AcDb2dVertex
 10
2827.070065162738
 20
1512.642058421484
 30
0.0
  0
VERTEX
  5
2276
330
2260
100
AcDbEntity
  8
0
 62
     6
370
     0
100
AcDbVertex
100
AcDb2dVertex
 10
2827.282574160863
 20
1513.364589015111
 30
0.0
  0
VERTEX
  5
2277
330
2260
100
AcDbEntity
  8
0
 62
     6
370
     0
100
AcDbVertex
100
AcDb2dVertex
 10
2827.346326860301
 20
1514.299628606863
 30
0.0
  0
VERTEX
  5
2278
330
2260
100
AcDbEntity
  8
0
 62
     6
370
     0
100
AcDbVertex
100
AcDb2dVertex
 10
2827.282574160863
 20
1515.085911899928
 30
0.0
  0
VERTEX
  5
2279
330
2260
100
AcDbEntity
  8
0
 62
     6
370
     0
100
AcDbVertex
100
AcDb2dVertex
 10
2827.027563363112
 20
1515.85094429318
 30
0.0
  0
SEQEND
  5
227A
330
2260
100
AcDbEntity
  8
0
 62
     6
370
     0
  0
POLYLINE
  5
227B
330
1F
100
AcDbEntity
  8
0
 62
     6
370
     0
100
AcDb2dPolyline
 66
     1
 10
0.0
 20
0.0
 30
0.0
 70
     1
  0
VERTEX
  5
227C
330
227B
100
AcDbEntity
  8
0
 62
     6
370
     0
100
AcDbVertex
100
AcDb2dVertex
 10
2824.626211684293
 20
1517.232252780996
 30
0.0
  0
VERTEX
  5
227D
330
227B
100
AcDbEntity
  8
0
 62
     6
370
     0
100
AcDbVertex
100
AcDb2dVertex
 10
2824.286197287293
 20
1517.211001881184
 30
0.0
  0
VERTEX
  5
227E
330
227B
100
AcDbEntity
  8
0
 62
     6
370
     0
100
AcDbVertex
100
AcDb2dVertex
 10
2823.478663094416
 20
1517.019743782871
 30
0.0
  0
VERTEX
  5
227F
330
227B
100
AcDbEntity
  8
0
 62
     6
370
     0
100
AcDbVertex
100
AcDb2dVertex
 10
2822.819885200226
 20
1516.594725786619
 30
0.0
  0
VERTEX
  5
2280
330
227B
100
AcDbEntity
  8
0
 62
     6
370
     0
100
AcDbVertex
100
AcDb2dVertex
 10
2822.692379801351
 20
1516.467220387744
 30
0.0
  0
VERTEX
  5
2281
330
227B
100
AcDbEntity
  8
0
 62
     6
370
     0
100
AcDbVertex
100
AcDb2dVertex
 10
2822.2673618051
 20
1515.872195192993
 30
0.0
  0
VERTEX
  5
2282
330
227B
100
AcDbEntity
  8
0
 62
     6
370
     0
100
AcDbVertex
100
AcDb2dVertex
 10
2822.012351007348
 20
1515.128413699553
 30
0.0
  0
VERTEX
  5
2283
330
227B
100
AcDbEntity
  8
0
 62
     6
370
     0
100
AcDbVertex
100
AcDb2dVertex
 10
2821.927347408098
 20
1514.214625007613
 30
0.0
  0
VERTEX
  5
2284
330
227B
100
AcDbEntity
  8
0
 62
     6
370
     0
100
AcDbVertex
100
AcDb2dVertex
 10
2821.991100107536
 20
1513.322087215486
 30
0.0
  0
VERTEX
  5
2285
330
227B
100
AcDbEntity
  8
0
 62
     6
370
     0
100
AcDbVertex
100
AcDb2dVertex
 10
2822.246110905287
 20
1512.557054822234
 30
0.0
  0
VERTEX
  5
2286
330
227B
100
AcDbEntity
  8
0
 62
     6
370
     0
100
AcDbVertex
100
AcDb2dVertex
 10
2822.671128901538
 20
1511.962029627482
 30
0.0
  0
VERTEX
  5
2287
330
227B
100
AcDbEntity
  8
0
 62
     6
370
     0
100
AcDbVertex
100
AcDb2dVertex
 10
2824.626211684293
 20
1511.983280527295
 30
0.0
  0
VERTEX
  5
2288
330
227B
100
AcDbEntity
  8
0
 62
     6
370
     0
100
AcDbVertex
100
AcDb2dVertex
 10
2824.073688289167
 20
1512.089535026357
 30
0.0
  0
VERTEX
  5
2289
330
227B
100
AcDbEntity
  8
0
 62
     6
370
     0
100
AcDbVertex
100
AcDb2dVertex
 10
2823.414910394978
 20
1512.535803922421
 30
0.0
  0
VERTEX
  5
228A
330
227B
100
AcDbEntity
  8
0
 62
     6
370
     0
100
AcDbVertex
100
AcDb2dVertex
 10
2823.35115769554
 20
1512.620807521671
 30
0.0
  0
VERTEX
  5
228B
330
227B
100
AcDbEntity
  8
0
 62
     6
370
     0
100
AcDbVertex
100
AcDb2dVertex
 10
2823.032394198352
 20
1513.300836315673
 30
0.0
  0
VERTEX
  5
228C
330
227B
100
AcDbEntity
  8
0
 62
     6
370
     0
100
AcDbVertex
100
AcDb2dVertex
 10
2822.926139699289
 20
1514.214625007613
 30
0.0
  0
VERTEX
  5
228D
330
227B
100
AcDbEntity
  8
0
 62
     6
370
     0
100
AcDbVertex
100
AcDb2dVertex
 10
2822.926139699289
 20
1514.363381306301
 30
0.0
  0
VERTEX
  5
228E
330
227B
100
AcDbEntity
  8
0
 62
     6
370
     0
100
AcDbVertex
100
AcDb2dVertex
 10
2823.074895997976
 20
1515.234668198616
 30
0.0
  0
VERTEX
  5
228F
330
227B
100
AcDbEntity
  8
0
 62
     6
370
     0
100
AcDbVertex
100
AcDb2dVertex
 10
2823.414910394978
 20
1515.872195192993
 30
0.0
  0
VERTEX
  5
2290
330
227B
100
AcDbEntity
  8
0
 62
     6
370
     0
100
AcDbVertex
100
AcDb2dVertex
 10
2823.861179291041
 20
1516.233460489806
 30
0.0
  0
VERTEX
  5
2291
330
227B
100
AcDbEntity
  8
0
 62
     6
370
     0
100
AcDbVertex
100
AcDb2dVertex
 10
2824.626211684293
 20
1516.424718588119
 30
0.0
  0
VERTEX
  5
2292
330
227B
100
AcDbEntity
  8
0
 62
     6
370
     0
100
AcDbVertex
100
AcDb2dVertex
 10
2826.581294467049
 20
1516.467220387744
 30
0.0
  0
VERTEX
  5
2293
330
227B
100
AcDbEntity
  8
0
 62
     6
370
     0
100
AcDbVertex
100
AcDb2dVertex
 10
2826.177527370611
 20
1516.785983884932
 30
0.0
  0
VERTEX
  5
2294
330
227B
100
AcDbEntity
  8
0
 62
     6
370
     0
100
AcDbVertex
100
AcDb2dVertex
 10
2825.476247676796
 20
1517.125998281933
 30
0.0
  0
SEQEND
  5
2295
330
227B
100
AcDbEntity
  8
0
 62
     6
370
     0
  0
CIRCLE
  5
2325
330
1F
100
AcDbEntity
  8
0
  6
Continuous
100
AcDbCircle
 10
2810.517057055772
 20
1327.026709110759
 30
0.0
 40
1.5
  0
CIRCLE
  5
2326
330
1F
100
AcDbEntity
  8
0
  6
Continuous
100
AcDbCircle
 10
2840.517057055773
 20
1327.026709110759
 30
0.0
 40
1.5
  0
CIRCLE
  5
2327
330
1F
100
AcDbEntity
  8
0
  6
Continuous
100
AcDbCircle
 10
2762.517057055772
 20
1327.026709110759
 30
0.0
 40
1.5
  0
CIRCLE
  5
2328
330
1F
100
AcDbEntity
  8
0
  6
Continuous
100
AcDbCircle
 10
2792.517057055772
 20
1327.026709110759
 30
0.0
 40
1.5
  0
LWPOLYLINE
  5
2329
330
1F
100
AcDbEntity
  8
0
 62
     1
100
AcDbPolyline
 90
        3
 70
     1
 43
0.0
 10
2810.720050858798
 20
1273.120683500594
 10
2840.314063252743
 20
1273.120683500594
 10
2825.51705705577
 20
1295.932734720927
  0
LWPOLYLINE
  5
232A
330
1F
100
AcDbEntity
  8
0
 62
     1
100
AcDbPolyline
 90
        3
 70
     1
 43
0.0
 10
2762.720050858798
 20
1293.932734720927
 10
2792.314063252743
 20
1293.932734720926
 10
2777.51705705577
 20
1271.120683500594
  0
CIRCLE
  5
232B
330
1F
100
AcDbEntity
  8
0
  6
Continuous
100
AcDbCircle
 10
2714.517057055773
 20
1327.026709110759
 30
0.0
 40
1.5
  0
CIRCLE
  5
232C
330
1F
100
AcDbEntity
  8
0
  6
Continuous
100
AcDbCircle
 10
2744.517057055773
 20
1327.026709110759
 30
0.0
 40
1.5
  0
LWPOLYLINE
  5
232D
330
1F
100
AcDbEntity
  8
0
 62
     1
100
AcDbPolyline
 90
        3
 70
     1
 43
0.0
 10
2719.111031445609
 20
1268.729702913781
 10
2719.111031445609
 20
1298.323715307727
 10
2741.923082665942
 20
1283.526709110753
  0
CIRCLE
  5
232E
330
1F
100
AcDbEntity
  8
0
  6
Continuous
100
AcDbCircle
 10
2666.517057055773
 20
1327.026709110759
 30
0.0
 40
1.5
  0
CIRCLE
  5
232F
330
1F
100
AcDbEntity
  8
0
  6
Continuous
100
AcDbCircle
 10
2696.517057055774
 20
1327.026709110759
 30
0.0
 40
1.5
  0
LWPOLYLINE
  5
2330
330
1F
100
AcDbEntity
  8
0
 62
     1
100
AcDbPolyline
 90
        3
 70
     1
 43
0.0
 10
2691.923082665942
 20
1298.323715307737
 10
2691.923082665941
 20
1268.729702913792
 10
2669.111031445609
 20
1283.526709110765
  0
LWPOLYLINE
  5
2331
330
1F
100
AcDbEntity
  8
0
100
AcDbPolyline
 90
        8
 70
     1
 43
0.0
 10
2701.017057055772
 20
1330.52670911076
 10
2662.017057055773
 20
1330.52670911076
 42
0.4142135623730951
 10
2657.517057055772
 20
1326.026709110759
 10
2657.517057055775
 20
1241.026709110759
 42
0.4142135623730657
 10
2662.017057055775
 20
1236.526709110759
 10
2701.017057055775
 20
1236.526709110759
 42
0.4142135623730951
 10
2705.517057055774
 20
1241.026709110759
 10
2705.517057055772
 20
1326.026709110759
 42
0.4142135623730951
  0
LWPOLYLINE
  5
2332
330
1F
100
AcDbEntity
  8
0
100
AcDbPolyline
 90
        8
 70
     0
 43
0.0
 10
2705.517057055774
 20
1241.026709110759
 42
0.4142135623730784
 10
2710.017057055775
 20
1236.526709110759
 10
2749.017057055775
 20
1236.526709110759
 42
0.4142135623730951
 10
2753.517057055774
 20
1241.026709110759
 10
2753.517057055772
 20
1326.026709110759
 42
0.4142135623730951
 10
2749.017057055772
 20
1330.52670911076
 10
2710.017057055773
 20
1330.52670911076
 42
0.4142135623730951
 10
2705.517057055772
 20
1326.026709110759
  0
LWPOLYLINE
  5
2333
330
1F
100
AcDbEntity
  8
0
100
AcDbPolyline
 90
        8
 70
     0
 43
0.0
 10
2753.517057055774
 20
1241.026709110759
 42
0.4142135623730951
 10
2758.017057055776
 20
1236.526709110759
 10
2797.017057055776
 20
1236.526709110759
 42
0.4142135623730951
 10
2801.517057055776
 20
1241.026709110759
 10
2801.517057055773
 20
1326.026709110759
 42
0.4142135623730951
 10
2797.017057055772
 20
1330.52670911076
 10
2758.017057055773
 20
1330.52670911076
 42
0.4142135623730951
 10
2753.517057055772
 20
1326.026709110759
  0
LWPOLYLINE
  5
2334
330
1F
100
AcDbEntity
  8
0
100
AcDbPolyline
 90
        4
 70
     0
 43
0.0
 10
2801.517057055776
 20
1241.026709110759
 42
0.4142135623730784
 10
2806.017057055775
 20
1236.526709110759
 10
2845.017057055775
 20
1236.526709110759
 42
0.4142135623730951
 10
2849.517057055776
 20
1241.026709110759
  0
LWPOLYLINE
  5
2335
330
1F
100
AcDbEntity
  8
0
100
AcDbPolyline
 90
        4
 70
     0
 43
0.0
 10
2849.517057055773
 20
1326.026709110759
 42
0.4142135623730951
 10
2845.017057055772
 20
1330.52670911076
 10
2806.017057055773
 20
1330.52670911076
 42
0.4142135623730802
 10
2801.517057055773
 20
1326.026709110759
  0
LINE
  5
2336
330
1F
100
AcDbEntity
  8
0
100
AcDbLine
 10
2849.517057055773
 20
1326.026709110759
 30
0.0
 11
2849.517057055776
 21
1241.026709110759
 31
0.0
  0
ENDSEC
  0
SECTION
  2
OBJECTS
  0
DICTIONARY
  5
C
330
0
100
AcDbDictionary
281
     1
  3
ACAD_CIP_PREVIOUS_PRODUCT_INFO
350
216
  3
ACAD_COLOR
350
6B
  3
ACAD_DETAILVIEWSTYLE
350
21B
  3
ACAD_GROUP
350
D
  3
ACAD_IMAGE_DICT
350
5EB
  3
ACAD_IMAGE_VARS
350
5ED
  3
ACAD_LAYOUT
350
1A
  3
ACAD_MATERIAL
350
6A
  3
ACAD_MLEADERSTYLE
350
12D
  3
ACAD_MLINESTYLE
350
17
  3
ACAD_PLOTSETTINGS
350
19
  3
ACAD_PLOTSTYLENAME
350
E
  3
ACAD_SCALELIST
350
10C
  3
ACAD_SECTIONVIEWSTYLE
350
219
  3
ACAD_TABLESTYLE
350
7E
  3
ACAD_VISUALSTYLE
350
EF
  3
ACDB_RECOMPOSE_DATA
350
2338
  3
AcDbVariableDictionary
350
5E
  3
AcDsDecomposeData
350
233E
  0
DICTIONARY
  5
1FF
330
2
100
AcDbDictionary
280
     1
281
     1
  3
ACAD_LAYERSTATES
360
200
  0
DICTIONARY
  5
13C
330
10
100
AcDbDictionary
280
     1
281
     1
  0
DICTIONARY
  5
1CE
330
1F
100
AcDbDictionary
280
     1
281
     1
  3
ACAD_SORTENTS
360
752
  0
DICTIONARY
  5
2309
330
22B7
100
AcDbDictionary
280
     1
281
     1
  3
ACAD_SORTENTS
360
230A
  0
XRECORD
  5
216
102
{ACAD_REACTORS
330
C
102
}
330
C
100
AcDbXrecord
280
     1
300
ACD
300
2023
300

  0
DICTIONARY
  5
6B
102
{ACAD_REACTORS
330
C
102
}
330
C
100
AcDbDictionary
281
     1
  0
DICTIONARY
  5
21B
102
{ACAD_REACTORS
330
C
102
}
330
C
100
AcDbDictionary
281
     1
  3
Imperial24
350
2A1
  3
Metric50
350
21C
  0
DICTIONARY
  5
D
102
{ACAD_REACTORS
330
C
102
}
330
C
100
AcDbDictionary
281
     1
  0
DICTIONARY
  5
5EB
102
{ACAD_REACTORS
330
C
102
}
330
C
100
AcDbDictionary
281
     1
  3
istockphoto-1366877440-1024x1024
350
5EC
  0
RASTERVARIABLES
  5
5ED
102
{ACAD_REACTORS
330
C
102
}
330
C
100
AcDbRasterVariables
 90
        0
 70
     1
 71
     1
 72
     1
  0
DICTIONARY
  5
1A
102
{ACAD_REACTORS
330
C
102
}
330
C
100
AcDbDictionary
281
     1
  3
Layout1
350
D3
  3
Layout2
350
D7
  3
Model
350
22
  0
DICTIONARY
  5
6A
102
{ACAD_REACTORS
330
C
102
}
330
C
100
AcDbDictionary
281
     1
  3
ByBlock
350
ED
  3
ByLayer
350
EC
  3
Global
350
EE
  0
DICTIONARY
  5
12D
102
{ACAD_REACTORS
330
C
102
}
330
C
100
AcDbDictionary
281
     1
  3
Annotative
350
13B
  3
Standard
350
12E
  0
DICTIONARY
  5
17
102
{ACAD_REACTORS
330
C
102
}
330
C
100
AcDbDictionary
281
     1
  3
Standard
350
18
  0
DICTIONARY
  5
19
102
{ACAD_REACTORS
330
C
102
}
330
C
100
AcDbDictionary
281
     1
  0
ACDBDICTIONARYWDFLT
  5
E
102
{ACAD_REACTORS
330
C
102
}
330
C
100
AcDbDictionary
281
     1
  3
Normal
350
F
100
AcDbDictionaryWithDefault
340
F
  0
DICTIONARY
  5
10C
102
{ACAD_REACTORS
330
C
102
}
330
C
100
AcDbDictionary
281
     1
  3
A0
350
10D
  3
A1
350
1BE
  3
A2
350
1BF
  3
A3
350
1C0
  3
A4
350
1C1
  3
A5
350
1C2
  3
A6
350
1C3
  3
A7
350
1C4
  3
A8
350
1C5
  3
A9
350
1C6
  3
B0
350
1C7
  3
B1
350
1C8
  3
B2
350
1C9
  3
B3
350
1CA
  3
B4
350
1CB
  3
B5
350
1CC
  3
B6
350
1CD
  0
DICTIONARY
  5
219
102
{ACAD_REACTORS
330
C
102
}
330
C
100
AcDbDictionary
281
     1
  3
Imperial24
350
2A0
  3
Metric50
350
21A
  0
DICTIONARY
  5
7E
102
{ACAD_REACTORS
330
C
102
}
330
C
100
AcDbDictionary
281
     1
  3
Standard
350
7F
  0
DICTIONARY
  5
EF
102
{ACAD_REACTORS
330
C
102
}
330
C
100
AcDbDictionary
281
     1
  3
2dWireframe
350
F5
  3
Basic
350
F4
  3
Brighten
350
FB
  3
ColorChange
350
FF
  3
Conceptual
350
F8
  3
Dim
350
FA
  3
EdgeColorOff
350
1E6
  3
Facepattern
350
FE
  3
Flat
350
F0
  3
FlatWithEdges
350
F1
  3
Gouraud
350
F2
  3
GouraudWithEdges
350
F3
  3
Hidden
350
F7
  3
JitterOff
350
1E4
  3
Linepattern
350
FD
  3
OverhangOff
350
1E5
  3
Realistic
350
F9
  3
Shaded
350
1F3
  3
Shaded with edges
350
1F2
  3
Shades of Gray
350
1EF
  3
Sketchy
350
1F0
  3
Thicken
350
FC
  3
Wireframe
350
F6
  3
X-Ray
350
1F1
  0
XRECORD
  5
2338
102
{ACAD_REACTORS
330
C
102
}
330
C
100
AcDbXrecord
280
     1
 90
        1
330
7F
  0
DICTIONARY
  5
5E
102
{ACAD_REACTORS
330
C
102
}
330
C
100
AcDbDictionary
281
     1
  3
CANNOSCALE
350
146
  3
CENTEREXE
350
259
  3
CENTERLTYPEFILE
350
25A
  3
CMLEADERSTYLE
350
145
  3
CTABLESTYLE
350
84
  3
CVIEWDETAILSTYLE
350
227
  3
CVIEWSECTIONSTYLE
350
228
  3
DIMASSOC
350
5F
  3
HIDETEXT
350
63
  3
LAYEREVAL
350
1AE
  3
LAYERNOTIFY
350
1AF
  0
DICTIONARY
  5
233E
102
{ACAD_REACTORS
330
C
102
}
330
C
100
AcDbDictionary
281
     1
  3
AcDsRecords
350
2340
  3
AcDsSchemas
350
233F
1001
ACAD
1070
     2
  0
DICTIONARY
  5
200
102
{ACAD_REACTORS
330
1FF
102
}
330
1FF
100
AcDbDictionary
281
     1
  0
SORTENTSTABLE
  5
752
102
{ACAD_REACTORS
330
1CE
102
}
330
1CE
100
AcDbSortentsTable
330
1F
  0
SORTENTSTABLE
  5
230A
102
{ACAD_REACTORS
330
2309
102
}
330
2309
100
AcDbSortentsTable
330
22B7
  0
ACDBDETAILVIEWSTYLE
  5
2A1
102
{ACAD_XDICTIONARY
360
2347
102
}
102
{ACAD_REACTORS
330
21B
102
}
330
21B
100
AcDbModelDocViewStyle
 70
     0
  3
Imperial24
290
     0
100
AcDbDetailViewStyle
 70
     0
 71
     0
 90
        3
 71
     1
340
11
 62
   256
 40
0.24
340
0
 62
   256
 40
0.24
300

 40
0.36
280
     3
 71
     2
340
16
 90
       25
 62
   256
 71
     3
340
11
 62
   256
 40
0.24
 90
        1
 40
0.75
 90
        1
300
%<\AcVar ViewType \f "%tc1">% %<\AcVar ViewDetailId>%\PSCALE %<\AcVar ViewScale \f "%sn">%
 71
     4
340
16
 90
       25
 62
   256
340
16
 90
       25
 62
   256
280
     0
  0
ACDBDETAILVIEWSTYLE
  5
21C
102
{ACAD_XDICTIONARY
360
2343
102
}
102
{ACAD_REACTORS
330
21B
102
}
330
21B
100
AcDbModelDocViewStyle
 70
     0
  3
Metric50
290
     0
100
AcDbDetailViewStyle
 70
     0
 71
     0
 90
        3
 71
     1
340
11
 62
   256
 40
5.0
340
0
 62
   256
 40
5.0
300

 40
0.0
280
     1
 71
     2
340
16
 90
       25
 62
   256
 71
     3
340
11
 62
   256
 40
5.0
 90
        0
 40
15.0
 90
        1
300
%<\AcVar ViewDetailId>% (%<\AcVar ViewScale \f "%sn">%)
 71
     4
340
16
 90
       25
 62
   256
340
16
 90
       25
 62
   256
280
     0
  0
IMAGEDEF
  5
5EC
102
{ACAD_REACTORS
330
5EB
102
}
330
5EB
100
AcDbRasterImageDef
 90
        0
  1
C:\Users\Bruno\Downloads\istockphoto-1366877440-1024x1024.jpg
 10
1024.0
 20
854.0
 11
0.0846666666666667
 21
0.0846666666666667
280
     1
281
     5
  0
LAYOUT
  5
D3
102
{ACAD_REACTORS
330
1A
102
}
330
1A
100
AcDbPlotSettings
  1

  2
C:\Documents and Settings\basas\Application Data\Autodesk\AutoCAD 2005\R16.1\enu\plotters\Default Windows System Printer.pc3
  4

  6

 40
0.0
 41
0.0
 42
0.0
 43
0.0
 44
0.0
 45
0.0
 46
0.0
 47
0.0
 48
0.0
 49
0.0
140
0.0
141
0.0
142
1.0
143
1.0
 70
   688
 72
     0
 73
     0
 74
     5
  7

 75
    16
147
1.0
 76
     0
 77
     2
 78
   300
148
0.0
149
0.0
100
AcDbLayout
  1
Layout1
 70
     1
 71
     1
 10
0.0
 20
0.0
 11
12.0
 21
9.0
 12
0.0
 22
0.0
 32
0.0
 14
0.0
 24
0.0
 34
0.0
 15
0.0
 25
0.0
 35
0.0
146
0.0
 13
0.0
 23
0.0
 33
0.0
 16
1.0
 26
0.0
 36
0.0
 17
0.0
 27
1.0
 37
0.0
 76
     0
330
D2
  0
LAYOUT
  5
D7
102
{ACAD_REACTORS
330
1A
102
}
330
1A
100
AcDbPlotSettings
  1

  2
C:\Documents and Settings\basas\Application Data\Autodesk\AutoCAD 2005\R16.1\enu\plotters\Default Windows System Printer.pc3
  4

  6

 40
0.0
 41
0.0
 42
0.0
 43
0.0
 44
0.0
 45
0.0
 46
0.0
 47
0.0
 48
0.0
 49
0.0
140
0.0
141
0.0
142
1.0
143
1.0
 70
   688
 72
     0
 73
     0
 74
     5
  7

 75
    16
147
1.0
 76
     0
 77
     2
 78
   300
148
0.0
149
0.0
100
AcDbLayout
  1
Layout2
 70
     1
 71
     2
 10
0.0
 20
0.0
 11
12.0
 21
9.0
 12
0.0
 22
0.0
 32
0.0
 14
0.0
 24
0.0
 34
0.0
 15
0.0
 25
0.0
 35
0.0
146
0.0
 13
0.0
 23
0.0
 33
0.0
 16
1.0
 26
0.0
 36
0.0
 17
0.0
 27
1.0
 37
0.0
 76
     0
330
D6
  0
LAYOUT
  5
22
102
{ACAD_XDICTIONARY
360
205
102
}
102
{ACAD_REACTORS
330
1A
102
}
330
1A
100
AcDbPlotSettings
  1

  2
none_device
  4
ISO_A4_(210.00_x_297.00_MM)
  6

 40
7.5
 41
20.0
 42
7.5
 43
20.0
 44
210.0
 45
297.0
 46
11.54999923706054
 47
-13.65000009536743
 48
0.0
 49
0.0
140
0.0
141
0.0
142
1.0
143
8.704084754739808
 70
 11952
 72
     1
 73
     0
 74
     0
  7

 75
     0
147
0.1148885871608098
 76
     0
 77
     2
 78
   300
148
0.0
149
0.0
100
AcDbLayout
  1
Model
 70
     1
 71
     0
 10
0.0
 20
0.0
 11
12.0
 21
9.0
 12
0.0
 22
0.0
 32
0.0
 14
0.0
 24
0.0
 34
0.0
 15
0.0
 25
0.0
 35
0.0
146
0.0
 13
0.0
 23
0.0
 33
0.0
 16
1.0
 26
0.0
 36
0.0
 17
0.0
 27
1.0
 37
0.0
 76
     0
330
1F
331
EA
1001
ACAD_PSEXT
1000
None
1000
None
1000
Not applicable
1000
The layout will not be plotted unless a new plotter configuration name is selected.
1070
     0
  0
MATERIAL
  5
ED
102
{ACAD_XDICTIONARY
360
1F9
102
}
102
{ACAD_REACTORS
330
6A
102
}
330
6A
100
AcDbMaterial
  1
ByBlock
 94
       63
  0
MATERIAL
  5
EC
102
{ACAD_XDICTIONARY
360
1F7
102
}
102
{ACAD_REACTORS
330
6A
102
}
330
6A
100
AcDbMaterial
  1
ByLayer
 94
       63
  0
MATERIAL
  5
EE
102
{ACAD_XDICTIONARY
360
173
102
}
102
{ACAD_REACTORS
330
6A
102
}
330
6A
100
AcDbMaterial
  1
Global
 43
0.0007999999797903
 43
0.0
 43
0.0
 43
0.0
 43
0.0
 43
0.0007999999797903
 43
0.0
 43
0.0
 43
0.0
 43
0.0
 43
1.0
 43
0.0
 43
0.0
 43
0.0
 43
0.0
 43
1.0
 49
0.0007999999797903
 49
0.0
 49
0.0
 49
0.0
 49
0.0
 49
0.0007999999797903
 49
0.0
 49
0.0
 49
0.0
 49
0.0
 49
1.0
 49
0.0
 49
0.0
 49
0.0
 49
0.0
 49
1.0
142
0.0007999999797903
142
0.0
142
0.0
142
0.0
142
0.0
142
0.0007999999797903
142
0.0
142
0.0
142
0.0
142
0.0
142
1.0
142
0.0
142
0.0
142
0.0
142
0.0
142
1.0
144
0.0007999999797903
144
0.0
144
0.0
144
0.0
144
0.0
144
0.0007999999797903
144
0.0
144
0.0
144
0.0
144
0.0
144
1.0
144
0.0
144
0.0
144
0.0
144
0.0
144
1.0
 94
       63
1001
ACAD
1070
    -1
1070
     3
1070
     0
1000

1071
        0
1070
     0
  0
MLEADERSTYLE
  5
13B
102
{ACAD_REACTORS
330
12D
102
}
330
12D
100
AcDbMLeaderStyle
179
     2
170
     2
171
     1
172
     0
 90
        2
 40
0.0
 41
0.0
173
     1
 91
-1056964608
340
14
 92
       -2
290
     1
 42
2.0
291
     1
 43
8.0
  3
Standard
 44
4.0
300

342
11
174
     1
178
     1
175
     1
176
     0
 93
-1056964608
 45
4.0
292
     0
297
     0
 46
4.0
 94
-1056964608
 47
1.0
 49
1.0
140
1.0
293
     1
141
0.0
294
     1
177
     0
142
1.0
295
     0
296
     1
143
3.75
271
     0
272
     9
273
     9
298
     0
  0
MLEADERSTYLE
  5
12E
102
{ACAD_REACTORS
330
12D
102
}
330
12D
100
AcDbMLeaderStyle
179
     2
170
     2
171
     1
172
     0
 90
        2
 40
0.0
 41
0.0
173
     1
 91
-1056964608
340
14
 92
       -2
290
     1
 42
2.0
291
     1
 43
8.0
  3
Standard
 44
4.0
300

342
11
174
     1
178
     1
175
     1
176
     0
 93
-1056964608
 45
4.0
292
     0
297
     0
 46
4.0
 94
-1056964608
 47
1.0
 49
1.0
140
1.0
293
     1
141
0.0
294
     1
177
     0
142
1.0
295
     0
296
     0
143
3.75
271
     0
272
     9
273
     9
298
     0
  0
MLINESTYLE
  5
18
102
{ACAD_REACTORS
330
17
102
}
330
17
100
AcDbMlineStyle
  2
STANDARD
 70
     0
  3

 62
   256
 51
90.0
 52
90.0
 71
     2
 49
0.5
 62
   256
  6
BYLAYER
 49
-0.5
 62
   256
  6
BYLAYER
  0
ACDBPLACEHOLDER
  5
F
102
{ACAD_REACTORS
330
E
102
}
330
E
  0
SCALE
  5
10D
102
{ACAD_REACTORS
330
10C
102
}
330
10C
100
AcDbScale
 70
     0
300
1:1
140
1.0
141
1.0
290
     1
  0
SCALE
  5
1BE
102
{ACAD_REACTORS
330
10C
102
}
330
10C
100
AcDbScale
 70
     0
300
1:2
140
1.0
141
2.0
290
     0
  0
SCALE
  5
1BF
102
{ACAD_REACTORS
330
10C
102
}
330
10C
100
AcDbScale
 70
     0
300
1:4
140
1.0
141
4.0
290
     0
  0
SCALE
  5
1C0
102
{ACAD_REACTORS
330
10C
102
}
330
10C
100
AcDbScale
 70
     0
300
1:5
140
1.0
141
5.0
290
     0
  0
SCALE
  5
1C1
102
{ACAD_REACTORS
330
10C
102
}
330
10C
100
AcDbScale
 70
     0
300
1:8
140
1.0
141
8.0
290
     0
  0
SCALE
  5
1C2
102
{ACAD_REACTORS
330
10C
102
}
330
10C
100
AcDbScale
 70
     0
300
1:10
140
1.0
141
10.0
290
     0
  0
SCALE
  5
1C3
102
{ACAD_REACTORS
330
10C
102
}
330
10C
100
AcDbScale
 70
     0
300
1:16
140
1.0
141
16.0
290
     0
  0
SCALE
  5
1C4
102
{ACAD_REACTORS
330
10C
102
}
330
10C
100
AcDbScale
 70
     0
300
1:20
140
1.0
141
20.0
290
     0
  0
SCALE
  5
1C5
102
{ACAD_REACTORS
330
10C
102
}
330
10C
100
AcDbScale
 70
     0
300
1:30
140
1.0
141
30.0
290
     0
  0
SCALE
  5
1C6
102
{ACAD_REACTORS
330
10C
102
}
330
10C
100
AcDbScale
 70
     0
300
1:40
140
1.0
141
40.0
290
     0
  0
SCALE
  5
1C7
102
{ACAD_REACTORS
330
10C
102
}
330
10C
100
AcDbScale
 70
     0
300
1:50
140
1.0
141
50.0
290
     0
  0
SCALE
  5
1C8
102
{ACAD_REACTORS
330
10C
102
}
330
10C
100
AcDbScale
 70
     0
300
1:100
140
1.0
141
100.0
290
     0
  0
SCALE
  5
1C9
102
{ACAD_REACTORS
330
10C
102
}
330
10C
100
AcDbScale
 70
     0
300
2:1
140
2.0
141
1.0
290
     0
  0
SCALE
  5
1CA
102
{ACAD_REACTORS
330
10C
102
}
330
10C
100
AcDbScale
 70
     0
300
4:1
140
4.0
141
1.0
290
     0
  0
SCALE
  5
1CB
102
{ACAD_REACTORS
330
10C
102
}
330
10C
100
AcDbScale
 70
     0
300
8:1
140
8.0
141
1.0
290
     0
  0
SCALE
  5
1CC
102
{ACAD_REACTORS
330
10C
102
}
330
10C
100
AcDbScale
 70
     0
300
10:1
140
10.0
141
1.0
290
     0
  0
SCALE
  5
1CD
102
{ACAD_REACTORS
330
10C
102
}
330
10C
100
AcDbScale
 70
     0
300
100:1
140
100.0
141
1.0
290
     0
  0
ACDBSECTIONVIEWSTYLE
  5
2A0
102
{ACAD_XDICTIONARY
360
2345
102
}
102
{ACAD_REACTORS
330
219
102
}
330
219
100
AcDbModelDocViewStyle
 70
     0
  3
Imperial24
290
     0
100
AcDbSectionViewStyle
 70
     0
 71
     0
 90
       78
 71
     1
340
11
 62
   256
 40
0.24
340
0
340
0
 62
   256
 40
0.24
300
I, O, Q, S, X, Z
 40
0.48
 90
        3
 40
0.18
 90
        1
 71
     2
340
16
 90
       25
 62
   256
340
16
 90
       50
 62
   256
 40
0.24
 40
0.0
 40
0.24
 71
     3
340
11
 62
   256
 40
0.24
 90
        1
 40
0.75
 90
        1
300
%<\AcVar ViewType \f "%tc1">% %<\AcVar ViewSectionStartId>%-%<\AcVar ViewSectionEndId>%\PSCALE %<\AcVar ViewScale \f "%sn">%
 71
     4
 62
   256
 62
   257
300
ANSI31
 40
1.0
 90
        0
290
     0
290
     0
 90
        6
 40
0.0
 40
1.570796326794896
 40
0.2617993877991494
 40
1.308996938995747
 40
-0.2617993877991494
 40
1.832595714594044
  0
ACDBSECTIONVIEWSTYLE
  5
21A
102
{ACAD_XDICTIONARY
360
2341
102
}
102
{ACAD_REACTORS
330
219
102
}
330
219
100
AcDbModelDocViewStyle
 70
     0
  3
Metric50
290
     0
100
AcDbSectionViewStyle
 70
     0
 71
     0
 90
      102
 71
     1
340
11
 62
   256
 40
5.0
340
0
340
0
 62
   256
 40
5.0
300
I, O, Q, S, X, Z
 40
10.0
 90
        0
 40
2.5
 90
        0
 71
     2
340
16
 90
       25
 62
   256
340
16
 90
       50
 62
   256
 40
5.0
 40
2.5
 40
5.0
 71
     3
340
11
 62
   256
 40
5.0
 90
        0
 40
15.0
 90
        1
300
%<\AcVar ViewSectionStartId>%-%<\AcVar ViewSectionEndId>% (%<\AcVar ViewScale \f "%sn">%)
 71
     4
 62
   256
 62
   257
300
ANSI31
 40
1.0
 90
        0
290
     0
290
     0
 90
        6
 40
0.0
 40
1.570796326794896
 40
0.2617993877991494
 40
1.308996938995747
 40
-0.2617993877991494
 40
1.832595714594044
  0
TABLESTYLE
  5
7F
102
{ACAD_XDICTIONARY
360
162
102
}
102
{ACAD_REACTORS
330
7E
102
}
330
7E
100
AcDbTableStyle
280
     0
  3
Standard
 70
     0
 71
     0
 40
1.5
 41
1.5
280
     0
281
     0
  7
Standard
140
4.5
170
     2
 62
     0
 63
     7
283
     0
 90
      512
 91
        0
  1

274
    -2
284
     1
 64
     0
275
    -2
285
     1
 65
     0
276
    -2
286
     1
 66
     0
277
    -2
287
     1
 67
     0
278
    -2
288
     1
 68
     0
279
    -2
289
     1
 69
     0
  7
Standard
140
6.0
170
     5
 62
     0
 63
     7
283
     0
 90
      512
 91
        0
  1

274
    -2
284
     1
 64
     0
275
    -2
285
     1
 65
     0
276
    -2
286
     1
 66
     0
277
    -2
287
     1
 67
     0
278
    -2
288
     1
 68
     0
279
    -2
289
     1
 69
     0
  7
Standard
140
4.5
170
     5
 62
     0
 63
     7
283
     0
 90
      512
 91
        0
  1

274
    -2
284
     1
 64
     0
275
    -2
285
     1
 65
     0
276
    -2
286
     1
 66
     0
277
    -2
287
     1
 67
     0
278
    -2
288
     1
 68
     0
279
    -2
289
     1
 69
     0
  0
VISUALSTYLE
  5
F5
102
{ACAD_REACTORS
330
EF
102
}
330
EF
100
AcDbVisualStyle
  2
2dWireframe
 70
     4
177
     3
291
     0
 70
    58
 90
        0
176
     1
 90
        2
176
     1
 90
        1
176
     1
 90
        0
176
     1
 40
0.6
176
     1
 40
30.0
176
     1
 62
     7
420
 16777215
176
     1
 90
        1
176
     1
 90
        4
176
     1
 62
     7
176
     1
 62
   257
176
     1
 90
        1
176
     1
 90
        1
176
     1
 40
1.0
176
     1
 90
        0
176
     1
 62
   257
176
     1
 40
1.0
176
     1
 90
        1
176
     1
 90
        6
176
     1
 90
        2
176
     1
 62
     7
176
     1
 90
        5
176
     1
 90
        0
176
     1
 90
        0
176
     1
290
     0
176
     1
 90
        1
176
     1
 40
0.0
176
     1
 90
        0
176
     1
290
     1
176
     1
290
     1
176
     1
290
     0
176
     1
290
     0
176
     1
290
     0
176
     1
290
     0
176
     1
290
     0
176
     1
290
     0
176
     1
290
     0
176
     1
 90
       50
176
     1
 40
0.0
176
     1
 40
1.0
176
     1
 90
        0
176
     1
 62
    18
176
     1
 90
       50
176
     1
 90
        3
176
     1
 62
     5
420
      255
176
     1
290
     0
176
     1
 90
       50
176
     1
 90
       50
176
     1
 90
       50
176
     1
290
     0
176
     1
 90
       50
176
     1
 62
   256
176
     0
 40
1.0
176
     0
 90
        2
176
     1
  1
strokes_ogs.tif
176
     1
290
     0
176
     1
 40
1.0
176
     1
 40
1.0
176
     1
1001
ACAD
1000
AcDbSavedByObjectVersion
1070
     0
  0
VISUALSTYLE
  5
F4
102
{ACAD_REACTORS
330
EF
102
}
330
EF
100
AcDbVisualStyle
  2
Basic
 70
     7
177
     3
291
     1
 70
    58
 90
        1
176
     1
 90
        0
176
     1
 90
        1
176
     1
 90
        0
176
     1
 40
0.6
176
     1
 40
30.0
176
     1
 62
     7
420
 16777215
176
     1
 90
        0
176
     1
 90
        4
176
     1
 62
     7
176
     1
 62
   257
176
     1
 90
        1
176
     1
 90
        1
176
     1
 40
1.0
176
     1
 90
        8
176
     1
 62
     7
176
     1
 40
1.0
176
     1
 90
        1
176
     1
 90
        6
176
     1
 90
        2
176
     1
 62
     7
176
     1
 90
        5
176
     1
 90
        0
176
     1
 90
        0
176
     1
290
     0
176
     1
 90
        1
176
     1
 40
0.0
176
     1
 90
        0
176
     1
290
     0
176
     1
290
     1
176
     1
290
     1
176
     1
290
     0
176
     1
290
     0
176
     1
290
     0
176
     1
290
     0
176
     1
290
     0
176
     1
290
     0
176
     1
 90
       50
176
     1
 40
0.0
176
     1
 40
1.0
176
     1
 90
        0
176
     1
 62
    18
176
     1
 90
       50
176
     1
 90
        3
176
     1
 62
     5
420
      255
176
     1
290
     0
176
     1
 90
       50
176
     1
 90
       50
176
     1
 90
       50
176
     1
290
     0
176
     1
 90
       50
176
     1
 62
   256
176
     0
 40
1.0
176
     0
 90
        2
176
     1
  1
strokes_ogs.tif
176
     1
290
     0
176
     1
 40
1.0
176
     1
 40
1.0
176
     1
1001
ACAD
1000
AcDbSavedByObjectVersion
1070
     0
  0
VISUALSTYLE
  5
FB
102
{ACAD_REACTORS
330
EF
102
}
330
EF
100
AcDbVisualStyle
  2
Brighten
 70
    12
177
     3
291
     1
 70
    58
 90
        2
176
     1
 90
        2
176
     1
 90
        1
176
     1
 90
        0
176
     1
 40
0.6
176
     1
 40
30.0
176
     1
 62
     7
420
 16777215
176
     1
 90
        1
176
     1
 90
        4
176
     1
 62
     7
176
     1
 62
   257
176
     1
 90
        1
176
     1
 90
        1
176
     1
 40
1.0
176
     1
 90
        8
176
     1
 62
     7
176
     1
 40
1.0
176
     1
 90
        1
176
     1
 90
        6
176
     1
 90
        2
176
     1
 62
     7
176
     1
 90
        5
176
     1
 90
        0
176
     1
 90
        0
176
     1
290
     0
176
     1
 90
        1
176
     1
 40
50.0
176
     1
 90
        0
176
     1
290
     0
176
     1
290
     1
176
     1
290
     1
176
     1
290
     0
176
     1
290
     0
176
     1
290
     0
176
     1
290
     0
176
     1
290
     0
176
     1
290
     0
176
     1
 90
       50
176
     1
 40
0.0
176
     1
 40
1.0
176
     1
 90
        0
176
     1
 62
    18
176
     1
 90
       50
176
     1
 90
        3
176
     1
 62
     5
420
      255
176
     1
290
     0
176
     1
 90
       50
176
     1
 90
       50
176
     1
 90
       50
176
     1
290
     0
176
     1
 90
       50
176
     1
 62
   256
176
     0
 40
1.0
176
     0
 90
        2
176
     1
  1
strokes_ogs.tif
176
     1
290
     0
176
     1
 40
1.0
176
     1
 40
1.0
176
     1
1001
ACAD
1000
AcDbSavedByObjectVersion
1070
     0
  0
VISUALSTYLE
  5
FF
102
{ACAD_REACTORS
330
EF
102
}
330
EF
100
AcDbVisualStyle
  2
ColorChange
 70
    16
177
     3
291
     1
 70
    58
 90
        2
176
     1
 90
        2
176
     1
 90
        3
176
     1
 90
        0
176
     1
 40
0.6
176
     1
 40
30.0
176
     1
 62
     8
420
  8421504
176
     1
 90
        1
176
     1
 90
        4
176
     1
 62
     7
176
     1
 62
   257
176
     1
 90
        1
176
     1
 90
        1
176
     1
 40
1.0
176
     1
 90
        8
176
     1
 62
     8
420
  8421504
176
     1
 40
1.0
176
     1
 90
        1
176
     1
 90
        6
176
     1
 90
        2
176
     1
 62
     7
176
     1
 90
        5
176
     1
 90
        0
176
     1
 90
        0
176
     1
290
     0
176
     1
 90
        1
176
     1
 40
0.0
176
     1
 90
        0
176
     1
290
     0
176
     1
290
     1
176
     1
290
     1
176
     1
290
     0
176
     1
290
     0
176
     1
290
     0
176
     1
290
     0
176
     1
290
     0
176
     1
290
     0
176
     1
 90
       50
176
     1
 40
0.0
176
     1
 40
1.0
176
     1
 90
        0
176
     1
 62
    18
176
     1
 90
       50
176
     1
 90
        3
176
     1
 62
     5
420
      255
176
     1
290
     0
176
     1
 90
       50
176
     1
 90
       50
176
     1
 90
       50
176
     1
290
     0
176
     1
 90
       50
176
     1
 62
   256
176
     0
 40
1.0
176
     0
 90
        2
176
     1
  1
strokes_ogs.tif
176
     1
290
     0
176
     1
 40
1.0
176
     1
 40
1.0
176
     1
1001
ACAD
1000
AcDbSavedByObjectVersion
1070
     0
  0
VISUALSTYLE
  5
F8
102
{ACAD_REACTORS
330
EF
102
}
330
EF
100
AcDbVisualStyle
  2
Conceptual
 70
     9
177
     3
291
     0
 70
    58
 90
        3
176
     1
 90
        2
176
     1
 90
        1
176
     1
 90
        0
176
     1
 40
0.6
176
     1
 40
30.0
176
     1
 62
     7
420
 16777215
176
     1
 90
        2
176
     1
 90
        2
176
     1
 62
     7
176
     1
 62
   257
176
     1
 90
        1
176
     1
 90
        1
176
     1
 40
40.0
176
     1
 90
        8
176
     1
 62
     7
176
     1
 40
1.0
176
     1
 90
        1
176
     1
 90
        6
176
     1
 90
        2
176
     1
 62
     7
176
     1
 90
        3
176
     1
 90
        0
176
     1
 90
        0
176
     1
290
     0
176
     1
 90
        1
176
     1
 40
0.0
176
     1
 90
        0
176
     1
290
     0
176
     1
290
     1
176
     1
290
     1
176
     1
290
     0
176
     1
290
     0
176
     1
290
     0
176
     1
290
     0
176
     1
290
     0
176
     1
290
     0
176
     1
 90
       50
176
     1
 40
0.0
176
     1
 40
1.0
176
     1
 90
        0
176
     1
 62
    18
176
     1
 90
       50
176
     1
 90
        3
176
     1
 62
     5
420
      255
176
     1
290
     0
176
     1
 90
       50
176
     1
 90
       50
176
     1
 90
       50
176
     1
290
     0
176
     1
 90
       50
176
     1
 62
   256
176
     0
 40
1.0
176
     0
 90
        2
176
     1
  1
strokes_ogs.tif
176
     1
290
     0
176
     1
 40
1.0
176
     1
 40
1.0
176
     1
1001
ACAD
1000
AcDbSavedByObjectVersion
1070
     0
  0
VISUALSTYLE
  5
FA
102
{ACAD_REACTORS
330
EF
102
}
330
EF
100
AcDbVisualStyle
  2
Dim
 70
    11
177
     3
291
     1
 70
    58
 90
        2
176
     1
 90
        2
176
     1
 90
        1
176
     1
 90
        0
176
     1
 40
0.6
176
     1
 40
30.0
176
     1
 62
     7
420
 16777215
176
     1
 90
        1
176
     1
 90
        4
176
     1
 62
     7
176
     1
 62
   257
176
     1
 90
        1
176
     1
 90
        1
176
     1
 40
1.0
176
     1
 90
        8
176
     1
 62
     7
176
     1
 40
1.0
176
     1
 90
        1
176
     1
 90
        6
176
     1
 90
        2
176
     1
 62
     7
176
     1
 90
        5
176
     1
 90
        0
176
     1
 90
        0
176
     1
290
     0
176
     1
 90
        1
176
     1
 40
-50.0
176
     1
 90
        0
176
     1
290
     0
176
     1
290
     1
176
     1
290
     1
176
     1
290
     0
176
     1
290
     0
176
     1
290
     0
176
     1
290
     0
176
     1
290
     0
176
     1
290
     0
176
     1
 90
       50
176
     1
 40
0.0
176
     1
 40
1.0
176
     1
 90
        0
176
     1
 62
    18
176
     1
 90
       50
176
     1
 90
        3
176
     1
 62
     5
420
      255
176
     1
290
     0
176
     1
 90
       50
176
     1
 90
       50
176
     1
 90
       50
176
     1
290
     0
176
     1
 90
       50
176
     1
 62
   256
176
     0
 40
1.0
176
     0
 90
        2
176
     1
  1
strokes_ogs.tif
176
     1
290
     0
176
     1
 40
1.0
176
     1
 40
1.0
176
     1
1001
ACAD
1000
AcDbSavedByObjectVersion
1070
     0
  0
VISUALSTYLE
  5
1E6
102
{ACAD_REACTORS
330
EF
102
}
330
EF
100
AcDbVisualStyle
  2
EdgeColorOff
 70
    22
177
     3
291
     1
 70
    58
 90
        2
176
     0
 90
        2
176
     0
 90
        0
176
     0
 90
        0
176
     0
 40
0.6
176
     0
 40
30.0
176
     0
 62
     7
420
 16777215
176
     0
 90
        1
176
     0
 90
        4
176
     0
 62
     7
176
     0
 62
   257
176
     0
 90
        1
176
     0
 90
        1
176
     0
 40
1.0
176
     0
 90
        8
176
     2
 62
     7
176
     0
 40
1.0
176
     0
 90
        1
176
     0
 90
        6
176
     0
 90
        2
176
     0
 62
     7
176
     0
 90
        5
176
     0
 90
        0
176
     0
 90
        0
176
     0
290
     0
176
     0
 90
        1
176
     0
 40
0.0
176
     0
 90
        0
176
     0
290
     0
176
     1
290
     1
176
     1
290
     1
176
     1
290
     0
176
     1
290
     0
176
     1
290
     0
176
     1
290
     0
176
     1
290
     0
176
     1
290
     0
176
     1
 90
       50
176
     1
 40
0.0
176
     1
 40
1.0
176
     1
 90
        0
176
     1
 62
    18
176
     1
 90
       50
176
     1
 90
        3
176
     1
 62
     5
420
      255
176
     1
290
     0
176
     1
 90
       50
176
     1
 90
       50
176
     1
 90
       50
176
     1
290
     0
176
     1
 90
       50
176
     1
 62
   256
176
     0
 40
1.0
176
     0
 90
        2
176
     1
  1
strokes_ogs.tif
176
     1
290
     0
176
     1
 40
1.0
176
     1
 40
1.0
176
     1
1001
ACAD
1000
AcDbSavedByObjectVersion
1070
     0
  0
VISUALSTYLE
  5
FE
102
{ACAD_REACTORS
330
EF
102
}
330
EF
100
AcDbVisualStyle
  2
Facepattern
 70
    15
177
     3
291
     1
 70
    58
 90
        2
176
     1
 90
        2
176
     1
 90
        1
176
     1
 90
        0
176
     1
 40
0.6
176
     1
 40
30.0
176
     1
 62
     7
420
 16777215
176
     1
 90
        1
176
     1
 90
        4
176
     1
 62
     7
176
     1
 62
   257
176
     1
 90
        1
176
     1
 90
        1
176
     1
 40
1.0
176
     1
 90
        8
176
     1
 62
     7
176
     1
 40
1.0
176
     1
 90
        1
176
     1
 90
        6
176
     1
 90
        2
176
     1
 62
     7
176
     1
 90
        5
176
     1
 90
        0
176
     1
 90
        0
176
     1
290
     0
176
     1
 90
        1
176
     1
 40
0.0
176
     1
 90
        0
176
     1
290
     0
176
     1
290
     1
176
     1
290
     1
176
     1
290
     0
176
     1
290
     0
176
     1
290
     0
176
     1
290
     0
176
     1
290
     0
176
     1
290
     0
176
     1
 90
       50
176
     1
 40
0.0
176
     1
 40
1.0
176
     1
 90
        0
176
     1
 62
    18
176
     1
 90
       50
176
     1
 90
        3
176
     1
 62
     5
420
      255
176
     1
290
     0
176
     1
 90
       50
176
     1
 90
       50
176
     1
 90
       50
176
     1
290
     0
176
     1
 90
       50
176
     1
 62
   256
176
     0
 40
1.0
176
     0
 90
        2
176
     1
  1
strokes_ogs.tif
176
     1
290
     0
176
     1
 40
1.0
176
     1
 40
1.0
176
     1
1001
ACAD
1000
AcDbSavedByObjectVersion
1070
     0
  0
VISUALSTYLE
  5
F0
102
{ACAD_REACTORS
330
EF
102
}
330
EF
100
AcDbVisualStyle
  2
Flat
 70
     0
177
     3
291
     1
 70
    58
 90
        2
176
     1
 90
        1
176
     1
 90
        1
176
     1
 90
        2
176
     1
 40
0.6
176
     1
 40
30.0
176
     1
 62
     7
420
 16777215
176
     1
 90
        0
176
     1
 90
        0
176
     1
 62
     7
176
     1
 62
   257
176
     1
 90
        1
176
     1
 90
        1
176
     1
 40
1.0
176
     1
 90
        8
176
     1
 62
     7
176
     1
 40
1.0
176
     1
 90
        1
176
     1
 90
        6
176
     1
 90
        2
176
     1
 62
     7
176
     1
 90
        5
176
     1
 90
        0
176
     1
 90
        0
176
     1
290
     0
176
     1
 90
       13
176
     1
 40
0.0
176
     1
 90
        0
176
     1
290
     0
176
     1
290
     1
176
     1
290
     1
176
     1
290
     0
176
     1
290
     0
176
     1
290
     0
176
     1
290
     0
176
     1
290
     0
176
     1
290
     0
176
     1
 90
       50
176
     1
 40
0.0
176
     1
 40
1.0
176
     1
 90
        0
176
     1
 62
    18
176
     1
 90
       50
176
     1
 90
        3
176
     1
 62
     5
420
      255
176
     1
290
     0
176
     1
 90
       50
176
     1
 90
       50
176
     1
 90
       50
176
     1
290
     0
176
     1
 90
       50
176
     1
 62
   256
176
     0
 40
1.0
176
     0
 90
        2
176
     1
  1
strokes_ogs.tif
176
     1
290
     0
176
     1
 40
1.0
176
     1
 40
1.0
176
     1
1001
ACAD
1000
AcDbSavedByObjectVersion
1070
     0
  0
VISUALSTYLE
  5
F1
102
{ACAD_REACTORS
330
EF
102
}
330
EF
100
AcDbVisualStyle
  2
FlatWithEdges
 70
     1
177
     3
291
     1
 70
    58
 90
        2
176
     1
 90
        1
176
     1
 90
        1
176
     1
 90
        2
176
     1
 40
0.6
176
     1
 40
30.0
176
     1
 62
     7
420
 16777215
176
     1
 90
        1
176
     1
 90
        0
176
     1
 62
     7
176
     1
 62
   257
176
     1
 90
        1
176
     1
 90
        1
176
     1
 40
1.0
176
     1
 90
        0
176
     1
 62
   257
176
     1
 40
1.0
176
     1
 90
        1
176
     1
 90
        6
176
     1
 90
        2
176
     1
 62
     7
176
     1
 90
        5
176
     1
 90
        0
176
     1
 90
        0
176
     1
290
     0
176
     1
 90
       13
176
     1
 40
0.0
176
     1
 90
        0
176
     1
290
     0
176
     1
290
     1
176
     1
290
     1
176
     1
290
     0
176
     1
290
     0
176
     1
290
     0
176
     1
290
     0
176
     1
290
     0
176
     1
290
     0
176
     1
 90
       50
176
     1
 40
0.0
176
     1
 40
1.0
176
     1
 90
        0
176
     1
 62
    18
176
     1
 90
       50
176
     1
 90
        3
176
     1
 62
     5
420
      255
176
     1
290
     0
176
     1
 90
       50
176
     1
 90
       50
176
     1
 90
       50
176
     1
290
     0
176
     1
 90
       50
176
     1
 62
   256
176
     0
 40
1.0
176
     0
 90
        2
176
     1
  1
strokes_ogs.tif
176
     1
290
     0
176
     1
 40
1.0
176
     1
 40
1.0
176
     1
1001
ACAD
1000
AcDbSavedByObjectVersion
1070
     0
  0
VISUALSTYLE
  5
F2
102
{ACAD_REACTORS
330
EF
102
}
330
EF
100
AcDbVisualStyle
  2
Gouraud
 70
     2
177
     3
291
     1
 70
    58
 90
        2
176
     1
 90
        2
176
     1
 90
        1
176
     1
 90
        2
176
     1
 40
0.6
176
     1
 40
30.0
176
     1
 62
     7
420
 16777215
176
     1
 90
        0
176
     1
 90
        0
176
     1
 62
     7
176
     1
 62
   257
176
     1
 90
        1
176
     1
 90
        1
176
     1
 40
1.0
176
     1
 90
        0
176
     1
 62
     7
176
     1
 40
1.0
176
     1
 90
        1
176
     1
 90
        6
176
     1
 90
        2
176
     1
 62
     7
176
     1
 90
        5
176
     1
 90
        0
176
     1
 90
        0
176
     1
290
     0
176
     1
 90
       13
176
     1
 40
0.0
176
     1
 90
        0
176
     1
290
     0
176
     1
290
     1
176
     1
290
     1
176
     1
290
     0
176
     1
290
     0
176
     1
290
     0
176
     1
290
     0
176
     1
290
     0
176
     1
290
     0
176
     1
 90
       50
176
     1
 40
0.0
176
     1
 40
1.0
176
     1
 90
        0
176
     1
 62
    18
176
     1
 90
       50
176
     1
 90
        3
176
     1
 62
     5
420
      255
176
     1
290
     0
176
     1
 90
       50
176
     1
 90
       50
176
     1
 90
       50
176
     1
290
     0
176
     1
 90
       50
176
     1
 62
   256
176
     0
 40
1.0
176
     0
 90
        2
176
     1
  1
strokes_ogs.tif
176
     1
290
     0
176
     1
 40
1.0
176
     1
 40
1.0
176
     1
1001
ACAD
1000
AcDbSavedByObjectVersion
1070
     0
  0
VISUALSTYLE
  5
F3
102
{ACAD_REACTORS
330
EF
102
}
330
EF
100
AcDbVisualStyle
  2
GouraudWithEdges
 70
     3
177
     3
291
     1
 70
    58
 90
        2
176
     1
 90
        2
176
     1
 90
        1
176
     1
 90
        2
176
     1
 40
0.6
176
     1
 40
30.0
176
     1
 62
     7
420
 16777215
176
     1
 90
        1
176
     1
 90
        0
176
     1
 62
     7
176
     1
 62
   257
176
     1
 90
        1
176
     1
 90
        1
176
     1
 40
1.0
176
     1
 90
        0
176
     1
 62
   257
176
     1
 40
1.0
176
     1
 90
        1
176
     1
 90
        6
176
     1
 90
        2
176
     1
 62
     7
176
     1
 90
        5
176
     1
 90
        0
176
     1
 90
        0
176
     1
290
     0
176
     1
 90
       13
176
     1
 40
0.0
176
     1
 90
        0
176
     1
290
     0
176
     1
290
     1
176
     1
290
     1
176
     1
290
     0
176
     1
290
     0
176
     1
290
     0
176
     1
290
     0
176
     1
290
     0
176
     1
290
     0
176
     1
 90
       50
176
     1
 40
0.0
176
     1
 40
1.0
176
     1
 90
        0
176
     1
 62
    18
176
     1
 90
       50
176
     1
 90
        3
176
     1
 62
     5
420
      255
176
     1
290
     0
176
     1
 90
       50
176
     1
 90
       50
176
     1
 90
       50
176
     1
290
     0
176
     1
 90
       50
176
     1
 62
   256
176
     0
 40
1.0
176
     0
 90
        2
176
     1
  1
strokes_ogs.tif
176
     1
290
     0
176
     1
 40
1.0
176
     1
 40
1.0
176
     1
1001
ACAD
1000
AcDbSavedByObjectVersion
1070
     0
  0
VISUALSTYLE
  5
F7
102
{ACAD_REACTORS
330
EF
102
}
330
EF
100
AcDbVisualStyle
  2
Hidden
 70
     6
177
     3
291
     0
 70
    58
 90
        1
176
     1
 90
        2
176
     1
 90
        2
176
     1
 90
        0
176
     1
 40
0.6
176
     1
 40
30.0
176
     1
 62
     7
420
 16777215
176
     1
 90
        2
176
     1
 90
        2
176
     1
 62
     7
176
     1
 62
   257
176
     1
 90
        2
176
     1
 90
        1
176
     1
 40
40.0
176
     1
 90
        0
176
     1
 62
   257
176
     1
 40
1.0
176
     1
 90
        1
176
     1
 90
        6
176
     1
 90
        2
176
     1
 62
     7
176
     1
 90
        3
176
     1
 90
        0
176
     1
 90
        0
176
     1
290
     0
176
     1
 90
        1
176
     1
 40
0.0
176
     1
 90
        0
176
     1
290
     0
176
     1
290
     1
176
     1
290
     1
176
     1
290
     0
176
     1
290
     0
176
     1
290
     0
176
     1
290
     0
176
     1
290
     0
176
     1
290
     0
176
     1
 90
       50
176
     1
 40
0.0
176
     1
 40
1.0
176
     1
 90
        0
176
     1
 62
    18
176
     1
 90
       50
176
     1
 90
        3
176
     1
 62
     5
420
      255
176
     1
290
     0
176
     1
 90
       50
176
     1
 90
       50
176
     1
 90
       50
176
     1
290
     0
176
     1
 90
       50
176
     1
 62
   256
176
     0
 40
1.0
176
     0
 90
        2
176
     1
  1
strokes_ogs.tif
176
     1
290
     0
176
     1
 40
1.0
176
     1
 40
1.0
176
     1
1001
ACAD
1000
AcDbSavedByObjectVersion
1070
     0
  0
VISUALSTYLE
  5
1E4
102
{ACAD_REACTORS
330
EF
102
}
330
EF
100
AcDbVisualStyle
  2
JitterOff
 70
    20
177
     3
291
     1
 70
    58
 90
        2
176
     0
 90
        2
176
     0
 90
        0
176
     0
 90
        0
176
     0
 40
0.6
176
     0
 40
30.0
176
     0
 62
     7
420
 16777215
176
     0
 90
        1
176
     0
 90
        4
176
     0
 62
     7
176
     0
 62
   257
176
     0
 90
        1
176
     0
 90
        1
176
     0
 40
1.0
176
     0
 90
       10
176
     2
 62
     7
176
     0
 40
1.0
176
     0
 90
        1
176
     0
 90
        6
176
     0
 90
        2
176
     0
 62
     7
176
     0
 90
        5
176
     0
 90
        0
176
     0
 90
        0
176
     0
290
     0
176
     0
 90
        1
176
     0
 40
0.0
176
     0
 90
        0
176
     0
290
     0
176
     1
290
     1
176
     1
290
     1
176
     1
290
     0
176
     1
290
     0
176
     1
290
     0
176
     1
290
     0
176
     1
290
     0
176
     1
290
     0
176
     1
 90
       50
176
     1
 40
0.0
176
     1
 40
1.0
176
     1
 90
        0
176
     1
 62
    18
176
     1
 90
       50
176
     1
 90
        3
176
     1
 62
     5
420
      255
176
     1
290
     0
176
     1
 90
       50
176
     1
 90
       50
176
     1
 90
       50
176
     1
290
     0
176
     1
 90
       50
176
     1
 62
   256
176
     0
 40
1.0
176
     0
 90
        2
176
     1
  1
strokes_ogs.tif
176
     1
290
     0
176
     1
 40
1.0
176
     1
 40
1.0
176
     1
1001
ACAD
1000
AcDbSavedByObjectVersion
1070
     0
  0
VISUALSTYLE
  5
FD
102
{ACAD_REACTORS
330
EF
102
}
330
EF
100
AcDbVisualStyle
  2
Linepattern
 70
    14
177
     3
291
     1
 70
    58
 90
        2
176
     1
 90
        2
176
     1
 90
        1
176
     1
 90
        0
176
     1
 40
0.6
176
     1
 40
30.0
176
     1
 62
     7
420
 16777215
176
     1
 90
        1
176
     1
 90
        4
176
     1
 62
     7
176
     1
 62
   257
176
     1
 90
        7
176
     1
 90
        7
176
     1
 40
1.0
176
     1
 90
        8
176
     1
 62
     7
176
     1
 40
1.0
176
     1
 90
        1
176
     1
 90
        6
176
     1
 90
        2
176
     1
 62
     7
176
     1
 90
        5
176
     1
 90
        0
176
     1
 90
        0
176
     1
290
     0
176
     1
 90
        1
176
     1
 40
0.0
176
     1
 90
        0
176
     1
290
     0
176
     1
290
     1
176
     1
290
     1
176
     1
290
     0
176
     1
290
     0
176
     1
290
     0
176
     1
290
     0
176
     1
290
     0
176
     1
290
     0
176
     1
 90
       50
176
     1
 40
0.0
176
     1
 40
1.0
176
     1
 90
        0
176
     1
 62
    18
176
     1
 90
       50
176
     1
 90
        3
176
     1
 62
     5
420
      255
176
     1
290
     0
176
     1
 90
       50
176
     1
 90
       50
176
     1
 90
       50
176
     1
290
     0
176
     1
 90
       50
176
     1
 62
   256
176
     0
 40
1.0
176
     0
 90
        2
176
     1
  1
strokes_ogs.tif
176
     1
290
     0
176
     1
 40
1.0
176
     1
 40
1.0
176
     1
1001
ACAD
1000
AcDbSavedByObjectVersion
1070
     0
  0
VISUALSTYLE
  5
1E5
102
{ACAD_REACTORS
330
EF
102
}
330
EF
100
AcDbVisualStyle
  2
OverhangOff
 70
    21
177
     3
291
     1
 70
    58
 90
        2
176
     0
 90
        2
176
     0
 90
        0
176
     0
 90
        0
176
     0
 40
0.6
176
     0
 40
30.0
176
     0
 62
     7
420
 16777215
176
     0
 90
        1
176
     0
 90
        4
176
     0
 62
     7
176
     0
 62
   257
176
     0
 90
        1
176
     0
 90
        1
176
     0
 40
1.0
176
     0
 90
        9
176
     2
 62
     7
176
     0
 40
1.0
176
     0
 90
        1
176
     0
 90
        6
176
     0
 90
        2
176
     0
 62
     7
176
     0
 90
        5
176
     0
 90
        0
176
     0
 90
        0
176
     0
290
     0
176
     0
 90
        1
176
     0
 40
0.0
176
     0
 90
        0
176
     0
290
     0
176
     1
290
     1
176
     1
290
     1
176
     1
290
     0
176
     1
290
     0
176
     1
290
     0
176
     1
290
     0
176
     1
290
     0
176
     1
290
     0
176
     1
 90
       50
176
     1
 40
0.0
176
     1
 40
1.0
176
     1
 90
        0
176
     1
 62
    18
176
     1
 90
       50
176
     1
 90
        3
176
     1
 62
     5
420
      255
176
     1
290
     0
176
     1
 90
       50
176
     1
 90
       50
176
     1
 90
       50
176
     1
290
     0
176
     1
 90
       50
176
     1
 62
   256
176
     0
 40
1.0
176
     0
 90
        2
176
     1
  1
strokes_ogs.tif
176
     1
290
     0
176
     1
 40
1.0
176
     1
 40
1.0
176
     1
1001
ACAD
1000
AcDbSavedByObjectVersion
1070
     0
  0
VISUALSTYLE
  5
F9
102
{ACAD_REACTORS
330
EF
102
}
330
EF
100
AcDbVisualStyle
  2
Realistic
 70
     8
177
     3
291
     0
 70
    58
 90
        2
176
     1
 90
        3
176
     1
 90
        0
176
     1
 90
        2
176
     1
 40
0.6
176
     1
 40
30.0
176
     1
 62
     7
420
 16777215
176
     1
 90
        0
176
     1
 90
        0
176
     1
 62
     7
176
     1
 62
   257
176
     1
 90
        1
176
     1
 90
        1
176
     1
 40
1.0
176
     1
 90
        8
176
     1
 62
   257
176
     1
 40
1.0
176
     1
 90
        1
176
     1
 90
        6
176
     1
 90
        2
176
     1
 62
     7
176
     1
 90
        3
176
     1
 90
        0
176
     1
 90
        0
176
     1
290
     0
176
     1
 90
       13
176
     1
 40
0.0
176
     1
 90
        0
176
     1
290
     0
176
     1
290
     1
176
     1
290
     1
176
     1
290
     0
176
     1
290
     0
176
     1
290
     0
176
     1
290
     0
176
     1
290
     0
176
     1
290
     0
176
     1
 90
       50
176
     1
 40
0.0
176
     1
 40
1.0
176
     1
 90
        0
176
     1
 62
    18
176
     1
 90
       50
176
     1
 90
        3
176
     1
 62
     5
420
      255
176
     1
290
     0
176
     1
 90
       50
176
     1
 90
       50
176
     1
 90
       50
176
     1
290
     0
176
     1
 90
       50
176
     1
 62
   256
176
     0
 40
1.0
176
     0
 90
        2
176
     1
  1
strokes_ogs.tif
176
     1
290
     0
176
     1
 40
1.0
176
     1
 40
1.0
176
     1
1001
ACAD
1000
AcDbSavedByObjectVersion
1070
     0
  0
VISUALSTYLE
  5
1F3
102
{ACAD_REACTORS
330
EF
102
}
330
EF
100
AcDbVisualStyle
  2
Shaded
 70
    27
177
     3
291
     0
 70
    58
 90
        2
176
     1
 90
        2
176
     1
 90
        1
176
     1
 90
        2
176
     1
 40
0.6
176
     1
 40
30.0
176
     1
 62
     7
420
 16777215
176
     1
 90
        0
176
     1
 90
        4
176
     1
 62
     7
176
     1
 62
   257
176
     1
 90
        1
176
     1
 90
        1
176
     1
 40
1.0
176
     1
 90
        8
176
     1
 62
   257
176
     1
 40
1.0
176
     1
 90
        1
176
     1
 90
        6
176
     1
 90
        2
176
     1
 62
     8
420
  7895160
176
     1
 90
        3
176
     1
 90
        0
176
     1
 90
        0
176
     1
290
     0
176
     1
 90
        5
176
     1
 40
0.0
176
     1
 90
        0
176
     1
290
     0
176
     1
290
     1
176
     1
290
     1
176
     1
290
     0
176
     1
290
     0
176
     1
290
     0
176
     1
290
     0
176
     1
290
     0
176
     1
290
     0
176
     1
 90
       50
176
     1
 40
0.0
176
     1
 40
1.0
176
     1
 90
        0
176
     1
 62
    18
176
     1
 90
       50
176
     1
 90
        3
176
     1
 62
     5
420
      255
176
     1
290
     0
176
     1
 90
       50
176
     1
 90
       50
176
     1
 90
       50
176
     1
290
     0
176
     1
 90
       50
176
     1
 62
   256
176
     0
 40
1.0
176
     0
 90
        2
176
     1
  1
strokes_ogs.tif
176
     1
290
     0
176
     1
 40
1.0
176
     1
 40
1.0
176
     1
1001
ACAD
1000
AcDbSavedByObjectVersion
1070
     0
  0
VISUALSTYLE
  5
1F2
102
{ACAD_REACTORS
330
EF
102
}
330
EF
100
AcDbVisualStyle
  2
Shaded with edges
 70
    26
177
     3
291
     0
 70
    58
 90
        2
176
     1
 90
        2
176
     1
 90
        1
176
     1
 90
        2
176
     1
 40
0.6
176
     1
 40
30.0
176
     1
 62
     7
420
 16777215
176
     1
 90
        1
176
     1
 90
        2
176
     1
 62
     7
176
     1
 62
   257
176
     1
 90
        2
176
     1
 90
        1
176
     1
 40
1.0
176
     1
 90
        8
176
     1
 62
   257
176
     1
 40
1.0
176
     1
 90
        1
176
     1
 90
        6
176
     1
 90
        2
176
     1
 62
     7
176
     1
 90
        3
176
     1
 90
        0
176
     1
 90
        0
176
     1
290
     0
176
     1
 90
        5
176
     1
 40
0.0
176
     1
 90
        0
176
     1
290
     0
176
     1
290
     1
176
     1
290
     1
176
     1
290
     0
176
     1
290
     0
176
     1
290
     0
176
     1
290
     0
176
     1
290
     0
176
     1
290
     0
176
     1
 90
       50
176
     1
 40
0.0
176
     1
 40
1.0
176
     1
 90
        0
176
     1
 62
    18
176
     1
 90
       50
176
     1
 90
        3
176
     1
 62
     5
420
      255
176
     1
290
     0
176
     1
 90
       50
176
     1
 90
       50
176
     1
 90
       50
176
     1
290
     0
176
     1
 90
       50
176
     1
 62
   256
176
     0
 40
1.0
176
     0
 90
        2
176
     1
  1
strokes_ogs.tif
176
     1
290
     0
176
     1
 40
1.0
176
     1
 40
1.0
176
     1
1001
ACAD
1000
AcDbSavedByObjectVersion
1070
     0
  0
VISUALSTYLE
  5
1EF
102
{ACAD_REACTORS
330
EF
102
}
330
EF
100
AcDbVisualStyle
  2
Shades of Gray
 70
    23
177
     3
291
     0
 70
    58
 90
        2
176
     1
 90
        2
176
     1
 90
        3
176
     1
 90
        0
176
     1
 40
0.6
176
     1
 40
30.0
176
     1
 62
     7
420
 16777215
176
     1
 90
        2
176
     1
 90
        2
176
     1
 62
     7
176
     1
 62
     7
176
     1
 90
        1
176
     1
 90
        1
176
     1
 40
40.0
176
     1
 90
        8
176
     1
 62
     7
176
     1
 40
1.0
176
     1
 90
        1
176
     1
 90
        6
176
     1
 90
        2
176
     1
 62
     7
176
     1
 90
        3
176
     1
 90
        0
176
     1
 90
        0
176
     1
290
     0
176
     1
 90
        1
176
     1
 40
0.0
176
     1
 90
        0
176
     1
290
     0
176
     1
290
     1
176
     1
290
     1
176
     1
290
     0
176
     1
290
     0
176
     1
290
     0
176
     1
290
     0
176
     1
290
     0
176
     1
290
     0
176
     1
 90
       50
176
     1
 40
0.0
176
     1
 40
1.0
176
     1
 90
        0
176
     1
 62
    18
176
     1
 90
       50
176
     1
 90
        3
176
     1
 62
     5
420
      255
176
     1
290
     0
176
     1
 90
       50
176
     1
 90
       50
176
     1
 90
       50
176
     1
290
     0
176
     1
 90
       50
176
     1
 62
   256
176
     0
 40
1.0
176
     0
 90
        2
176
     1
  1
strokes_ogs.tif
176
     1
290
     0
176
     1
 40
1.0
176
     1
 40
1.0
176
     1
1001
ACAD
1000
AcDbSavedByObjectVersion
1070
     0
  0
VISUALSTYLE
  5
1F0
102
{ACAD_REACTORS
330
EF
102
}
330
EF
100
AcDbVisualStyle
  2
Sketchy
 70
    24
177
     3
291
     0
 70
    58
 90
        1
176
     1
 90
        2
176
     1
 90
        2
176
     1
 90
        0
176
     1
 40
0.6
176
     1
 40
30.0
176
     1
 62
     7
420
 16777215
176
     1
 90
        2
176
     1
 90
        2
176
     1
 62
     7
176
     1
 62
     7
176
     1
 90
        1
176
     1
 90
        1
176
     1
 40
40.0
176
     1
 90
       11
176
     1
 62
     7
176
     1
 40
1.0
176
     1
 90
        1
176
     1
 90
        6
176
     1
 90
        2
176
     1
 62
     7
176
     1
 90
        6
176
     1
 90
        0
176
     1
 90
        0
176
     1
290
     0
176
     1
 90
        1
176
     1
 40
0.0
176
     1
 90
        0
176
     1
290
     0
176
     1
290
     1
176
     1
290
     1
176
     1
290
     0
176
     1
290
     0
176
     1
290
     0
176
     1
290
     0
176
     1
290
     0
176
     1
290
     0
176
     1
 90
       50
176
     1
 40
0.0
176
     1
 40
1.0
176
     1
 90
        0
176
     1
 62
    18
176
     1
 90
       50
176
     1
 90
        3
176
     1
 62
     5
420
      255
176
     1
290
     0
176
     1
 90
       50
176
     1
 90
       50
176
     1
 90
       50
176
     1
290
     0
176
     1
 90
       50
176
     1
 62
   256
176
     0
 40
1.0
176
     0
 90
        2
176
     1
  1
strokes_ogs.tif
176
     1
290
     0
176
     1
 40
1.0
176
     1
 40
1.0
176
     1
1001
ACAD
1000
AcDbSavedByObjectVersion
1070
     0
  0
VISUALSTYLE
  5
FC
102
{ACAD_REACTORS
330
EF
102
}
330
EF
100
AcDbVisualStyle
  2
Thicken
 70
    13
177
     3
291
     1
 70
    58
 90
        2
176
     1
 90
        2
176
     1
 90
        1
176
     1
 90
        0
176
     1
 40
0.6
176
     1
 40
30.0
176
     1
 62
     7
420
 16777215
176
     1
 90
        1
176
     1
 90
        4
176
     1
 62
     7
176
     1
 62
   257
176
     1
 90
        1
176
     1
 90
        1
176
     1
 40
1.0
176
     1
 90
       12
176
     1
 62
     7
176
     1
 40
1.0
176
     1
 90
        1
176
     1
 90
        6
176
     1
 90
        2
176
     1
 62
     7
176
     1
 90
        5
176
     1
 90
        0
176
     1
 90
        0
176
     1
290
     0
176
     1
 90
        1
176
     1
 40
0.0
176
     1
 90
        0
176
     1
290
     0
176
     1
290
     1
176
     1
290
     1
176
     1
290
     0
176
     1
290
     0
176
     1
290
     0
176
     1
290
     0
176
     1
290
     0
176
     1
290
     0
176
     1
 90
       50
176
     1
 40
0.0
176
     1
 40
1.0
176
     1
 90
        0
176
     1
 62
    18
176
     1
 90
       50
176
     1
 90
        3
176
     1
 62
     5
420
      255
176
     1
290
     0
176
     1
 90
       50
176
     1
 90
       50
176
     1
 90
       50
176
     1
290
     0
176
     1
 90
       50
176
     1
 62
   256
176
     0
 40
1.0
176
     0
 90
        2
176
     1
  1
strokes_ogs.tif
176
     1
290
     0
176
     1
 40
1.0
176
     1
 40
1.0
176
     1
1001
ACAD
1000
AcDbSavedByObjectVersion
1070
     0
  0
VISUALSTYLE
  5
F6
102
{ACAD_REACTORS
330
EF
102
}
330
EF
100
AcDbVisualStyle
  2
Wireframe
 70
     5
177
     3
291
     0
 70
    58
 90
        0
176
     1
 90
        2
176
     1
 90
        0
176
     1
 90
        0
176
     1
 40
0.6
176
     1
 40
30.0
176
     1
 62
     7
420
 16777215
176
     1
 90
        1
176
     1
 90
        4
176
     1
 62
     7
176
     1
 62
   257
176
     1
 90
        1
176
     1
 90
        1
176
     1
 40
1.0
176
     1
 90
        0
176
     1
 62
   257
176
     1
 40
1.0
176
     1
 90
        1
176
     1
 90
        6
176
     1
 90
        2
176
     1
 62
     7
176
     1
 90
        3
176
     1
 90
        0
176
     1
 90
        0
176
     1
290
     0
176
     1
 90
        1
176
     1
 40
0.0
176
     1
 90
        0
176
     1
290
     0
176
     1
290
     1
176
     1
290
     1
176
     1
290
     0
176
     1
290
     0
176
     1
290
     0
176
     1
290
     0
176
     1
290
     0
176
     1
290
     0
176
     1
 90
       50
176
     1
 40
0.0
176
     1
 40
1.0
176
     1
 90
        0
176
     1
 62
    18
176
     1
 90
       50
176
     1
 90
        3
176
     1
 62
     5
420
      255
176
     1
290
     0
176
     1
 90
       50
176
     1
 90
       50
176
     1
 90
       50
176
     1
290
     0
176
     1
 90
       50
176
     1
 62
   256
176
     0
 40
1.0
176
     0
 90
        2
176
     1
  1
strokes_ogs.tif
176
     1
290
     0
176
     1
 40
1.0
176
     1
 40
1.0
176
     1
1001
ACAD
1000
AcDbSavedByObjectVersion
1070
     0
  0
VISUALSTYLE
  5
1F1
102
{ACAD_REACTORS
330
EF
102
}
330
EF
100
AcDbVisualStyle
  2
X-Ray
 70
    25
177
     3
291
     0
 70
    58
 90
        2
176
     1
 90
        2
176
     1
 90
        1
176
     1
 90
        1
176
     1
 40
0.5
176
     1
 40
30.0
176
     1
 62
     7
420
 16777215
176
     1
 90
        1
176
     1
 90
        0
176
     1
 62
     7
176
     1
 62
   257
176
     1
 90
        1
176
     1
 90
        1
176
     1
 40
1.0
176
     1
 90
        8
176
     1
 62
     7
176
     1
 40
1.0
176
     1
 90
        1
176
     1
 90
        6
176
     1
 90
        2
176
     1
 62
     7
176
     1
 90
        3
176
     1
 90
        0
176
     1
 90
        0
176
     1
290
     0
176
     1
 90
       13
176
     1
 40
0.0
176
     1
 90
        0
176
     1
290
     0
176
     1
290
     1
176
     1
290
     1
176
     1
290
     0
176
     1
290
     0
176
     1
290
     0
176
     1
290
     0
176
     1
290
     0
176
     1
290
     0
176
     1
 90
       50
176
     1
 40
0.0
176
     1
 40
1.0
176
     1
 90
        0
176
     1
 62
    18
176
     1
 90
       50
176
     1
 90
        3
176
     1
 62
     5
420
      255
176
     1
290
     0
176
     1
 90
       50
176
     1
 90
       50
176
     1
 90
       50
176
     1
290
     0
176
     1
 90
       50
176
     1
 62
   256
176
     0
 40
1.0
176
     0
 90
        2
176
     1
  1
strokes_ogs.tif
176
     1
290
     0
176
     1
 40
1.0
176
     1
 40
1.0
176
     1
1001
ACAD
1000
AcDbSavedByObjectVersion
1070
     0
  0
DICTIONARYVAR
  5
146
102
{ACAD_REACTORS
330
5E
102
}
330
5E
100
DictionaryVariables
280
     0
  1
1:1
  0
DICTIONARYVAR
  5
259
102
{ACAD_REACTORS
330
5E
102
}
330
5E
100
DictionaryVariables
280
     0
  1
3.500000
  0
DICTIONARYVAR
  5
25A
102
{ACAD_REACTORS
330
5E
102
}
330
5E
100
DictionaryVariables
280
     0
  1
acadiso.lin
  0
DICTIONARYVAR
  5
145
102
{ACAD_REACTORS
330
5E
102
}
330
5E
100
DictionaryVariables
280
     0
  1
STANDARD
  0
DICTIONARYVAR
  5
84
102
{ACAD_REACTORS
330
5E
102
}
330
5E
100
DictionaryVariables
280
     0
  1
STANDARD
  0
DICTIONARYVAR
  5
227
102
{ACAD_REACTORS
330
5E
102
}
330
5E
100
DictionaryVariables
280
     0
  1
Metric50
  0
DICTIONARYVAR
  5
228
102
{ACAD_REACTORS
330
5E
102
}
330
5E
100
DictionaryVariables
280
     0
  1
Metric50
  0
DICTIONARYVAR
  5
5F
102
{ACAD_REACTORS
330
5E
102
}
330
5E
100
DictionaryVariables
280
     0
  1
2
  0
DICTIONARYVAR
  5
63
102
{ACAD_REACTORS
330
5E
102
}
330
5E
100
DictionaryVariables
280
     0
  1
1
  0
DICTIONARYVAR
  5
1AE
102
{ACAD_REACTORS
330
5E
102
}
330
5E
100
DictionaryVariables
280
     0
  1
0
  0
DICTIONARYVAR
  5
1AF
102
{ACAD_REACTORS
330
5E
102
}
330
5E
100
DictionaryVariables
280
     0
  1
0
  0
DICTIONARY
  5
2340
102
{ACAD_REACTORS
330
233E
102
}
330
233E
100
AcDbDictionary
281
     1
  0
DICTIONARY
  5
233F
102
{ACAD_REACTORS
330
233E
102
}
330
233E
100
AcDbDictionary
281
     1
  3
2480835482128
350
2339
  3
2480835482144
350
233A
  3
2480835482160
350
233B
  3
2480835482176
350
233C
  3
2480835482192
350
233D
  0
DICTIONARY
  5
2347
330
2A1
100
AcDbDictionary
280
     1
281
     1
  3
ACAD_XREC_ROUNDTRIP
360
2348
  0
DICTIONARY
  5
2343
330
21C
100
AcDbDictionary
280
     1
281
     1
  3
ACAD_XREC_ROUNDTRIP
360
2344
  0
DICTIONARY
  5
205
330
22
100
AcDbDictionary
280
     1
281
     1
  0
DICTIONARY
  5
1F9
330
ED
100
AcDbDictionary
280
     1
281
     1
  3
FBXASSET
360
1FA
  0
DICTIONARY
  5
1F7
330
EC
100
AcDbDictionary
280
     1
281
     1
  3
FBXASSET
360
1F8
  0
DICTIONARY
  5
173
330
EE
100
AcDbDictionary
280
     1
281
     1
  3
BUMPTILE
360
175
  3
DIFFUSETILE
360
174
  3
FBXASSET
360
1FB
  3
OPACITYTILE
360
176
  3
REFLECTIONTILE
360
177
  0
DICTIONARY
  5
2345
330
2A0
100
AcDbDictionary
280
     1
281
     1
  3
ACAD_XREC_ROUNDTRIP
360
2346
  0
DICTIONARY
  5
2341
330
21A
100
AcDbDictionary
280
     1
281
     1
  3
ACAD_XREC_ROUNDTRIP
360
2342
  0
DICTIONARY
  5
162
330
7F
100
AcDbDictionary
280
     1
281
     1
  3
ACAD_ROUNDTRIP_2008_TABLESTYLE_CELLSTYLEMAP
360
2337
  0
XRECORD
  5
2339
102
{ACAD_REACTORS
330
233F
102
}
330
233F
100
AcDbXrecord
280
     1
  1
AcDb_Thumbnail_Schema
102
{ATTRRECORD
341
233A
  2
AcDbDs::TreatedAsObjectData
280
     1
291
     1
102
ATTRRECORD}
102
{ATTRRECORD
341
233B
  2
AcDbDs::Legacy
280
     1
291
     1
102
ATTRRECORD}
  2
AcDbDs::ID
280
    10
 91
        8
102
{ATTRRECORD
341
233C
  2
AcDs:Indexable
280
     1
291
     1
102
ATTRRECORD}
102
{ATTRRECORD
341
233D
  2
AcDbDs::HandleAttribute
280
     7
282
     1
102
ATTRRECORD}
  2
Thumbnail_Data
280
    15
 91
        0
  0
XRECORD
  5
233A
102
{ACAD_REACTORS
330
233F
102
}
330
233F
100
AcDbXrecord
280
     1
  1
AcDbDs::TreatedAsObjectDataSchema
  2
AcDbDs::TreatedAsObjectData
280
     1
 91
        0
  0
XRECORD
  5
233B
102
{ACAD_REACTORS
330
233F
102
}
330
233F
100
AcDbXrecord
280
     1
  1
AcDbDs::LegacySchema
  2
AcDbDs::Legacy
280
     1
 91
        0
  0
XRECORD
  5
233C
102
{ACAD_REACTORS
330
233F
102
}
330
233F
100
AcDbXrecord
280
     1
  1
AcDbDs::IndexedPropertySchema
  2
AcDs:Indexable
280
     1
 91
        0
  0
XRECORD
  5
233D
102
{ACAD_REACTORS
330
233F
102
}
330
233F
100
AcDbXrecord
280
     1
  1
AcDbDs::HandleAttributeSchema
  2
AcDbDs::HandleAttribute
280
     7
 91
        1
284
     1
  0
XRECORD
  5
2348
102
{ACAD_REACTORS
330
2347
102
}
330
2347
100
AcDbXrecord
280
     1
102
DISPLAYNAME
  1
Imperial24
102
FLAGS
 90
        0
  0
XRECORD
  5
2344
102
{ACAD_REACTORS
330
2343
102
}
330
2343
100
AcDbXrecord
280
     1
102
DISPLAYNAME
  1
Metric50
102
FLAGS
 90
        0
  0
XRECORD
  5
1FA
102
{ACAD_REACTORS
330
1F9
102
}
330
1F9
100
AcDbXrecord
280
     1
 70
     1
 90
429727718
  1
D62C5603-E3A1-4AEA-B7FB-FE5D8D0755AF
310
504B03040A0000080000CC70623B3DEE336E79000000790000001B0000006175746F6465736B2D64657369676E2D7061636B6167652E786D6C3C3F786D6C2076657273696F6E3D22312E302220656E636F64696E673D227574662D3822203F3E3C666F726D6174733E3C666F726D61743E687474703A2F2F736368656D612E
310
6175746F6465736B2E636F6D2F64657369676E2D7061636B6167652F323030393C2F666F726D61743E3C2F666F726D6174733E504B0304140006080800CC70623BD486FD9CA0000000F4000000130000005B436F6E74656E745F54797065735D2E786D6C7D8EC10E82300C865F65E91D8A1E8C310C0EEA1BF002731658846E
310
D98AC1B77784ABF1D8FE5FBFBF75BBCE937A534CCEB38643598122B6FEE978D0B0485F9C41B54DDD7D022595594E1A469170414C76A4D9A4D207E29CF43ECE46F218070CC6BECC4078ACAA135ACF422C856C0E68EA1BF5669944DDD7BCDE7B1F8E415D77AECB980613C2E4AC91FC167A2B244592486606FC29C8FD7F045B9A
310
EF7053A7E60B504B0304140006080800CC70623B853B8169EB0000007C01000008000000636F72652E786D6C8D90416EC3201045AF62CDB6C206821CC7C244919D9CA01740401C94182C03558F5F9C3852BBEB6A467FFE9B197D7EFC9E1EC5975982F5AE035262288C535E5B377690E21535501C055FBC8FBF6C503839990E
310
5619041F179FE64D52DE45E362569DD7661365082642A11EB9E920A89B99642953CC8E702F67A9EE7234257977194EC9EAE275C4EABCCF5EAD5940D4AC6F0E35A568B8F43562CD7046CD199FD07E60174276A7BE677B5EADB0E0D14EEFFB6A31321A0D82627C4084204C3F096B71DD52F6819B16635EADF63F509AF53FA164
310
5DDCD1EDDD17164090FCC8732078B56691CB33A85CD7DCC40F504B0304140006080800CC70623B55019EA25F0000007C00000007000000636E782E786D6C4DCB3B0E80201045D1AD90E915ED2CF8AC45050C11660C8261F98AB1B07AC9C97D42D718D865D3E909258CFD00CCE24AC6E326A164D74DC0B4128928FF32603847
310
2BA13128B1252AC747C6BAB984FC68F0B87FE8960A5C09FE86CFB69FBA01504B0304140006080800CC70623BDBABAAF470010000D40300000C0000006662782F636F72652E786D6CC553D16E823014FD95A6AF4B694182CC941A83FA05FB810A9511A125A5257EFE2E82712ECEB8A7F100CD39F7F69E734AF9FADC366850B6
310
AF8DCE7018308C942E4C59EB2AC3DE1D498AD15A706B8CFB56869196ADCAF00863C12B6B7C374385D14E6907A836A59A41D9F7CA615434B0C8705F7CAA5606D23BA8E84F41278B93AC54100640439DE0BDB320004D43C63716C7C399D30917DCFBBA9CD9BA8469F5B156168B24CED3F7248AC8769F27244EB73B92EED8862C
310
B7F13E0C179B3C8F979C8ECD82BBBABDAA2BAC924E9558448CBD9330242CFA08E3154B5651FCC6D215639C8EE5774DBE2B5F6CF2B5768B68963BB5F5588420E442FC700B1139D4CB01F450C1E918227C2E09DF070D8140C84E1E9AAB8F1340832A9CB13130A5F1376A908D57309505ECF2A0DF179C4E9D30F5B239B87E3823
310
7A79C6F31DE1A8A5AEC08474B03C7837EAE4938639B44E5932B833D2C6B6B279CDC613877FA26EE21F4A2A4C63EC7F29A2F301D1F9F7A0E37D145F504B0304140006080800CC70623B9C113CC27E0000009D0000000B0000006662782F636E782E786D6C4DCCDF0A83201C86E15B91DFB94BFB330DD428C8FB886521330DA7
310
6397BF1A1DECE883878F57749FCDA1B7892F1BBC047A23808C7F84D9FA55424E0BE6803A256208E9EF06C84F9B91703228B1C690F78B66B34CD9A5439DF5CF0BFBF65E35BCA1B8D6A5C6F540381E886698B5741C695F9503EBA150A2F8958E3DC3EA0B504B0304140006080800CC70623B7DF2F77C2A010000120200003100
310
00006662782F41393633353835312D344632462D344230382D423046372D3739314545314133324237412F636F72652E786D6C8D51DB8EC22014FC15C2939B0D2DB4B45643319AE817EC0F6041255A68B86CFCFC856D4D76DF7CE190393373060EDB3DC707F856CE6B6B7A480A0C81328395DA5C7B18C3057510EC3873D686
310
3F34088C18550F330C39BB3A1BA7051AAC09CA84841A2BD5020AEF55806078A44B0FFD7053A328440C89E1EFC52486BBB8AA8214A99D789CF9E05200300FC927E4FB4D5B375D43103D5527440FB843077C5AA3F5861C8F645F5787F59E95B390B318B55CE45AA638FAA2957BD7248B390B7A7CC51F9C124149C82B8C378810
310
84AB2F42B7B8DD56F413775B8C5999E9FF4471926F8AA236A1AE96B8B3CC434E5839373893369E1FAF30EA395917409EB7F26AF8801C171837A4A6AC9C89E9F9C9B1A58BA30FD6A5EF5DDDCF894B9AD9B6A59C957943A9FCAE2FD5BC4DFE03504B0304140006080800CC70623BAD7543B64E01000033030000300000006662
310
782F41393633353835312D344632462D344230382D423046372D3739314545314133324237412F636E782E786D6CD593CD6EC32010845F0571AD6CE3D48AD20813A9873E410FBD12D82434182C7EAAE6EDBB2424CD25871E7B41D6EC30B3FA84F9E67BB2E40B4234DE8DB46F1925E094D7C6ED479AD3AE5951B2113C789FEE
310
6C943839C1488B4C05DF079FE72A69D8C96C13AAD6B8631503449F83828872B949AC57D26200B826A308D316B4064D6E46FCDA41C05550DC9E483A00797BFD207EFB092A45DE9514C1BBD22178396BD39D891265658C238DEA00936C654E5E433CB65A26D9F6EDB5EBC14EBF49A45CB856E66048291F6939A9A81BB5C89177
310
38143CA680F4AA299D66A042CEB3354A2684DC9D8D178FE0D9B8B41CAAD720F880EE7EF93C0C18769E099ECC04D5A102C8049A8A05632F4DDF376CF1DE0F6BB65C2F8627B65A33C6BB62177CEBBDAD973006829F89F22E814B54F4BC2BE347F8AA8F681390B50FA73F804400B5F542E796F19FF974E7F78DB802FE05E20750
310
4B0304140006080800CC70623BE75B7789680500003C100000340000006662782F41393633353835312D344632462D344230382D423046372D3739314545314133324237412F6F626A656374732E786D6CAD575B8F9B3818FD2B887D06C22499CB8AA1CA655245D5B455A356FB305264C061D8018C6C3393D95FBFC7600890
310
A4CD5EF210B0B1BFEBF98E3F7B1FF6596ABC522E1296DF9BAE3D320D9A872C4AF2F8DE2CE5CEBA358D0FBEC719939D65A691938CDE9B6ADAF4BD98B3B2D05311DD91329583D9D5FC0F438434A7A611A644887B5384CF34233629258BA878B12322891DEFF6B66BD70BFB62634E8AE781D082709A4B588AF91C528CDA28B73F
310
1C998EEF39EABBEFA97FBD6A7C7E9553F9D3D79FE442923C3C523610337627CB87ABE99D359D4CC6D6E4FACAB5E6ABF9D2726FC6A3C5F56271377BB88362213924694B38DD99FE47C48627A1E7D49F5A8BB5E1A74C0A599ED3B0F21F1E56366B89112D681E218F0915D0D6F17AD41FBA2A369DCF6335D62ABBD39779D5DDD1
310
11D4D8DE3CBB96B2E04FB8202E41051754A1AA8E8F76B4C6DFE810B580B1547F4B84911149794252234D024EF8BBE963A95AE27B3D310A9D5C215C7960FAEE415ED75694C6AFB17BCACA5D99A60A9AA65F217B0BFC53292ACB92BF283FAD0D3621576592CB5BED907C2FA8E9DF794E35E97BEA31BED21FEB401ABB94C44839
310
DCACBF0E1C5DA8DA5B2F4DFFD32AD86F543D9E565E7056502E157C00AD2671CD534549AB752FCA9CDA00677A313F04E51B22FF19E57B300579E3C97EB29F682D92935CEC18CF901B7B54FD8C51F362B56FC72FE0B3C1EAE335EDCCBF5AEC39ADB17DC238973F804BA5E6F6BFE7AF1FB32E523BE9F3BD571418E3631DCA4D48
310
5250CF639223210A9446CA30052EDF057BD35F8329C1ECD84552BF0DC8D18BE7BCE23BFE6BD960AB4A7DE79923A103BEBD80F911CBAA2C60DB19B01CF164A5583B772EE6D3FFA56666CBCDA74DC97724A48F9A58967497E489C4D979006FD7A05E227A1EBDD0F737C623387A9C844D3709995625106D157315F8B8392CD4E0
310
A0B9A720C4BE9829CEF37EA1E13111214D53925356365ADA634861B52519DD27A00AEB808EAF0628E6F435519D446F45CF2C9CF5214F0A15B2F6D06B79DA3EE3CBF7F56780D2F4E7EF73A0F5E5B02A38D07DC852C6B7C1FBB6664213E0C39E3EBA7FF4E1AD23EA2829407C85E586727488B751B2DB9502BC7B228A3FD68B6E
310
A65A22397E690AA8D158D7E404EC8CDA235CC3B7D1898680131CEC2CDF2638C65196279577750F15884AEE19F94199155B92B13297978469D4F8D358DF0AEF7631E28DC8F0D9F437D5D39A83B2231A1D52D543813A824EF8D44BCFF2FA6A31BD1E8DAD87F1CCB526B3879935BF59CDADD5C37479BB1CDD4CA7B3556B516589
310
EF352754B706114D9C885EC9131DE6EFEB43D99AFE2391C2F958179413D7CFEF6B1B6DB1E7600F00DE6E5C67454A339A4BA2E0FBA85ED26F045D454F463DBFCE484C2F90F2E5E3666003662ED8F755951A7D1BECD5B30B550B2785C8E7320B7292A4838DDA71BBC863ED7613CAF659337A3354231D4FF4A182A54904C2898C
310
98B28C4AD0CE056CCF332A80986E571EE9DBC305BB5FEB7E509220A58D25CF042D712A806AC0AD0C657FDEF80D2D9CEAA2EE4D1C76F60BFE74219A06527D6F82DF6412526107381E55E353090704D085B52408A8913C4ED159D79BDA71BB4BC506F4831350EB6F975CD22D69BF7AC49B91A2C0A9DDA3D5CA36AD20FC478E37
310
E61844E2352865EBCB61A275A65283CAAA9DD27703B4102F5AF51EF5F573B75CBB5AD38BC845F7A49F82A0966A49C2E3EA5EA0ECD326CD965F1DB402C6FA8B51A4658C5C5E2EC9E214602E55810345408596591009A82E7E7FFACA19EEA299B14A0081A705CB3296EBC14CDF658DCD336EA6D1136881AAEB87B81AB9EE53D5
310
F5EB8BC8362082DA24122F98680A4E7930C01A0079749CEA14382A0783E5EBA5A10F8C098456A03D6A4AEB6BB881E2513747552A5DB22C7EDAF83BD5528081A365F7FF06504B0304140006080000CC70623B000000000000000000000000350000006662782F41393633353835312D344632462D344230382D423046372D37
310
39314545314133324237412F76657274696365732E62696E504B0304140006080800CC70623BF270F1330600000004000000360000006662782F41393633353835312D344632462D344230382D423046372D3739314545314133324237412F747269616E676C65732E62696E636660600000504B0304140006080000CC7062
310
3B000000000000000000000000370000006662782F41393633353835312D344632462D344230382D423046372D3739314545314133324237412F617474726962757465732E62696E504B0304140006080800CC70623B08DA0BD19000000041010000360000006662782F41393633353835312D344632462D344230382D4230
310
46372D3739314545314133324237412F6469726563746F72792E786D6C858F410AC3201045AF22B36F53E9A60B35CBEEBAE80D244E44489C6234F4F835464A48035D0DF398FF9F8AF63D0E6CC63039F212F8F9020C7D47C6792B21C5FE7403D62A1188E2E60C98D7234A5830286103A55745067B9D86B8A3CF9C7F90C11DE6
310
07FB144396D7B6A82D282E9A152AD114D5EF2CB866EEE831B8EEA07A7BB5A8D7D61A2BAAEB7FD5F70921FF497D00504B0304140006080800CC70623BEDD1DC58FD000000A00100003B0000006662782F41393633353835312D344632462D344230382D423046372D3739314545314133324237412F7265736F75726365732F
310
636F72652E786D6C8D504B6E833010BD0A9A6D65B00922041947112427E8052C33A156828DFCA97AFC9A40A576D7CDCCE87D344F8F9FBFE667F689CE6B6B3A6039850C8DB2A336530731DC4903D95970676DF82583CCC8193B5861107C72362E3BA4AC096842428D1D7107A5F7182053CF7474E0D507CE32973124857FE48B
310
540F3961CEF244279DE03EB81420DB9EAC1384436FA353E879B1B182C7A8C75DA3C7F453DF353A1075D537A7BA6464B8F535A99AE14A9A2BBD90E350DD183B5CFABE3AF262350B1EF4FC9351399401471025A527C218A1E53BAB5A5AB765F5469B96525EACF23FA6B88CFF34456DC2A1DCE36E360F82A5202F42F062ED2BAD
310
579969AFDD8A6F504B010214000A0000080000CC70623B3DEE336E79000000790000001B00000000000000000000000000000000006175746F6465736B2D64657369676E2D7061636B6167652E786D6C504B01021400140006080800CC70623BD486FD9CA0000000F40000001300000000000000000000000000B20000005B
310
436F6E74656E745F54797065735D2E786D6C504B01021400140006080800CC70623B853B8169EB0000007C010000080000000000000000000000000083010000636F72652E786D6C504B01021400140006080800CC70623B55019EA25F0000007C000000070000000000000000000000000094020000636E782E786D6C504B
310
01021400140006080800CC70623BDBABAAF470010000D40300000C00000000000000000000000000180300006662782F636F72652E786D6C504B01021400140006080800CC70623B9C113CC27E0000009D0000000B00000000000000000000000000B20400006662782F636E782E786D6C504B01021400140006080800CC70
310
623B7DF2F77C2A010000120200003100000000000000000000000000590500006662782F41393633353835312D344632462D344230382D423046372D3739314545314133324237412F636F72652E786D6C504B01021400140006080800CC70623BAD7543B64E010000330300003000000000000000000000000000D2060000
310
6662782F41393633353835312D344632462D344230382D423046372D3739314545314133324237412F636E782E786D6C504B01021400140006080800CC70623BE75B7789680500003C10000034000000000000000000000000006E0800006662782F41393633353835312D344632462D344230382D423046372D3739314545
310
314133324237412F6F626A656374732E786D6C504B01021400140006080000CC70623B0000000000000000000000003500000000000000000000000000280E00006662782F41393633353835312D344632462D344230382D423046372D3739314545314133324237412F76657274696365732E62696E504B01021400140006
310
080800CC70623BF270F133060000000400000036000000000000000000000000007B0E00006662782F41393633353835312D344632462D344230382D423046372D3739314545314133324237412F747269616E676C65732E62696E504B01021400140006080000CC70623B0000000000000000000000003700000000000000
310
000000000000D50E00006662782F41393633353835312D344632462D344230382D423046372D3739314545314133324237412F617474726962757465732E62696E504B01021400140006080800CC70623B08DA0BD1900000004101000036000000000000000000000000002A0F00006662782F41393633353835312D344632
310
462D344230382D423046372D3739314545314133324237412F6469726563746F72792E786D6C504B01021400140006080800CC70623BEDD1DC58FD000000A00100003B000000000000000000000000000E1000006662782F41393633353835312D344632462D344230382D423046372D3739314545314133324237412F7265
310
736F75726365732F636F72652E786D6C504B0506000000000E000E0080040000641100000000
  0
XRECORD
  5
1F8
102
{ACAD_REACTORS
330
1F7
102
}
330
1F7
100
AcDbXrecord
280
     1
 70
     1
 90
429727718
  1
30362254-06B7-45E0-A893-8CFA70E3D6BC
310
504B03040A0000080000CC70623B3DEE336E79000000790000001B0000006175746F6465736B2D64657369676E2D7061636B6167652E786D6C3C3F786D6C2076657273696F6E3D22312E302220656E636F64696E673D227574662D3822203F3E3C666F726D6174733E3C666F726D61743E687474703A2F2F736368656D612E
310
6175746F6465736B2E636F6D2F64657369676E2D7061636B6167652F323030393C2F666F726D61743E3C2F666F726D6174733E504B0304140006080800CC70623BD486FD9CA0000000F4000000130000005B436F6E74656E745F54797065735D2E786D6C7D8EC10E82300C865F65E91D8A1E8C310C0EEA1BF002731658846E
310
D98AC1B77784ABF1D8FE5FBFBF75BBCE937A534CCEB38643598122B6FEE978D0B0485F9C41B54DDD7D022595594E1A469170414C76A4D9A4D207E29CF43ECE46F218070CC6BECC4078ACAA135ACF422C856C0E68EA1BF5669944DDD7BCDE7B1F8E415D77AECB980613C2E4AC91FC167A2B244592486606FC29C8FD7F045B9A
310
EF7053A7E60B504B0304140006080800CC70623B1EC5D7A3EB0000007C01000008000000636F72652E786D6C8D90416EC3201045AF82665B6103C6756C6122AB4D4ED00B204C5C94182C03558F5F9C3852BBEB6A467FFE9B197D71FC9E6FE8CBACC17AD7032D0820E3B41FAD9B7A48F1820F808E52ACDEC75F36404ECDA687
310
4D0629A6D5A76597B477D1B89855E747B38B2A041301E95B6E7A08FAD3CCAA50296647B8168BD2573599823EBB0CA76447F43862C7BCCF5EAC59410E4DDD9C7973C2755553CCCFA4C603E3040F1565ED3B1FDE4E432BCA0D9622DAF9795FAF464533826484B498524CD807E51D79ED187F21878E10516EF63F505AC67F42C9
310
BA58B1FDDD071640D2FCC87D2045B96591CB3DA85CB7DCE40F504B0304140006080800CC70623B55019EA25F0000007C00000007000000636E782E786D6C4DCB3B0E80201045D1AD90E915ED2CF8AC45050C11660C8261F98AB1B07AC9C97D42D718D865D3E909258CFD00CCE24AC6E326A164D74DC0B4128928FF32603847
310
2BA13128B1252AC747C6BAB984FC68F0B87FE8960A5C09FE86CFB69FBA01504B0304140006080800CC70623B8C9102E971010000D40300000C0000006662782F636F72652E786D6CC5535B6E833010BC8AE5DF0A6C08340F1947A84D4ED00B38C6A128602363A31CBFCB234A53A551FA553EC09AD9F5CE8C31DB9E9B1AF5CA
310
7695D1198E428A91D2D214952E33ECDD315861B4E5CC1AE3BE9561A445A3323CC098B3D21ADFCE9034DA29ED00D5A6503328BA4E398C640D8B0C77F253352214DE4145770A5B214FA2546114020D759C75CE8200340D19DE981F0F6746269C33EFAB6266AB02A655C74A59CCF365BADC27CB5D902ED22848F6340DF238A141
310
BE88E2F57B92BFEDF23523433367AE6A2EEAA455C2A902F398D2751045018D3FA264435F3771F242571B4A1919CA6F9A7C5B3CD9E42BED16F12C776AEB308F40C848FC700B1139D4891EF410CEC810227CC6846F8386402064270EF5C5C709A05E49676C024C61FC95EA45ED154CA5211D1FF4FB8291A913A68E9B83EBBB33
310
E2A7673CDE118E5AE8124C0807CB8377834E366998436B950D7A7746DAD846D4CFD978E0F04FD455FC5D49D2D4C6FE9722321F10997F0F32DC47FE05504B0304140006080800CC70623BFFEA85907E0000009D0000000B0000006662782F636E782E786D6C4DCCD10A83201886E15B91FFDC95D95A811AB6F23E625948A6C3
310
E9D8E5AF46073BFAE0E1E365ED67B3E8ADC3CB78C7815C7240DA3DFC64DCC221C519D7805AC182F7F1EF06C88D9BE6703008B6049F9E274D7A1E938DBB5AE3D6131B2589BA0D3D965551E0B2EA732C9B9A624AAEB41E3A557677029960D9AFB4EF11165F504B0304140006080800CC70623B4FEEA4082C0100001202000031
310
0000006662782F39464131463745442D413632322D343644302D413938332D3331353338454246344243312F636F72652E786D6C8D515B6EC32010BC0AE2AB55850DD871ED0813254D72825EC00192A2C460F1A872FC42ED48ED5F7E00CDCECCCEB26C731F6FE05B39AFADE921293004CA082BB5B9F43086336A21D870E6AC
310
0D7F68109861543DCC30E4ECE26C9C164858139409093556AA051CBC570102714B8F1E7AF1A5C6A11862480C7F2DA6415C878B2A4891CA89C7990F2E050073937C42DE1DB7E4F87ED8A36D4329AA9B3D46DBAEAD504556557BD81DEBDD0761E52CE42C462D17B996298E3E6BE59E35C962CE821E1FF18553435012728A7187
310
0841987E927A8D9B35ADDF70BBC6989599FE4F1427F9A4286A132ABAC49D651EF234CD5CE04CDA78BA3DC2A8FB645D00B9DF8B57E215725C60BCA2A463E54C4CE327C7A65E1C7DB02E7DEFCBF594B864C5CA6CDBD49C957943E9FA5D5FBAF336F90F504B0304140006080800CC70623BAD7543B64E01000033030000300000
310
006662782F39464131463745442D413632322D343644302D413938332D3331353338454246344243312F636E782E786D6CD593CD6EC32010845F0571AD6CE3D48AD20813A9873E410FBD12D82434182C7EAAE6EDBB2424CD25871E7B41D6EC30B3FA84F9E67BB2E40B4234DE8DB46F1925E094D7C6ED479AD3AE5951B2113C
310
789FEE6C943839C1488B4C05DF079FE72A69D8C96C13AAD6B8631503449F83828872B949AC57D26200B826A308D316B4064D6E46FCDA41C05550DC9E483A00797BFD207EFB092A45DE9514C1BBD22178396BD39D891265658C238DEA00936C654E5E433CB65A26D9F6EDB5EBC14EBF49A45CB856E66048291F6939A9A81BB5
310
C8917738143CA680F4AA299D66A042CEB3354A2684DC9D8D178FE0D9B8B41CAAD720F880EE7EF93C0C18769E099ECC04D5A102C8049A8A05632F4DDF376CF1DE0F6BB65C2F8627B65A33C6BB62177CEBBDAD973006829F89F22E814B54F4BC2BE347F8AA8F681390B50FA73F804400B5F542E796F19FF974E7F78DB802FE05
310
E207504B0304140006080800CC70623B16AB87BA640500003C100000340000006662782F39464131463745442D413632322D343644302D413938332D3331353338454246344243312F6F626A656374732E786D6CAD575B6FA33818FD2B887DE6924B3BED8A326A92B68A663B534DD4D13E548A0C38942D60649B369D5FBFC7
310
600890A493BDE42160637FD7F31D7FF63E6FB3D478A55C242CBF3247B66B1A340F5994E4F19559CA8D75611A9F7D8F33263BCB4C232719BD32D5B4E97B316765A1A722BA21652A07B3B7B33F0D11D29C9A46981221AE4C113ED38CD8A4942CA2E2C58E882476BCD9DA23BB5ED8171B73523C0F841684D35CC252CCE79062D4
310
468DFA43D7747CCF51DF7D4FFDEB5593E3AB9CCA9FBEFE241792E4E19EB28198C968BAB8199F5D5A67D3E9C49A9E8F47D6EC76B6B0469F26EEFC7C3EBFBCBEB98462213924694B38DD98FE1D62C393D073EA4FADC5DAF04326852CCF6958F90F0F2B9BB5C48816348F90C7840A68EB78EDF68723159BCEE7891A6B95DDE9D3
310
BCEAEEE8086A6C6F9E5D4B59F0175C10A7A0820BAA5055C7473B5AE3CFDD452D602CD5DF12616444529E90D448938013FE6EFA58AA96F85E4F8C42275708571E98FE6827AF6B2B4AE3D7D83D64E5A64C53054DD3AF90BD06FEA9149565C94FCA0F6B834DC85599E4F2423B24DF0B6AFA979E534DFA9E7A4CC6FA631D486393
310
921829879BF5D781A373557BCB85E97FB90DB62B558F8795179C15944B051F40AB495CF35451D26A4727654E6D8033BD98EF82F21D91FF8AF2DD9982BCF1643BDD4EB516C9492E368C67C88DED563FC36D5EACF66DFF057C3658BDBFA69DF9578B3DA735B64F18C7F20770A9D45CFCF7FCF563D6456A277DBEF78A02637CA2
310
43B90A490AEAB94F72244481D24819A6C0E59B606BFA4B3025981DBB48EAB701D97BF19C577CC77F2D1B6C55A9EF3C732474C0B727303F625995056C3B02963D9EAC146BE78EC5FCEC7FA999EBC5EACBAAE41B12D27B4D2C0BBA49F244E2ECDC81B76B502F113D8F5EE8FB1BE3111CDD4FC2AA9B844CAB1288B68AB90A7CDC
310
1C166AB0D3DC5310625FCC14E779BFD0709F8890A629C9292B1B2DED31A4B0DA928CEE135085754027E3018A397D4D5427D15BD1330B677DC8934285AC3DF45A9EB68FF8F2B8FC0A509AFEECFD0FF2DE25CC6047F7214B195F07EFEB9A094D800F7BFAE8FED187B78EA8A3A400F115961BCAD1215E47C966530AF0EE8128FE
310
58CEBB996A8964FFA529A046635D9353B0336A8F700DDF46271A024E70B0B37C9DE01847591E54DED53D54202AB947E4076556AC49C6CA5C9E1226B7F1A7B1BE15DEED62C41B91E1B3E9AFAAA735036547343A925075041DF0A9979E893B391F8FCFA6967B3EFB644DCF6E5CEBFAE272625DCC6FAF3FB93793C5F90CE1EF57
310
407342756B10D1C489E8953CD1617E5CEECAD6F4EF8914CE5D5D504E5C3F1F9736DA62CFC11E00BCDDB8CC8A9466349744C1F75EBDA4DF09BA8A9E8C7A7E9991989E20E5DBDD6A6003664ED8F7A04A8DBE0DF6EAD9B9AA858342E47399053949D2C146EDB85DE4B176BB0965FBAC19BD19AA918E27FA50C1D22402E144464C
310
59462568E704B6E71915404CB72B8FF4EDE184DDAF753F284990D2C6926782963815403548A70C657FDEF80D2D9CEAA2AE4C1C76F60BFE74219A06527D6582DF6412526107381E55E353090704D085B52408D0933C4ED159D79BDA71BB4BC506F4831350EB6F979CD22D69BF7AC49B91A2C0A9DDA3D5CA36AD20FC478E37E6
310
1844E2352865EBCB6EA275A652E3836BE04EFB400BF1A2556F515F1FBB35B2AB35BD889C744FFA1004B5544B121E57F70215746DD2F5E2C1412B602CBF19455AC6C8E5E9922C4E01E65215385004546899059180EAFCF7A707CE7017CD8CDB0410789AB32C63B91E5CEBBBACB17AC6CD347A022D5075FD106377347AAABA7E
310
7D11590744509B44E205134DC1290F06580320F78E537D3D73540E06CB970B431F185308AD40BBD794D6D77003C5A36E8EAA54BA64597CD8F83BD552A080A365F7FF06504B0304140006080000CC70623B000000000000000000000000350000006662782F39464131463745442D413632322D343644302D413938332D3331
310
353338454246344243312F76657274696365732E62696E504B0304140006080800CC70623BF270F1330600000004000000360000006662782F39464131463745442D413632322D343644302D413938332D3331353338454246344243312F747269616E676C65732E62696E636660600000504B0304140006080000CC70623B
310
000000000000000000000000370000006662782F39464131463745442D413632322D343644302D413938332D3331353338454246344243312F617474726962757465732E62696E504B0304140006080800CC70623B08DA0BD19000000041010000360000006662782F39464131463745442D413632322D343644302D413938
310
332D3331353338454246344243312F6469726563746F72792E786D6C858F410AC3201045AF22B36F53E9A60B35CBEEBAE80D244E44489C6234F4F835464A48035D0DF398FF9F8AF63D0E6CC63039F212F8F9020C7D47C6792B21C5FE7403D62A1188E2E60C98D7234A5830286103A55745067B9D86B8A3CF9C7F90C11DE607
310
FB144396D7B6A82D282E9A152AD114D5EF2CB866EEE831B8EEA07A7BB5A8D7D61A2BAAEB7FD5F70921FF497D00504B0304140006080800CC70623B0D6EF93BFE000000A00100003B0000006662782F39464131463745442D413632322D343644302D413938332D3331353338454246344243312F7265736F75726365732F63
310
6F72652E786D6C8D50596E833010BD0A9ADFCA60B334011947A8694ED00B586642AC041B79A97AFC9A40A5F6AF3F33A3B7689E1E3F7DCD8FEC139DD7D6F4C0720A191A65476DA61E62B892236427C19DB5E1970C322367EC618541F0C9D9B8EC90B226A009093576C41D94DE63804C3DD2D18357379C652E63480A7FCF17A9
310
EE72C29CE5894E3AC17D702940B63D59270887DE46A7D0F36263058F518FBB468FE9A7BE6A7420864373B8D4873369AA8691FA421B3294352543C5CAF65C0F6FEF43CB8BD52C78D0F34F46E550061C419494B6843142CB0F5677F4B52BEB177AEC28E5C52AFF638ACBF84F53D42654E51E77B379102C05791282176B5F693D
310
CB4C7BED567C03504B010214000A0000080000CC70623B3DEE336E79000000790000001B00000000000000000000000000000000006175746F6465736B2D64657369676E2D7061636B6167652E786D6C504B01021400140006080800CC70623BD486FD9CA0000000F40000001300000000000000000000000000B20000005B
310
436F6E74656E745F54797065735D2E786D6C504B01021400140006080800CC70623B1EC5D7A3EB0000007C010000080000000000000000000000000083010000636F72652E786D6C504B01021400140006080800CC70623B55019EA25F0000007C000000070000000000000000000000000094020000636E782E786D6C504B
310
01021400140006080800CC70623B8C9102E971010000D40300000C00000000000000000000000000180300006662782F636F72652E786D6C504B01021400140006080800CC70623BFFEA85907E0000009D0000000B00000000000000000000000000B30400006662782F636E782E786D6C504B01021400140006080800CC70
310
623B4FEEA4082C0100001202000031000000000000000000000000005A0500006662782F39464131463745442D413632322D343644302D413938332D3331353338454246344243312F636F72652E786D6C504B01021400140006080800CC70623BAD7543B64E010000330300003000000000000000000000000000D5060000
310
6662782F39464131463745442D413632322D343644302D413938332D3331353338454246344243312F636E782E786D6C504B01021400140006080800CC70623B16AB87BA640500003C1000003400000000000000000000000000710800006662782F39464131463745442D413632322D343644302D413938332D3331353338
310
454246344243312F6F626A656374732E786D6C504B01021400140006080000CC70623B0000000000000000000000003500000000000000000000000000270E00006662782F39464131463745442D413632322D343644302D413938332D3331353338454246344243312F76657274696365732E62696E504B01021400140006
310
080800CC70623BF270F133060000000400000036000000000000000000000000007A0E00006662782F39464131463745442D413632322D343644302D413938332D3331353338454246344243312F747269616E676C65732E62696E504B01021400140006080000CC70623B0000000000000000000000003700000000000000
310
000000000000D40E00006662782F39464131463745442D413632322D343644302D413938332D3331353338454246344243312F617474726962757465732E62696E504B01021400140006080800CC70623B08DA0BD190000000410100003600000000000000000000000000290F00006662782F39464131463745442D413632
310
322D343644302D413938332D3331353338454246344243312F6469726563746F72792E786D6C504B01021400140006080800CC70623B0D6EF93BFE000000A00100003B000000000000000000000000000D1000006662782F39464131463745442D413632322D343644302D413938332D3331353338454246344243312F7265
310
736F75726365732F636F72652E786D6C504B0506000000000E000E0080040000641100000000
  0
XRECORD
  5
175
102
{ACAD_REACTORS
330
173
102
}
330
173
100
AcDbXrecord
280
     1
270
     1
271
     1
  0
XRECORD
  5
174
102
{ACAD_REACTORS
330
173
102
}
330
173
100
AcDbXrecord
280
     1
270
     1
271
     1
  0
XRECORD
  5
1FB
102
{ACAD_REACTORS
330
173
102
}
330
173
100
AcDbXrecord
280
     1
 70
     0
 90
1673772943
  1
ECE7A1D2-D628-4531-984C-D00F80459256
310
504B03040A0000080000CC70623B3DEE336E79000000790000001B0000006175746F6465736B2D64657369676E2D7061636B6167652E786D6C3C3F786D6C2076657273696F6E3D22312E302220656E636F64696E673D227574662D3822203F3E3C666F726D6174733E3C666F726D61743E687474703A2F2F736368656D612E
310
6175746F6465736B2E636F6D2F64657369676E2D7061636B6167652F323030393C2F666F726D61743E3C2F666F726D6174733E504B0304140006080800CC70623BD486FD9CA0000000F4000000130000005B436F6E74656E745F54797065735D2E786D6C7D8EC10E82300C865F65E91D8A1E8C310C0EEA1BF002731658846E
310
D98AC1B77784ABF1D8FE5FBFBF75BBCE937A534CCEB38643598122B6FEE978D0B0485F9C41B54DDD7D022595594E1A469170414C76A4D9A4D207E29CF43ECE46F218070CC6BECC4078ACAA135ACF422C856C0E68EA1BF5669944DDD7BCDE7B1F8E415D77AECB980613C2E4AC91FC167A2B244592486606FC29C8FD7F045B9A
310
EF7053A7E60B504B0304140006080800CC70623BD9DDAED0EC0000007C01000008000000636F72652E786D6C8D90416EC3201045AF82665B61836D9CD8C2444DD39CA01740405C94182C03558F5F9C3852BBEB6A467FFE9B197D7EF89E6EE8CB2CC17A37002D0820E394D7D68D03A478C17B4007C117EFE32F1B20272733C0
310
2A83E0E3E2D3BC49CABB685CCCAAF3DA6CA20CC14440EA969B0182FA34932C648AD911AEC52CD5558EA6A0CF2EC329598D1E47ACCEFBECC59A050463A7EA5833865FEBDD0E37353BE3EE8DBDE3F6786A48D375FBF6CC78B9C282473B3DEFABC5C86834888A900E538A49F5419B9EB47DD5BC907D4F082F57FB1F28CDFA9F50
310
B22ED6D5F6EE030B20687EE43E10BC5CB3C8E51E54AE6B6EE207504B0304140006080800CC70623B55019EA25F0000007C00000007000000636E782E786D6C4DCB3B0E80201045D1AD90E915ED2CF8AC45050C11660C8261F98AB1B07AC9C97D42D718D865D3E909258CFD00CCE24AC6E326A164D74DC0B4128928FF326038
310
472BA13128B1252AC747C6BAB984FC68F0B87FE8960A5C09FE86CFB69FBA01504B0304140006080800CC70623BA24EB22D72010000D40300000C0000006662782F636F72652E786D6CC5535B6E833010BC8AE5DF0A6C5E49888CA3A6694ED00B38E05014B091B1518EDFE511A5A9D228FD2A1F60CDEC7A67C6986DCE4D8D7A
310
69BA4AAB0C073EC548AA5C17952A33ECECD15B61B4E1CC686DBF9561A44423333CC098B3D268D7CE50AE9595CA02AA74216750749DB418E5352C32DCE59FB211BE70162ABA93DF8AFC244AE9073ED050C759670D0840D390E18DF9F1706664C23973AE2A66B62A605A75ACA4C13C4976E1364A12EF355A2EBD384AF65EFA96
310
BC7B8BED2EA6719AAE16FB8491A199335B351775B991C2CA02F390D2D40B028F861F41BCA68B7518BFD0D59A524686F29B26D7164F36B94AD9289CE54E6D1DE6010819891F6E21228B3AD1831EC219194284CF98F06DD01008846CC5A1BEF83801D4CBDC6A1303536877A57A513B0953A94FC707FDBE6064EA84A9E3E6E0FA
310
EE8CF0E9198F7784A316AA0413C2C2F2E0ECA0934D1AE6D05A69BCDE9E91D2A611F573361E38FC1375157F5752AE6B6DFE4B11990F88CCBF0719EE23FF02504B0304140006080800CC70623B408A7D3B7C0000009D0000000B0000006662782F636E782E786D6C4DCCD10A83201886E15B91FFDC552A92A0064DBC8F581632
310
D3703A76F9ABD1C18E3E78F878E5F0D9027ABBFCF2292AE86E2D20171F69F6715550CB827B40839639A5F2770314A7CD293819B45C73AAFB45B35BA61ACAA1C1C7E7855C58C15BC331339661262CC762340413D68D77DA5B42298546CBE6573AF60CEB2F504B0304140006080800CC70623B449FB9BD290100001202000031
310
0000006662782F36394639363044362D344446342D343946362D394244322D3234314243333846323333332F636F72652E786D6C8D515B6EC32010BC0AE22B55850D98B871848994463E412FE002495162B07854397EA176A4F62F3F2C9A9D991D587EB84F37F0AD7D30CEF6905418026DA553C65E7A98E219ED203808EE9D
310
8B7F6810D871D23D2C3014FCE25D9A57483A1BB58D19B54EE9151C43D0110279CB971E06F9A5A7B11A53CC8C70ADE6515EC78BAE4895DB992778883E0700CB907242D17643D7E2538BD869608875438BBAE38922CAC8F1BDD90DB4691A5E2F42C153326A951B95E398B3D1FE599322163C9AE9115F7A3D46ADA0A018778810
310
84E907617BDCEE297BC5BB3DC6BC2EF47FA234AB2745C9D8D8D035EE220B50105E2F0DC1954B9FB747187D9F9D8FA0CCDB042D5FA0C015C65B42DF78BD10F3F3B363CB56C7109DCFDFBBB97E662ED92EB62D13BC2E1BCAE5777DB9966D8A1F504B0304140006080800CC70623BAD7543B64E01000033030000300000006662
310
782F36394639363044362D344446342D343946362D394244322D3234314243333846323333332F636E782E786D6CD593CD6EC32010845F0571AD6CE3D48AD20813A9873E410FBD12D82434182C7EAAE6EDBB2424CD25871E7B41D6EC30B3FA84F9E67BB2E40B4234DE8DB46F1925E094D7C6ED479AD3AE5951B2113C789FEE
310
6C943839C1488B4C05DF079FE72A69D8C96C13AAD6B8631503449F83828872B949AC57D26200B826A308D316B4064D6E46FCDA41C05550DC9E483A00797BFD207EFB092A45DE9514C1BBD22178396BD39D891265658C238DEA00936C654E5E433CB65A26D9F6EDB5EBC14EBF49A45CB856E66048291F6939A9A81BB5C89177
310
38143CA680F4AA299D66A042CEB3354A2684DC9D8D178FE0D9B8B41CAAD720F880EE7EF93C0C18769E099ECC04D5A102C8049A8A05632F4DDF376CF1DE0F6BB65C2F8627B65A33C6BB62177CEBBDAD973006829F89F22E814B54F4BC2BE347F8AA8F681390B50FA73F804400B5F542E796F19FF974E7F78DB802FE05E20750
310
4B0304140006080800CC70623B8D05915C650500003B100000340000006662782F36394639363044362D344446342D343946362D394244322D3234314243333846323333332F6F626A656374732E786D6CAD575B6FA33814FE2B887D06429276DA1565D4266D158D3A339A6846FB502932E050B66023DB74D2FDF5FB190C01
310
9276B2973C046C8ECFF53B17071F77456EBD502133CEAE6CDF9DD81665314F32965ED995DA3A17B6F5310C04E7AA47665B8C14F4CAD6DB7618A48257A5D94AE89654B91AEDDEDDFC61C998326A5B714EA4BCB265FC440BE2924AF184CA6737218AB8E976E7FA6E4338649B0A523E8D98964450A6A029F619B8588D52FE7039
310
B1BD30F0F4F730D0FF866AF6369557DB33949F31A9088B0F848DD8CCFCF9F2767A76E99CCDE733677E3EF59D9BBB9BA5E37F984D16E78BC5E5F5ED25044B25C0C96822E8D60EEFE11B91C581D77CEA34368A1F5329E68CD1B8B61F16D63A1B8E092D294B10C78C4A48EB593D192E7DED9BDEE7995E1B91FDEDD3ACEA9FE831
310
6A756F9F7D4D79F4274C90A7A04248AA51D5F8C718DAE06FB2F75AC4796EBE65D22A88A22223B995679120E2D50E41AA49C260C046A35368846B0BECD0DFF3EBEB8AD4F835768F69B9ADF25C43D30E6B646F807FAA64AD59F61715C7A54127C4AACA98BA3006A9D792DAE165E0D59B61A01FB3A9F9D838D2DAE62445C86166
310
F37564E842E7DE6A69879FEEA2DD5AE7E371E1A5E025154AC307D06A03D73EB5978C58FFA4C8E9033066E0F3BD53BEC1F39F91BE7B55103791EDE6BBB991A2046172CB4581D8B893FA674DDA17A77B3B7C413D1B511FD2743BFF8A38F03A658705E3ADF8015C3A3417FF3D7E439FF591DA0B5F18BC20C1B8981957AE6392A3
310
F43C640C01D1A0B4728E2DD4F26DB4B3C3152A252A3B4E913CEC1C72F012782FF88EFF8637AA552DBEF76408E8A8DE9E50F9E1CB3A2DA0DB1B6039A893B56063DC5B3E3FFB5F72E67AB9FEB4AEC496C4F4C1149625DD662C53E89D7BF0F6151A046260D1337DFDC94502430F83B0EE07A130A224BCAD7DAE1D9FB6CD422FF6
310
920702629C4BB9AE79C12F243C6432A6794E18E5552BA56B431AAB5D91317302B2B071E86C3A42B1A02F999E24061403B5D0EB639195DA655DD3EBEAB4FB862DDF579F014AD0E73C22F99E28DA57FB98E75C6CA2D74D53086D600F4786E0FE3144B771A8A7B900F03594DB8A633CBC49B2EDB69228BB479CF863B5E807AAAB
310
23872F6DFEB4129B949CA33823F58830E86D65621E10047D9DB34D862E8EAC3C2ABC2F7B2C40D67CDFE01F5545B92105AF983AC54D93D69E56FB8E797F88913F898A9FEC705D3F9D1B54EC8426FB500D40A03BD0119B06E1B95DDC7EB8F6975367793EBD70E66733DFB9BC982F9CE564727731999F5D4ECFCE3B8D6A4DC2A0
310
6D50FD148437D110834A64C6CDDF57FBACB5C307A2A477DFE4939736CFEF2B175371E0E10CF0DD1D5C15654E0BCA14D1E87DD02FF93782A162C0A3D95F1524A52770F972BF1EE9809D13CE7DD599467F8ECE9ADD85CE85A34CD45355448C64F9E8A031DC2D596ACC6E5DD93D9B82DE2EF5CAF81363A8E47996A0DE24564A79
310
4115AACE09C55E14540231FDA13C319787134EBF34E3A022514E5B4D9E0826E25C02D5805B15ABE1BEF51B26383D445DD9E875EE33FE4C22DA16427D65A3BCA92CA6D28DD01DF5DC53330704308475351050232CCD31583787BA75774AFB06E5070DD0C8EF484E19968C5D83BA5B90B244D31E54D55A372320FE4786B7EA58
310
44E135AA5467CB7EA333A61683CC6A8C3257034C10CF46F40EF9F5BE59BE5BD30C3C72D235E95D10345C1D45445A5F0BB47E46A5EBE5570F9380B5FA629579952296A773720405982B9DE04011506178964401AA8BDF1FBF0A8EAB6861DD6580C0E38217056766716DAEB2D6FA0917D3E4116581EADB879C4E7CFFB11EFACD
310
3D641311495D92C8676CB409A72D18610D803CE8A626049E8EC1887CB5B44CC39883690DDA8399B4B9855B481E7D71D4A9D22F96E5BB73BF5793020C02137BF837504B0304140006080000CC70623B000000000000000000000000350000006662782F36394639363044362D344446342D343946362D394244322D32343142
310
43333846323333332F76657274696365732E62696E504B0304140006080800CC70623BF270F1330600000004000000360000006662782F36394639363044362D344446342D343946362D394244322D3234314243333846323333332F747269616E676C65732E62696E636660600000504B0304140006080000CC70623B0000
310
00000000000000000000370000006662782F36394639363044362D344446342D343946362D394244322D3234314243333846323333332F617474726962757465732E62696E504B0304140006080800CC70623B08DA0BD19000000041010000360000006662782F36394639363044362D344446342D343946362D394244322D
310
3234314243333846323333332F6469726563746F72792E786D6C858F410AC3201045AF22B36F53E9A60B35CBEEBAE80D244E44489C6234F4F835464A48035D0DF398FF9F8AF63D0E6CC63039F212F8F9020C7D47C6792B21C5FE7403D62A1188E2E60C98D7234A5830286103A55745067B9D86B8A3CF9C7F90C11DE607FB14
310
4396D7B6A82D282E9A152AD114D5EF2CB866EEE831B8EEA07A7BB5A8D7D61A2BAAEB7FD5F70921FF497D00504B0304140006080800CC70623BCA768048FE000000A00100003B0000006662782F36394639363044362D344446342D343946362D394244322D3234314243333846323333332F7265736F75726365732F636F72
310
652E786D6C8D50596E833010BD0A9ADFCA60D600328E9AA639412F609909B1126CE4A5EAF16B0295DABFFECC8CDEA2797AECF8353F924FB44E193D409E5248504B332A3D0D10FC95B4901C39B3C6F85F3248B49871801506CE266BC2B243D2688FDA47549B11775038871E12F988C7004EDE7016A9083E2ADC3D5D84BC8B09
310
D33C8D74D471E6BC8D0192EDC93A815B742658898E651BCB59086ADC356A8C3FD555A1055ED7E7E254D615792D0F075295F585746FF53B694EE78A565DD736979A65AB9933AFE69F8CD2A2F038022F28ED489E135A7CE4554F9BBEA85E68DB53CAB255FEC71496F19FA6A0B42F8B3DEE6673C0F318E4497096AD7DC5F52C33
310
EEB55BFE0D504B010214000A0000080000CC70623B3DEE336E79000000790000001B00000000000000000000000000000000006175746F6465736B2D64657369676E2D7061636B6167652E786D6C504B01021400140006080800CC70623BD486FD9CA0000000F40000001300000000000000000000000000B20000005B436F
310
6E74656E745F54797065735D2E786D6C504B01021400140006080800CC70623BD9DDAED0EC0000007C010000080000000000000000000000000083010000636F72652E786D6C504B01021400140006080800CC70623B55019EA25F0000007C000000070000000000000000000000000095020000636E782E786D6C504B0102
310
1400140006080800CC70623BA24EB22D72010000D40300000C00000000000000000000000000190300006662782F636F72652E786D6C504B01021400140006080800CC70623B408A7D3B7C0000009D0000000B00000000000000000000000000B50400006662782F636E782E786D6C504B01021400140006080800CC70623B
310
449FB9BD290100001202000031000000000000000000000000005A0500006662782F36394639363044362D344446342D343946362D394244322D3234314243333846323333332F636F72652E786D6C504B01021400140006080800CC70623BAD7543B64E010000330300003000000000000000000000000000D20600006662
310
782F36394639363044362D344446342D343946362D394244322D3234314243333846323333332F636E782E786D6C504B01021400140006080800CC70623B8D05915C650500003B10000034000000000000000000000000006E0800006662782F36394639363044362D344446342D343946362D394244322D32343142433338
310
46323333332F6F626A656374732E786D6C504B01021400140006080000CC70623B0000000000000000000000003500000000000000000000000000250E00006662782F36394639363044362D344446342D343946362D394244322D3234314243333846323333332F76657274696365732E62696E504B010214001400060808
310
00CC70623BF270F13306000000040000003600000000000000000000000000780E00006662782F36394639363044362D344446342D343946362D394244322D3234314243333846323333332F747269616E676C65732E62696E504B01021400140006080000CC70623B00000000000000000000000037000000000000000000
310
00000000D20E00006662782F36394639363044362D344446342D343946362D394244322D3234314243333846323333332F617474726962757465732E62696E504B01021400140006080800CC70623B08DA0BD190000000410100003600000000000000000000000000270F00006662782F36394639363044362D344446342D
310
343946362D394244322D3234314243333846323333332F6469726563746F72792E786D6C504B01021400140006080800CC70623BCA768048FE000000A00100003B000000000000000000000000000B1000006662782F36394639363044362D344446342D343946362D394244322D3234314243333846323333332F7265736F
310
75726365732F636F72652E786D6C504B0506000000000E000E0080040000621100000000
  0
XRECORD
  5
176
102
{ACAD_REACTORS
330
173
102
}
330
173
100
AcDbXrecord
280
     1
270
     1
271
     1
  0
XRECORD
  5
177
102
{ACAD_REACTORS
330
173
102
}
330
173
100
AcDbXrecord
280
     1
270
     1
271
     1
  0
XRECORD
  5
2346
102
{ACAD_REACTORS
330
2345
102
}
330
2345
100
AcDbXrecord
280
     1
102
DISPLAYNAME
  1
Imperial24
102
FLAGS
 90
        0
  0
XRECORD
  5
2342
102
{ACAD_REACTORS
330
2341
102
}
330
2341
100
AcDbXrecord
280
     1
102
DISPLAYNAME
  1
Metric50
102
FLAGS
 90
        0
  0
CELLSTYLEMAP
  5
2337
102
{ACAD_REACTORS
330
162
102
}
330
162
100
AcDbCellStyleMap
 90
        3
300
CELLSTYLE
  1
TABLEFORMAT_BEGIN
 90
        5
170
     1
 91
        0
 92
    32768
 62
   257
 93
        1
300
CONTENTFORMAT
  1
CONTENTFORMAT_BEGIN
 90
        0
 91
        0
 92
      512
 93
        0
300

 40
0.0
140
1.0
 94
        5
 62
     0
340
11
144
6.0
309
CONTENTFORMAT_END
171
     1
301
MARGIN
  1
CELLMARGIN_BEGIN
 40
1.5
 40
1.5
 40
1.5
 40
1.5
 40
0.18
 40
0.18
309
CELLMARGIN_END
 94
        6
 95
        1
302
GRIDFORMAT
  1
GRIDFORMAT_BEGIN
 90
        0
 91
        1
 62
     0
 92
       -2
340
14
 93
        0
 40
1.125
309
GRIDFORMAT_END
 95
        2
302
GRIDFORMAT
  1
GRIDFORMAT_BEGIN
 90
        0
 91
        1
 62
     0
 92
       -2
340
14
 93
        0
 40
1.125
309
GRIDFORMAT_END
 95
        4
302
GRIDFORMAT
  1
GRIDFORMAT_BEGIN
 90
        0
 91
        1
 62
     0
 92
       -2
340
14
 93
        0
 40
1.125
309
GRIDFORMAT_END
 95
        8
302
GRIDFORMAT
  1
GRIDFORMAT_BEGIN
 90
        0
 91
        1
 62
     0
 92
       -2
340
14
 93
        0
 40
1.125
309
GRIDFORMAT_END
 95
       16
302
GRIDFORMAT
  1
GRIDFORMAT_BEGIN
 90
        0
 91
        1
 62
     0
 92
       -2
340
14
 93
        0
 40
1.125
309
GRIDFORMAT_END
 95
       32
302
GRIDFORMAT
  1
GRIDFORMAT_BEGIN
 90
        0
 91
        1
 62
     0
 92
       -2
340
14
 93
        0
 40
1.125
309
GRIDFORMAT_END
309
TABLEFORMAT_END
  1
CELLSTYLE_BEGIN
 90
        1
 91
        1
300
_TITLE
309
CELLSTYLE_END
300
CELLSTYLE
  1
TABLEFORMAT_BEGIN
 90
        5
170
     1
 91
        0
 92
        0
 62
   257
 93
        1
300
CONTENTFORMAT
  1
CONTENTFORMAT_BEGIN
 90
        0
 91
        0
 92
      512
 93
        0
300

 40
0.0
140
1.0
 94
        5
 62
     0
340
11
144
4.5
309
CONTENTFORMAT_END
171
     1
301
MARGIN
  1
CELLMARGIN_BEGIN
 40
1.5
 40
1.5
 40
1.5
 40
1.5
 40
0.18
 40
0.18
309
CELLMARGIN_END
 94
        6
 95
        1
302
GRIDFORMAT
  1
GRIDFORMAT_BEGIN
 90
        0
 91
        1
 62
     0
 92
       -2
340
14
 93
        0
 40
1.125
309
GRIDFORMAT_END
 95
        2
302
GRIDFORMAT
  1
GRIDFORMAT_BEGIN
 90
        0
 91
        1
 62
     0
 92
       -2
340
14
 93
        0
 40
1.125
309
GRIDFORMAT_END
 95
        4
302
GRIDFORMAT
  1
GRIDFORMAT_BEGIN
 90
        0
 91
        1
 62
     0
 92
       -2
340
14
 93
        0
 40
1.125
309
GRIDFORMAT_END
 95
        8
302
GRIDFORMAT
  1
GRIDFORMAT_BEGIN
 90
        0
 91
        1
 62
     0
 92
       -2
340
14
 93
        0
 40
1.125
309
GRIDFORMAT_END
 95
       16
302
GRIDFORMAT
  1
GRIDFORMAT_BEGIN
 90
        0
 91
        1
 62
     0
 92
       -2
340
14
 93
        0
 40
1.125
309
GRIDFORMAT_END
 95
       32
302
GRIDFORMAT
  1
GRIDFORMAT_BEGIN
 90
        0
 91
        1
 62
     0
 92
       -2
340
14
 93
        0
 40
1.125
309
GRIDFORMAT_END
309
TABLEFORMAT_END
  1
CELLSTYLE_BEGIN
 90
        2
 91
        1
300
_HEADER
309
CELLSTYLE_END
300
CELLSTYLE
  1
TABLEFORMAT_BEGIN
 90
        5
170
     1
 91
        0
 92
        0
 62
   257
 93
        1
300
CONTENTFORMAT
  1
CONTENTFORMAT_BEGIN
 90
        0
 91
        0
 92
      512
 93
        0
300

 40
0.0
140
1.0
 94
        2
 62
     0
340
11
144
4.5
309
CONTENTFORMAT_END
171
     1
301
MARGIN
  1
CELLMARGIN_BEGIN
 40
1.5
 40
1.5
 40
1.5
 40
1.5
 40
0.18
 40
0.18
309
CELLMARGIN_END
 94
        6
 95
        1
302
GRIDFORMAT
  1
GRIDFORMAT_BEGIN
 90
        0
 91
        1
 62
     0
 92
       -2
340
14
 93
        0
 40
1.125
309
GRIDFORMAT_END
 95
        2
302
GRIDFORMAT
  1
GRIDFORMAT_BEGIN
 90
        0
 91
        1
 62
     0
 92
       -2
340
14
 93
        0
 40
1.125
309
GRIDFORMAT_END
 95
        4
302
GRIDFORMAT
  1
GRIDFORMAT_BEGIN
 90
        0
 91
        1
 62
     0
 92
       -2
340
14
 93
        0
 40
1.125
309
GRIDFORMAT_END
 95
        8
302
GRIDFORMAT
  1
GRIDFORMAT_BEGIN
 90
        0
 91
        1
 62
     0
 92
       -2
340
14
 93
        0
 40
1.125
309
GRIDFORMAT_END
 95
       16
302
GRIDFORMAT
  1
GRIDFORMAT_BEGIN
 90
        0
 91
        1
 62
     0
 92
       -2
340
14
 93
        0
 40
1.125
309
GRIDFORMAT_END
 95
       32
302
GRIDFORMAT
  1
GRIDFORMAT_BEGIN
 90
        0
 91
        1
 62
     0
 92
       -2
340
14
 93
        0
 40
1.125
309
GRIDFORMAT_END
309
TABLEFORMAT_END
  1
CELLSTYLE_BEGIN
 90
        3
 91
        2
300
_DATA
309
CELLSTYLE_END
  0
ENDSEC
  0
SECTION
  2
ACDSDATA
 70
     2
 71
     8
  0
ACDSSCHEMA
 90
        0
  1
AcDb_Thumbnail_Schema
  2
AcDbDs::ID
280
    10
 91
        8
  2
Thumbnail_Data
280
    15
 91
        0
101
ACDSRECORD
 95
        0
 90
        1
  2
AcDbDs::TreatedAsObjectData
280
     1
291
     1
101
ACDSRECORD
 95
        0
 90
        2
  2
AcDbDs::Legacy
280
     1
291
     1
101
ACDSRECORD
  1
AcDbDs::ID
 90
        3
  2
AcDs:Indexable
280
     1
291
     1
101
ACDSRECORD
  1
AcDbDs::ID
 90
        4
  2
AcDbDs::HandleAttribute
280
     7
282
     1
  0
ACDSSCHEMA
 90
        1
  1
AcDbDs::TreatedAsObjectDataSchema
  2
AcDbDs::TreatedAsObjectData
280
     1
 91
        0
  0
ACDSSCHEMA
 90
        2
  1
AcDbDs::LegacySchema
  2
AcDbDs::Legacy
280
     1
 91
        0
  0
ACDSSCHEMA
 90
        3
  1
AcDbDs::IndexedPropertySchema
  2
AcDs:Indexable
280
     1
 91
        0
  0
ACDSSCHEMA
 90
        4
  1
AcDbDs::HandleAttributeSchema
  2
AcDbDs::HandleAttribute
280
     7
 91
        1
284
     1
  0
ACDSRECORD
 90
        0
  2
AcDbDs::ID
280
    10
320
22
  2
Thumbnail_Data
280
    15
 94
     1036
310
89504E470D0A1A0A0000000D49484452000001000000006A080300000064B47FDC00000300504C5445212830FFFFFF2128300000000000000000000000000000000000000000000000000000330000660000990000CC0000FF0033000033330033660033990033CC0033FF0066000066330066660066990066CC0066FF0099
310
000099330099660099990099CC0099FF00CC0000CC3300CC6600CC9900CCCC00CCFF00FF0000FF3300FF6600FF9900FFCC00FFFF3300003300333300663300993300CC3300FF3333003333333333663333993333CC3333FF3366003366333366663366993366CC3366FF3399003399333399663399993399CC3399FF33CC00
310
33CC3333CC6633CC9933CCCC33CCFF33FF0033FF3333FF6633FF9933FFCC33FFFF6600006600336600666600996600CC6600FF6633006633336633666633996633CC6633FF6666006666336666666666996666CC6666FF6699006699336699666699996699CC6699FF66CC0066CC3366CC6666CC9966CCCC66CCFF66FF0066
310
FF3366FF6666FF9966FFCC66FFFF9900009900339900669900999900CC9900FF9933009933339933669933999933CC9933FF9966009966339966669966999966CC9966FF9999009999339999669999999999CC9999FF99CC0099CC3399CC6699CC9999CCCC99CCFF99FF0099FF3399FF6699FF9999FFCC99FFFFCC0000CC00
310
33CC0066CC0099CC00CCCC00FFCC3300CC3333CC3366CC3399CC33CCCC33FFCC6600CC6633CC6666CC6699CC66CCCC66FFCC9900CC9933CC9966CC9999CC99CCCC99FFCCCC00CCCC33CCCC66CCCC99CCCCCCCCCCFFCCFF00CCFF33CCFF66CCFF99CCFFCCCCFFFFFF0000FF0033FF0066FF0099FF00CCFF00FFFF3300FF3333
310
FF3366FF3399FF33CCFF33FFFF6600FF6633FF6666FF6699FF66CCFF66FFFF9900FF9933FF9966FF9999FF99CCFF99FFFFCC00FFCC33FFCC66FFCC99FFCCCCFFCCFFFFFF00FFFF33FFFF66FFFF99FFFFCCFFFFFF0000000D0D0D1A1A1A2828283535354343435050505D5D5D6B6B6B787878868686939393A1A1A1AEAEAEBB
310
BBBBC9C9C9D6D6D6E4E4E4F1F1F1FFFFFF0000000000000000000000000000000000000000000000000000000000002E4550F1000000C74944415478DAEDD6410EC2201005D0B901F7BFCC6C3C137BB540A34935716532BC17759876C59742230000000000000000000000801FDD1E04B07B005B67B002183F8F3E368BE376
310
69CB001C08ECA61F9FF5ED17A3352C3AFFC32CFD4B577A059CFFF61CAD1279AE80C20164B6E70C5B667F5DF0FDB8956398B14B0063CAB3E40A60D6B28FC008E059AE03C88CCA01B4CB00E27D05547E045A3BF6BCD6DAE74D30EB6E82E3A08B75DCBDF4AB5D974A2730DF07DEBAF35A947E0D00000000000000000000F8B33B
310
DCFD07ADBDB587C20000000049454E44AE426082
  0
ENDSEC
  0
EOF
